,date,bnb_open,bnb_close
0,2017-07-25,0.115203,0.10587
1,2017-07-26,0.105893,0.105138
2,2017-07-27,0.105108,0.107737
3,2017-07-28,0.107632,0.104067
4,2017-07-29,0.104782,0.107811
5,2017-07-30,0.107935,0.106414
6,2017-07-31,0.106828,0.10425
7,2017-08-01,0.104595,0.099867
8,2017-08-02,0.099721,0.100452
9,2017-08-03,0.100328,0.106642
10,2017-08-04,0.106685,0.107494
11,2017-08-05,0.107418,0.128871
12,2017-08-06,0.129293,0.130999
13,2017-08-07,0.133958,0.148848
14,2017-08-08,0.148998,0.224421
15,2017-08-09,0.224748,0.242912
16,2017-08-10,0.251827,0.349079
17,2017-08-11,0.348785,0.392572
18,2017-08-12,0.392193,0.446365
19,2017-08-13,0.44599,0.876828
20,2017-08-14,0.872918,1.29557
21,2017-08-15,1.32709,1.05655
22,2017-08-16,1.11969,1.43724
23,2017-08-17,1.43697,1.96715
24,2017-08-18,1.92519,2.384
25,2017-08-19,2.3344,2.09337
26,2017-08-20,2.10821,2.50258
27,2017-08-21,2.43075,2.70111
28,2017-08-22,2.72445,2.48527
29,2017-08-23,2.47397,2.58043
30,2017-08-24,2.62736,2.37932
31,2017-08-25,2.39057,2.49687
32,2017-08-26,2.53038,2.16936
33,2017-08-27,2.17997,2.00519
34,2017-08-28,2.02149,2.0429
35,2017-08-29,2.10625,2.32758
36,2017-08-30,2.28194,2.35005
37,2017-08-31,2.32823,2.20379
38,2017-09-01,2.20169,2.38417
39,2017-09-02,2.5,1.99268
40,2017-09-03,1.92548,1.5758
41,2017-09-04,1.57665,1.04957
42,2017-09-05,1.03251,0.973716
43,2017-09-06,0.990521,1.08614
44,2017-09-07,1.03434,1.36622
45,2017-09-08,1.39804,1.00683
46,2017-09-09,1.0092,0.989301
47,2017-09-10,0.982078,0.942159
48,2017-09-11,0.949186,1.02581
49,2017-09-12,1.03348,1.03568
50,2017-09-13,1.0429,0.937204
51,2017-09-14,0.93787,0.678784
52,2017-09-15,0.683305,0.799709
53,2017-09-16,0.808056,0.804198
54,2017-09-17,0.803423,0.789589
55,2017-09-18,0.789565,0.909202
56,2017-09-19,0.907398,0.802425
57,2017-09-20,0.815032,0.74789
58,2017-09-21,0.764013,0.70214
59,2017-09-22,0.698871,0.715893
60,2017-09-23,0.717196,0.770965
61,2017-09-24,0.775804,0.783268
62,2017-09-25,0.784244,0.917059
63,2017-09-26,0.918922,0.860747
64,2017-09-27,0.855698,1.14366
65,2017-09-28,1.14843,1.37788
66,2017-09-29,1.36698,1.26624
67,2017-09-30,1.27,1.28358
68,2017-10-01,1.28418,1.52653
69,2017-10-02,1.52662,1.96467
70,2017-10-03,1.96783,1.8207
71,2017-10-04,1.8515,1.60148
72,2017-10-05,1.63499,1.67849
73,2017-10-06,1.67731,1.57991
74,2017-10-07,1.60526,1.58425
75,2017-10-08,1.57618,1.21723
76,2017-10-09,1.20771,1.40378
77,2017-10-10,1.43107,1.39336
78,2017-10-11,1.39944,1.43373
79,2017-10-12,1.42996,1.34376
80,2017-10-13,1.33651,1.43548
81,2017-10-14,1.46932,1.53819
82,2017-10-15,1.49513,1.55844
83,2017-10-16,1.55599,1.4407
84,2017-10-17,1.43768,1.38995
85,2017-10-18,1.39351,1.32756
86,2017-10-19,1.32868,1.28461
87,2017-10-20,1.28326,1.24192
88,2017-10-21,1.23735,1.25405
89,2017-10-22,1.2553,1.21377
90,2017-10-23,1.23136,1.18373
91,2017-10-24,1.17693,1.24843
92,2017-10-25,1.24341,1.25278
93,2017-10-26,1.26097,1.2086
94,2017-10-27,1.20875,1.17418
95,2017-10-28,1.18092,1.15257
96,2017-10-29,1.17837,1.24123
97,2017-10-30,1.23336,1.31227
98,2017-10-31,1.33595,1.31289
99,2017-11-01,1.33516,1.26154
100,2017-11-02,1.26025,1.29963
101,2017-11-03,1.29456,1.45922
102,2017-11-04,1.45598,1.6372
103,2017-11-05,1.63719,1.52166
104,2017-11-06,1.52879,1.56979
105,2017-11-07,1.56909,1.80644
106,2017-11-08,1.79907,2.03102
107,2017-11-09,2.05314,1.99077
108,2017-11-10,2.00773,1.79684
109,2017-11-11,1.78628,1.67047
110,2017-11-12,1.66889,1.51969
111,2017-11-13,1.52601,1.68662
112,2017-11-14,1.68928,1.59258
113,2017-11-15,1.58777,1.53045
114,2017-11-16,1.55619,1.57792
115,2017-11-17,1.58005,1.51036
116,2017-11-18,1.51136,1.67433
117,2017-11-19,1.67336,1.61377
118,2017-11-20,1.62559,1.62445
119,2017-11-21,1.65817,1.57406
120,2017-11-22,1.59049,1.61175
121,2017-11-23,1.6106,1.5487
122,2017-11-24,1.56953,1.71771
123,2017-11-25,1.71697,1.87387
124,2017-11-26,1.89474,1.85313
125,2017-11-27,1.87083,1.94298
126,2017-11-28,1.95885,1.91711
127,2017-11-29,1.92434,1.75153
128,2017-11-30,1.76144,1.99697
129,2017-12-01,1.99695,2.07023
130,2017-12-02,2.07706,2.08416
131,2017-12-03,2.08541,2.22725
132,2017-12-04,2.25809,2.49168
133,2017-12-05,2.50181,2.5953
134,2017-12-06,2.58043,2.58769
135,2017-12-07,2.5494,2.77995
136,2017-12-08,2.7661,2.83067
137,2017-12-09,2.82602,2.61043
138,2017-12-10,2.66134,2.48337
139,2017-12-11,2.51302,2.70665
140,2017-12-12,2.72645,2.68475
141,2017-12-13,2.68708,2.7781
142,2017-12-14,2.77344,3.15874
143,2017-12-15,3.1567,3.99615
144,2017-12-16,4.16847,4.66465
145,2017-12-17,4.66934,5.75672
146,2017-12-18,5.7924,5.61585
147,2017-12-19,5.647,5.79233
148,2017-12-20,5.78863,5.17621
149,2017-12-21,5.18491,5.18001
150,2017-12-22,5.20546,4.33615
151,2017-12-23,4.39496,4.83926
152,2017-12-24,4.74184,5.28568
153,2017-12-25,5.30858,6.56001
154,2017-12-26,6.55928,9.02942
155,2017-12-27,9.25426,10.107
156,2017-12-28,10.1263,9.32141
157,2017-12-29,9.31862,8.8076
158,2017-12-30,8.71377,7.84101
159,2017-12-31,7.76331,8.63558
160,2018-01-01,8.62953,8.41461
161,2018-01-02,8.4577,8.83777
162,2018-01-03,8.77014,9.53588
163,2018-01-04,9.44584,9.21399
164,2018-01-05,9.14568,14.9172
165,2018-01-06,14.8689,22.7598
166,2018-01-07,22.7691,18.656799
167,2018-01-08,18.6465,18.2609
168,2018-01-09,18.174,17.4118
169,2018-01-10,17.707899,17.3908
170,2018-01-11,17.566601,21.0427
171,2018-01-12,21.4758,22.316299
172,2018-01-13,22.345301,22.1744
173,2018-01-14,22.2535,20.7773
174,2018-01-15,20.8004,19.564699
175,2018-01-16,19.634001,13.8919
176,2018-01-17,13.623,14.2032
177,2018-01-18,14.2506,14.2804
178,2018-01-19,14.3106,14.9406
179,2018-01-20,15.0342,16.1903
180,2018-01-21,16.248899,14.0683
181,2018-01-22,14.1987,13.0146
182,2018-01-23,13.0015,13.0935
183,2018-01-24,13.1906,13.6287
184,2018-01-25,13.7605,13.2284
185,2018-01-26,13.2109,13.2182
186,2018-01-27,13.2332,13.253
187,2018-01-28,13.3017,13.5402
188,2018-01-29,13.5454,12.7645
189,2018-01-30,12.7736,11.2507
190,2018-01-31,11.2683,11.145
191,2018-02-01,11.1783,9.51584
192,2018-02-02,9.40796,9.65229
193,2018-02-03,9.69666,9.74968
194,2018-02-04,9.74564,8.45864
195,2018-02-05,8.42753,6.70503
196,2018-02-06,6.80627,8.28885
197,2018-02-07,8.31528,8.09501
198,2018-02-08,8.09372,8.5955
199,2018-02-09,8.60666,9.73046
200,2018-02-10,9.73273,9.25597
201,2018-02-11,9.20087,8.70491
202,2018-02-12,8.71145,9.32247
203,2018-02-13,9.31767,8.98678
204,2018-02-14,9.01591,10.4006
205,2018-02-15,10.3907,10.9311
206,2018-02-16,10.9149,11.2016
207,2018-02-17,11.0765,11.6893
208,2018-02-18,11.6926,10.7024
209,2018-02-19,10.6668,11.0757
210,2018-02-20,11.0913,9.90451
211,2018-02-21,9.87767,9.38079
212,2018-02-22,9.40474,8.90403
213,2018-02-23,8.8734,9.69211
214,2018-02-24,9.68752,9.14191
215,2018-02-25,9.15324,9.3466
216,2018-02-26,9.36926,9.90232
217,2018-02-27,9.96553,10.6599
218,2018-02-28,10.6949,10.4382
219,2018-03-01,10.4482,10.5097
220,2018-03-02,10.4569,10.2248
221,2018-03-03,10.2857,10.2179
222,2018-03-04,10.2072,10.3481
223,2018-03-05,10.4038,10.1105
224,2018-03-06,10.1548,9.38438
225,2018-03-07,9.39529,9.03488
226,2018-03-08,9.03568,8.31044
227,2018-03-09,8.26137,8.31307
228,2018-03-10,8.26712,7.67166
229,2018-03-11,7.64875,8.27238
230,2018-03-12,8.29911,8.03927
231,2018-03-13,7.99896,10.1152
232,2018-03-14,10.13,8.95921
233,2018-03-15,8.94456,9.09908
234,2018-03-16,9.13251,9.11132
235,2018-03-17,9.19896,8.98774
236,2018-03-18,8.95742,8.95185
237,2018-03-19,9.09,8.99274
238,2018-03-20,8.98718,9.16093
239,2018-03-21,9.16654,9.982
240,2018-03-22,10.0285,10.0663
241,2018-03-23,10.0498,11.7376
242,2018-03-24,11.7061,13.0891
243,2018-03-25,13.1352,12.7831
244,2018-03-26,12.9135,12.0614
245,2018-03-27,12.1189,11.5083
246,2018-03-28,11.5192,11.6404
247,2018-03-29,11.6961,10.1961
248,2018-03-30,10.1692,10.3504
249,2018-03-31,10.3929,11.0559
250,2018-04-01,11.1519,11.0662
251,2018-04-02,11.0651,12.6207
252,2018-04-03,12.6446,13.3607
253,2018-04-04,13.2926,12.1904
254,2018-04-05,12.1985,12.4536
255,2018-04-06,12.4927,12.2584
256,2018-04-07,12.2668,12.4557
257,2018-04-08,12.5125,12.1176
258,2018-04-09,12.1208,11.8683
259,2018-04-10,11.9055,12.0362
260,2018-04-11,12.0416,12.2309
261,2018-04-12,12.4234,12.9525
262,2018-04-13,13.1525,13.5368
263,2018-04-14,13.4547,13.2444
264,2018-04-15,13.2978,13.0588
265,2018-04-16,13.0473,12.21
266,2018-04-17,12.2264,11.7694
267,2018-04-18,11.7939,12.2757
268,2018-04-19,12.2629,12.3526
269,2018-04-20,12.353,12.5752
270,2018-04-21,12.5694,13.3784
271,2018-04-22,13.3543,12.8759
272,2018-04-23,12.8777,13.6253
273,2018-04-24,13.6482,15.266
274,2018-04-25,15.212,13.2909
275,2018-04-26,13.3472,14.6536
276,2018-04-27,14.6469,14.3291
277,2018-04-28,14.2831,15.2001
278,2018-04-29,15.1642,15.0562
279,2018-04-30,15.0627,14.3121
280,2018-05-01,14.3146,14.1643
281,2018-05-02,14.1702,14.4092
282,2018-05-03,14.4416,14.6526
283,2018-05-04,14.628,14.3295
284,2018-05-05,14.3193,14.3687
285,2018-05-06,14.3623,13.9426
286,2018-05-07,13.939,13.7025
287,2018-05-08,13.7046,13.529
288,2018-05-09,13.5245,14.6602
289,2018-05-10,14.675,13.8184
290,2018-05-11,13.8805,12.9939
291,2018-05-12,12.9727,12.9439
292,2018-05-13,13.008,13.1187
293,2018-05-14,13.1583,12.8707
294,2018-05-15,12.8539,12.5678
295,2018-05-16,12.5581,12.2605
296,2018-05-17,12.3156,12.465
297,2018-05-18,12.3614,15.1354
298,2018-05-19,15.1346,14.2457
299,2018-05-20,14.3502,14.1178
300,2018-05-21,14.1254,14.7223
301,2018-05-22,14.5709,13.9255
302,2018-05-23,13.8529,12.6262
303,2018-05-24,12.61,13.0003
304,2018-05-25,13.0326,13.008
305,2018-05-26,12.963,12.7591
306,2018-05-27,12.7857,12.6058
307,2018-05-28,12.5996,11.8943
308,2018-05-29,11.9555,12.5717
309,2018-05-30,12.6084,12.5709
310,2018-05-31,12.5618,14.1902
311,2018-06-01,14.2517,14.2408
312,2018-06-02,14.3192,14.6797
313,2018-06-03,14.6819,14.566
314,2018-06-04,14.6756,14.2611
315,2018-06-05,14.2539,15.5993
316,2018-06-06,15.599,17.247499
317,2018-06-07,17.2665,16.2631
318,2018-06-08,16.349501,16.2738
319,2018-06-09,16.311899,15.9632
320,2018-06-10,15.9286,14.1842
321,2018-06-11,14.1355,15.3835
322,2018-06-12,15.5247,15.2262
323,2018-06-13,15.2969,14.5891
324,2018-06-14,14.6403,14.8953
325,2018-06-15,14.882,15.0481
326,2018-06-16,14.9363,15.8092
327,2018-06-17,15.779,16.5788
328,2018-06-18,16.6217,16.8797
329,2018-06-19,16.7801,16.6996
330,2018-06-20,16.760799,16.061899
331,2018-06-21,16.072201,17.053301
332,2018-06-22,17.0714,15.5939
333,2018-06-23,15.6017,15.5512
334,2018-06-24,15.5709,14.4476
335,2018-06-25,14.457,14.9209
336,2018-06-26,14.9329,14.12
337,2018-06-27,14.0672,14.0501
338,2018-06-28,14.0309,14.1246
339,2018-06-29,14.1743,14.5086
340,2018-06-30,14.5491,14.6573
341,2018-07-01,14.6762,14.4041
342,2018-07-02,14.3977,14.5706
343,2018-07-03,14.5634,14.1715
344,2018-07-04,14.2262,14.0055
345,2018-07-05,14.0396,13.8505
346,2018-07-06,13.9761,13.5296
347,2018-07-07,13.5409,14.4048
348,2018-07-08,14.3979,13.9919
349,2018-07-09,14.0384,13.6645
350,2018-07-10,13.6144,12.7613
351,2018-07-11,12.8249,12.7049
352,2018-07-12,12.6919,12.0706
353,2018-07-13,12.0935,12.1801
354,2018-07-14,12.193,12.0965
355,2018-07-15,12.0883,12.2891
356,2018-07-16,12.3099,13.2373
357,2018-07-17,13.3579,13.7128
358,2018-07-18,13.7399,12.8648
359,2018-07-19,12.8251,12.918
360,2018-07-20,12.9185,12.0709
361,2018-07-21,12.0747,12.1853
362,2018-07-22,12.1888,12.1199
363,2018-07-23,12.1368,12.0199
364,2018-07-24,12.0222,12.1451
365,2018-07-25,12.087,12.9394
366,2018-07-26,12.9215,13.3973
367,2018-07-27,13.3925,13.9227
368,2018-07-28,14.0256,14.6017
369,2018-07-29,14.5981,14.0212
370,2018-07-30,13.9477,13.2169
371,2018-07-31,13.2111,13.7754
372,2018-08-01,13.7696,13.5739
373,2018-08-02,13.6308,14.1769
374,2018-08-03,14.088,14.1346
375,2018-08-04,14.1127,13.8424
376,2018-08-05,13.8587,13.6232
377,2018-08-06,13.6876,13.6991
378,2018-08-07,13.6585,13.1461
379,2018-08-08,13.1289,12.1437
380,2018-08-09,12.1616,12.858
381,2018-08-10,12.7681,12.1308
382,2018-08-11,12.1106,11.7366
383,2018-08-12,11.6876,11.7418
384,2018-08-13,11.7712,10.2282
385,2018-08-14,10.3045,9.42011
386,2018-08-15,9.40796,9.46301
387,2018-08-16,9.53052,9.80233
388,2018-08-17,9.7823,10.8678
389,2018-08-18,10.7849,9.90758
390,2018-08-19,9.92142,10.1562
391,2018-08-20,10.1417,9.70093
392,2018-08-21,9.68034,9.71463
393,2018-08-22,9.73594,9.53973
394,2018-08-23,9.49895,9.71504
395,2018-08-24,9.76352,10.2347
396,2018-08-25,10.1933,10.1358
397,2018-08-26,10.1142,10.1856
398,2018-08-27,10.219,11.2128
399,2018-08-28,11.1607,11.4861
400,2018-08-29,11.471,11.1735
401,2018-08-30,11.1692,10.7626
402,2018-08-31,10.7602,11.0138
403,2018-09-01,11.0266,11.3794
404,2018-09-02,11.4334,11.2994
405,2018-09-03,11.3459,11.2611
406,2018-09-04,11.3104,11.3592
407,2018-09-05,11.4098,10.0866
408,2018-09-06,10.0535,10.2842
409,2018-09-07,10.2648,10.0373
410,2018-09-08,10.0328,9.52008
411,2018-09-09,9.54872,9.51263
412,2018-09-10,9.57601,9.52487
413,2018-09-11,9.52199,9.37396
414,2018-09-12,9.38555,9.21443
415,2018-09-13,9.22455,9.60406
416,2018-09-14,9.63682,9.93005
417,2018-09-15,9.90464,10.1103
418,2018-09-16,10.1164,9.93602
419,2018-09-17,9.94973,9.40526
420,2018-09-18,9.39057,9.54406
421,2018-09-19,9.55671,9.61909
422,2018-09-20,9.6337,10.0745
423,2018-09-21,10.0604,10.4108
424,2018-09-22,10.4196,10.245
425,2018-09-23,10.2729,10.2806
426,2018-09-24,10.2914,10.0359
427,2018-09-25,10.0342,9.78316
428,2018-09-26,9.78101,9.73663
429,2018-09-27,9.73624,10.0312
430,2018-09-28,10.0429,9.96934
431,2018-09-29,9.95669,9.99914
432,2018-09-30,10.0034,10.0178
433,2018-10-01,10.0097,9.94366
434,2018-10-02,9.93614,10.3568
435,2018-10-03,10.3286,10.2712
436,2018-10-04,10.2866,10.2556
437,2018-10-05,10.2513,10.6362
438,2018-10-06,10.6451,10.3721
439,2018-10-07,10.3992,10.519
440,2018-10-08,10.5321,10.5066
441,2018-10-09,10.5359,10.3849
442,2018-10-10,10.359,10.328
443,2018-10-11,10.3097,9.30132
444,2018-10-12,9.28074,9.52894
445,2018-10-13,9.49206,9.54036
446,2018-10-14,9.54636,9.49674
447,2018-10-15,9.48123,10.3161
448,2018-10-16,10.3213,10.0109
449,2018-10-17,10.0256,9.90447
450,2018-10-18,9.92504,9.71658
451,2018-10-19,9.71767,9.76675
452,2018-10-20,9.75728,9.75463
453,2018-10-21,9.75773,9.7433
454,2018-10-22,9.72141,9.72685
455,2018-10-23,9.70276,9.80308
456,2018-10-24,9.78231,9.74532
457,2018-10-25,9.73369,9.69228
458,2018-10-26,9.67556,9.70268
459,2018-10-27,9.70157,9.65445
460,2018-10-28,9.67439,9.66679
461,2018-10-29,9.63989,9.40262
462,2018-10-30,9.40462,9.38704
463,2018-10-31,9.40072,9.36496
464,2018-11-01,9.37131,9.54922
465,2018-11-02,9.53071,9.57308
466,2018-11-03,9.58524,9.53021
467,2018-11-04,9.53192,9.62754
468,2018-11-05,9.58928,9.67251
469,2018-11-06,9.70867,9.78081
470,2018-11-07,9.80222,9.81693
471,2018-11-08,9.81223,9.65095
472,2018-11-09,9.6413,9.5542
473,2018-11-10,9.5469,9.55752
474,2018-11-11,9.5664,9.466
475,2018-11-12,9.48597,9.36122
476,2018-11-13,9.37084,9.24841
477,2018-11-14,9.21917,8.40701
478,2018-11-15,8.41463,8.18486
479,2018-11-16,8.18308,7.88448
480,2018-11-17,7.89744,7.7182
481,2018-11-18,7.7385,7.99976
482,2018-11-19,7.99946,6.63209
483,2018-11-20,6.61242,5.76021
484,2018-11-21,5.79833,6.19905
485,2018-11-22,6.20713,5.75555
486,2018-11-23,5.73573,5.55743
487,2018-11-24,5.55686,5.11528
488,2018-11-25,5.08501,5.18058
489,2018-11-26,5.1793,4.92645
490,2018-11-27,4.9059,4.91305
491,2018-11-28,4.89919,5.33696
492,2018-11-29,5.353574,5.346633
493,2018-11-30,5.368157,5.078572
494,2018-12-01,5.086695,5.288723
495,2018-12-02,5.273153,5.250417
496,2018-12-03,5.253589,5.109251
497,2018-12-04,5.111379,5.880791
498,2018-12-05,5.920864,5.984278
499,2018-12-06,6.009993,4.951687
500,2018-12-07,4.921514,4.52865
501,2018-12-08,4.532951,4.700418
502,2018-12-09,4.714436,4.859104
503,2018-12-10,4.852922,4.712263
504,2018-12-11,4.705228,4.940698
505,2018-12-12,4.935228,5.023137
506,2018-12-13,5.026953,4.650704
507,2018-12-14,4.653218,4.533357
508,2018-12-15,4.53458,4.563012
509,2018-12-16,4.570186,4.645258
510,2018-12-17,4.650204,5.110017
511,2018-12-18,5.113013,5.60027
512,2018-12-19,5.605103,5.491901
513,2018-12-20,5.466514,5.792257
514,2018-12-21,5.790804,5.567144
515,2018-12-22,5.562588,5.930578
516,2018-12-23,5.931412,6.059008
517,2018-12-24,6.063885,6.144924
518,2018-12-25,6.192375,5.547575
519,2018-12-26,5.552672,5.713105
520,2018-12-27,5.717212,5.27545
521,2018-12-28,5.289188,6.011828
522,2018-12-29,6.02794,5.83234
523,2018-12-30,5.842567,5.995711
524,2018-12-31,6.000591,6.164732
525,2019-01-01,6.191432,6.075273
526,2019-01-02,6.091465,6.188613
527,2019-01-03,6.171907,5.903535
528,2019-01-04,5.895052,6.065138
529,2019-01-05,6.055661,6.065543
530,2019-01-06,6.068153,6.395979
531,2019-01-07,6.429357,6.291411
532,2019-01-08,6.295865,6.640054
533,2019-01-09,6.659679,6.64155
534,2019-01-10,6.610938,5.915919
535,2019-01-11,5.965033,6.075342
536,2019-01-12,6.086733,5.976965
537,2019-01-13,5.974922,5.568757
538,2019-01-14,5.577669,6.159282
539,2019-01-15,6.163676,5.919048
540,2019-01-16,5.916178,6.186014
541,2019-01-17,6.171835,6.417832
542,2019-01-18,6.405715,6.56304
543,2019-01-19,6.570098,6.635449
544,2019-01-20,6.646824,6.493869
545,2019-01-21,6.505216,6.553025
546,2019-01-22,6.543233,6.523199
547,2019-01-23,6.530526,6.541402
548,2019-01-24,6.534355,6.505792
549,2019-01-25,6.514755,6.737325
550,2019-01-26,6.750314,7.006565
551,2019-01-27,7.00306,7.088199
552,2019-01-28,7.091497,6.206182
553,2019-01-29,6.220346,6.18167
554,2019-01-30,6.174735,6.174529
555,2019-01-31,6.173159,6.268436
556,2019-02-01,6.264142,6.562617
557,2019-02-02,6.554346,6.891695
558,2019-02-03,6.885941,6.738165
559,2019-02-04,6.765826,7.1005
560,2019-02-05,7.06062,7.81981
561,2019-02-06,7.863149,8.086174
562,2019-02-07,8.103447,7.730325
563,2019-02-08,7.780721,8.575567
564,2019-02-09,8.601719,8.871357
565,2019-02-10,8.85616,9.21154
566,2019-02-11,9.192381,9.551809
567,2019-02-12,9.533523,9.341781
568,2019-02-13,9.32823,8.941073
569,2019-02-14,8.92962,8.782048
570,2019-02-15,8.821605,9.273832
571,2019-02-16,9.317526,9.129251
572,2019-02-17,9.13431,9.216046
573,2019-02-18,9.215029,9.634436
574,2019-02-19,9.654717,10.563078
575,2019-02-20,10.522627,10.966056
576,2019-02-21,10.985795,10.492892
577,2019-02-22,10.447696,10.837115
578,2019-02-23,10.823094,10.781801
579,2019-02-24,10.797889,10.113093
580,2019-02-25,10.065574,9.842012
581,2019-02-26,9.822497,9.521595
582,2019-02-27,9.520861,9.899132
583,2019-02-28,9.914662,10.365178
584,2019-03-01,10.356931,11.393217
585,2019-03-02,11.384693,11.869744
586,2019-03-03,11.845305,11.537903
587,2019-03-04,11.538013,11.545945
588,2019-03-05,11.520388,13.811967
589,2019-03-06,13.750288,14.517946
590,2019-03-07,14.525312,15.145886
591,2019-03-08,15.226148,14.366936
592,2019-03-09,14.284603,14.565879
593,2019-03-10,14.566903,14.494439
594,2019-03-11,14.498401,14.514414
595,2019-03-12,14.495936,15.406131
596,2019-03-13,15.427578,15.115124
597,2019-03-14,15.119261,15.051104
598,2019-03-15,15.033138,15.077102
599,2019-03-16,15.052109,16.119011
600,2019-03-17,16.089241,15.761146
601,2019-03-18,15.754995,15.682012
602,2019-03-19,15.675785,15.693595
603,2019-03-20,15.692178,15.280023
604,2019-03-21,15.281807,14.517393
605,2019-03-22,14.495111,15.266424
606,2019-03-23,15.24981,15.235995
607,2019-03-24,15.241132,17.285357
608,2019-03-25,17.249006,16.841007
609,2019-03-26,16.75865,16.335665
610,2019-03-27,16.288694,16.781343
611,2019-03-28,16.777079,16.80533
612,2019-03-29,16.802631,16.510141
613,2019-03-30,16.492199,16.932213
614,2019-03-31,16.932213,17.40167
615,2019-04-01,17.410639,17.950502
616,2019-04-02,17.960625,19.789783
617,2019-04-03,19.799784,18.753063
618,2019-04-04,18.743467,19.142689
619,2019-04-05,19.139215,19.453466
620,2019-04-06,19.460411,19.115629
621,2019-04-07,19.10643,19.110271
622,2019-04-08,19.079069,18.113703
623,2019-04-09,18.113703,18.435053
624,2019-04-10,18.425514,18.248579
625,2019-04-11,18.278069,17.70048
626,2019-04-12,17.68915,18.434271
627,2019-04-13,18.436537,18.719797
628,2019-04-14,18.713379,19.49202
629,2019-04-15,19.49202,19.402426
630,2019-04-16,19.387169,19.827456
631,2019-04-17,19.825439,19.60335
632,2019-04-18,19.588575,22.038479
633,2019-04-19,22.026449,24.475281
634,2019-04-20,24.517479,25.007528
635,2019-04-21,24.991802,24.193829
636,2019-04-22,24.186974,23.90811
637,2019-04-23,23.909674,22.876261
638,2019-04-24,22.848101,23.129068
639,2019-04-25,23.102085,22.243107
640,2019-04-26,22.285395,22.869429
641,2019-04-27,22.867357,22.341587
642,2019-04-28,22.352484,22.89934
643,2019-04-29,22.904093,21.705067
644,2019-04-30,21.702774,22.127836
645,2019-05-01,22.13475,21.953621
646,2019-05-02,21.954395,23.59193
647,2019-05-03,23.582506,23.749628
648,2019-05-04,23.749628,22.884832
649,2019-05-05,22.893597,23.019953
650,2019-05-06,23.017311,22.206635
651,2019-05-07,22.185858,20.86418
652,2019-05-08,20.779163,20.752676
653,2019-05-09,20.752676,18.828356
654,2019-05-10,18.79928,19.598108
655,2019-05-11,19.598108,21.049442
656,2019-05-12,21.079224,20.830297
657,2019-05-13,20.830297,23.811028
658,2019-05-14,23.885628,23.626419
659,2019-05-15,23.646799,26.894939
660,2019-05-16,26.788618,26.325806
661,2019-05-17,26.318087,25.682571
662,2019-05-18,25.682571,28.396793
663,2019-05-19,28.371433,29.412844
664,2019-05-20,29.399864,29.305387
665,2019-05-21,29.30958,32.007378
666,2019-05-22,32.028797,31.422043
667,2019-05-23,31.364128,31.515736
668,2019-05-24,31.533712,33.841393
669,2019-05-25,33.841393,35.053101
670,2019-05-26,35.046131,34.104851
671,2019-05-27,34.059341,33.680679
672,2019-05-28,33.71299,33.360947
673,2019-05-29,33.346935,33.744354
674,2019-05-30,33.780003,32.291065
675,2019-05-31,32.291065,32.748165
676,2019-06-01,32.747639,33.013649
677,2019-06-02,33.013649,33.174049
678,2019-06-03,33.187714,31.391956
679,2019-06-04,31.376373,29.380625
680,2019-06-05,29.415113,31.006264
681,2019-06-06,30.992432,31.480104
682,2019-06-07,31.472219,31.587482
683,2019-06-08,31.606207,32.066322
684,2019-06-09,32.063076,30.558287
685,2019-06-10,30.546289,32.064728
686,2019-06-11,32.072163,32.262657
687,2019-06-12,32.289455,34.686386
688,2019-06-13,34.601311,35.143143
689,2019-06-14,35.130955,33.076382
690,2019-06-15,33.059006,32.825863
691,2019-06-16,32.825863,32.402725
692,2019-06-17,32.389389,33.917877
693,2019-06-18,33.927719,34.339508
694,2019-06-19,34.362247,35.287197
695,2019-06-20,35.303825,36.726063
696,2019-06-21,36.693123,38.815918
697,2019-06-22,38.812336,37.799755
698,2019-06-23,37.832153,37.134727
699,2019-06-24,37.134727,37.43364
700,2019-06-25,37.393047,36.008289
701,2019-06-26,36.008289,35.698311
702,2019-06-27,35.726513,33.823589
703,2019-06-28,33.865391,34.54974
704,2019-06-29,34.586788,35.360107
705,2019-06-30,35.398891,32.442482
706,2019-07-01,32.442482,32.922298
707,2019-07-02,32.924438,32.009235
708,2019-07-03,32.034126,32.6675
709,2019-07-04,32.691105,32.893326
710,2019-07-05,32.999283,32.713165
711,2019-07-06,32.711334,32.530941
712,2019-07-07,32.521633,33.241062
713,2019-07-08,33.2635,33.469681
714,2019-07-09,33.471279,32.707649
715,2019-07-10,32.703178,31.477377
716,2019-07-11,31.503983,29.641972
717,2019-07-12,29.653322,31.69433
718,2019-07-13,31.710497,31.506933
719,2019-07-14,31.546743,28.924282
720,2019-07-15,28.931217,28.393448
721,2019-07-16,28.377279,25.525009
722,2019-07-17,25.51922,27.219601
723,2019-07-18,27.257734,28.922812
724,2019-07-19,28.922812,29.078394
725,2019-07-20,29.085665,30.872244
726,2019-07-21,30.923164,30.519543
727,2019-07-22,30.537548,30.634586
728,2019-07-23,30.642389,29.585196
729,2019-07-24,29.575377,29.163717
730,2019-07-25,29.130066,29.002432
731,2019-07-26,28.993568,28.979189
732,2019-07-27,28.979189,27.885626
733,2019-07-28,27.89959,27.835171
734,2019-07-29,27.812122,27.203272
735,2019-07-30,27.224409,26.942305
736,2019-07-31,26.96241,27.644558
737,2019-08-01,27.622198,28.773273
738,2019-08-02,28.781208,28.038483
739,2019-08-03,28.084473,27.88986
740,2019-08-04,27.88274,27.556162
741,2019-08-05,27.542446,28.011879
742,2019-08-06,28.042664,27.638088
743,2019-08-07,27.639204,29.354368
744,2019-08-08,29.368263,30.832846
745,2019-08-09,30.86742,29.961473
746,2019-08-10,29.943947,29.681858
747,2019-08-11,29.683729,30.057255
748,2019-08-12,30.082451,30.166882
749,2019-08-13,30.168036,29.466278
750,2019-08-14,29.461535,27.105581
751,2019-08-15,27.096399,28.043447
752,2019-08-16,28.058994,27.644571
753,2019-08-17,27.652128,27.480522
754,2019-08-18,27.494616,27.932446
755,2019-08-19,27.945265,28.809004
756,2019-08-20,28.814861,28.16749
757,2019-08-21,28.166189,26.993715
758,2019-08-22,26.993715,27.089191
759,2019-08-23,27.089191,27.17053
760,2019-08-24,27.16345,26.495663
761,2019-08-25,26.486662,26.131847
762,2019-08-26,26.141945,26.10833
763,2019-08-27,26.123911,25.688978
764,2019-08-28,25.69751,23.702868
765,2019-08-29,23.687647,21.889606
766,2019-08-30,21.889606,22.218857
767,2019-08-31,22.211996,21.265915
768,2019-09-01,21.258728,21.56867
769,2019-09-02,21.56867,22.767134
770,2019-09-03,22.760757,22.51454
771,2019-09-04,22.527363,21.796309
772,2019-09-05,21.815975,22.761099
773,2019-09-06,22.761099,22.153149
774,2019-09-07,22.144773,22.548977
775,2019-09-08,22.569153,22.561689
776,2019-09-09,22.569023,22.28739
777,2019-09-10,22.285955,21.911144
778,2019-09-11,21.913788,20.899321
779,2019-09-12,20.892231,20.922277
780,2019-09-13,20.934685,20.887466
781,2019-09-14,20.897963,21.071585
782,2019-09-15,21.07321,20.59894
783,2019-09-16,20.599483,20.398512
784,2019-09-17,20.403664,21.005367
785,2019-09-18,21.006315,22.255444
786,2019-09-19,22.242105,21.614601
787,2019-09-20,21.632219,21.371471
788,2019-09-21,21.380461,21.08218
789,2019-09-22,21.092932,20.525558
790,2019-09-23,20.526655,19.485477
791,2019-09-24,19.477552,16.06769
792,2019-09-25,16.059175,16.258373
793,2019-09-26,16.258678,15.459808
794,2019-09-27,15.457432,15.790263
795,2019-09-28,15.791577,15.851419
796,2019-09-29,15.854201,15.3051
797,2019-09-30,15.312654,15.862675
798,2019-10-01,15.882751,15.903211
799,2019-10-02,15.909658,15.950048
800,2019-10-03,15.946712,15.72676
801,2019-10-04,15.724738,15.755114
802,2019-10-05,15.74993,15.72358
803,2019-10-06,15.722038,15.34898
804,2019-10-07,15.339182,16.134346
805,2019-10-08,16.139175,16.108192
806,2019-10-09,16.110806,17.80658
807,2019-10-10,17.804054,17.571154
808,2019-10-11,17.569082,16.709532
809,2019-10-12,16.714169,17.277906
810,2019-10-13,17.256668,18.308025
811,2019-10-14,18.308025,18.459478
812,2019-10-15,18.425875,18.544653
813,2019-10-16,18.516953,17.84005
814,2019-10-17,17.840694,18.570269
815,2019-10-18,18.575981,18.254192
816,2019-10-19,18.253242,18.288546
817,2019-10-20,18.294844,18.437923
818,2019-10-21,18.4629,18.30555
819,2019-10-22,18.297865,18.195602
820,2019-10-23,18.198627,16.711174
821,2019-10-24,16.712074,16.891573
822,2019-10-25,17.072279,18.616058
823,2019-10-26,18.629129,18.889704
824,2019-10-27,18.889336,19.345646
825,2019-10-28,19.338453,19.75832
826,2019-10-29,19.813639,20.477106
827,2019-10-30,20.493002,20.08695
828,2019-10-31,20.099312,20.000233
829,2019-11-01,19.994114,20.021502
830,2019-11-02,20.019491,20.266994
831,2019-11-03,20.269741,20.206045
832,2019-11-04,20.226446,20.737982
833,2019-11-05,20.741459,20.724674
834,2019-11-06,20.716938,20.817923
835,2019-11-07,20.814981,20.646936
836,2019-11-08,20.693029,19.690773
837,2019-11-09,19.678764,19.735447
838,2019-11-10,19.732647,20.481758
839,2019-11-11,20.479851,20.133141
840,2019-11-12,20.140926,20.857447
841,2019-11-13,20.868423,21.250431
842,2019-11-14,21.281357,21.2647
843,2019-11-15,21.24172,20.316225
844,2019-11-16,20.317408,20.282654
845,2019-11-17,20.276932,20.260794
846,2019-11-18,20.343597,19.31687
847,2019-11-19,19.311863,18.703299
848,2019-11-20,18.707344,18.172274
849,2019-11-21,18.162695,16.840218
850,2019-11-22,16.840914,15.581703
851,2019-11-23,15.581233,16.4195
852,2019-11-24,16.398693,15.278765
853,2019-11-25,15.285519,15.267364
854,2019-11-26,15.272529,15.527255
855,2019-11-27,15.49125,16.098288
856,2019-11-28,16.095964,15.683207
857,2019-11-29,15.678064,16.273304
858,2019-11-30,16.263498,15.715951
859,2019-12-01,15.743181,15.496336
860,2019-12-02,15.509364,15.191858
861,2019-12-03,15.191858,15.309556
862,2019-12-04,15.34843,15.279978
863,2019-12-05,15.260217,15.762839
864,2019-12-06,15.767198,15.711299
865,2019-12-07,15.70438,15.667086
866,2019-12-08,15.662826,15.674523
867,2019-12-09,15.66612,15.448539
868,2019-12-10,15.438838,14.95887
869,2019-12-11,14.947534,14.824551
870,2019-12-12,14.819622,14.818167
871,2019-12-13,14.817257,14.878744
872,2019-12-14,14.883237,14.505015
873,2019-12-15,14.512482,14.490446
874,2019-12-16,14.488743,13.558786
875,2019-12-17,13.555481,12.386941
876,2019-12-18,12.381698,13.53526
877,2019-12-19,13.568222,13.445779
878,2019-12-20,13.459491,13.570779
879,2019-12-21,13.568091,13.380659
880,2019-12-22,13.390246,13.835881
881,2019-12-23,13.810485,13.369034
882,2019-12-24,13.381392,13.444571
883,2019-12-25,13.459056,13.174839
884,2019-12-26,13.176804,13.208636
885,2019-12-27,13.208636,13.36272
886,2019-12-28,13.35341,13.705417
887,2019-12-29,13.696836,14.150045
888,2019-12-30,14.155132,13.947442
889,2019-12-31,13.952087,13.727642
890,2020-01-01,13.730962,13.689083
891,2020-01-02,13.698126,13.027011
892,2020-01-03,13.035329,13.660452
893,2020-01-04,13.667442,13.891512
894,2020-01-05,13.88834,14.111019
895,2020-01-06,14.11124,14.957808
896,2020-01-07,14.966209,15.00925
897,2020-01-08,15.022264,14.602934
898,2020-01-09,14.589202,14.498314
899,2020-01-10,14.478409,15.025826
900,2020-01-11,15.020985,14.946328
901,2020-01-12,14.946201,15.322083
902,2020-01-13,15.322261,15.227272
903,2020-01-14,15.215287,16.626122
904,2020-01-15,16.603867,17.654812
905,2020-01-16,17.646402,17.076946
906,2020-01-17,17.112799,18.135199
907,2020-01-18,18.129646,17.823919
908,2020-01-19,17.83099,17.369253
909,2020-01-20,17.392525,17.325275
910,2020-01-21,17.327684,18.127666
911,2020-01-22,18.124231,17.798361
912,2020-01-23,17.811354,17.021404
913,2020-01-24,17.031307,17.047409
914,2020-01-25,17.049412,16.976107
915,2020-01-26,16.973331,17.438633
916,2020-01-27,17.443195,17.691341
917,2020-01-28,17.683529,18.115135
918,2020-01-29,18.066244,17.912777
919,2020-01-30,17.920179,18.590408
920,2020-01-31,18.590302,18.210979
921,2020-02-01,18.202803,18.218321
922,2020-02-02,18.202562,18.448185
923,2020-02-03,18.45068,18.462755
924,2020-02-04,18.466125,18.177366
925,2020-02-05,18.195305,19.21505
926,2020-02-06,19.229057,20.595263
927,2020-02-07,20.583084,22.062258
928,2020-02-08,22.057981,21.782419
929,2020-02-09,21.757261,24.308561
930,2020-02-10,24.342674,25.218315
931,2020-02-11,25.261606,25.637403
932,2020-02-12,25.657011,26.466763
933,2020-02-13,26.463499,25.4401
934,2020-02-14,25.434448,26.296959
935,2020-02-15,26.300472,24.149651
936,2020-02-16,24.22805,23.466389
937,2020-02-17,23.421888,23.551378
938,2020-02-18,23.521591,24.058178
939,2020-02-19,24.074766,22.333511
940,2020-02-20,22.35,22.229147
941,2020-02-21,22.193645,22.184877
942,2020-02-22,22.192751,21.968481
943,2020-02-23,21.977989,22.828871
944,2020-02-24,22.824919,22.044127
945,2020-02-25,22.144562,20.34247
946,2020-02-26,20.359814,18.799131
947,2020-02-27,18.788363,19.122568
948,2020-02-28,19.072939,18.854837
949,2020-02-29,18.947647,19.584091
950,2020-03-01,19.574615,18.963232
951,2020-03-02,19.037861,19.814064
952,2020-03-03,19.787628,19.63719
953,2020-03-04,19.663486,19.959188
954,2020-03-05,19.962469,20.802031
955,2020-03-06,20.827026,21.288389
956,2020-03-07,21.282133,20.179567
957,2020-03-08,20.212061,16.974066
958,2020-03-09,16.978222,16.570744
959,2020-03-10,16.581482,16.875654
960,2020-03-11,16.884089,16.524834
961,2020-03-12,16.526304,9.600166
962,2020-03-13,9.52092,10.833057
963,2020-03-14,10.835003,10.140449
964,2020-03-15,10.132663,10.436018
965,2020-03-16,10.425869,9.38605
966,2020-03-17,9.36542,10.077175
967,2020-03-18,10.036181,10.119137
968,2020-03-19,10.118399,12.27964
969,2020-03-20,12.280426,11.875867
970,2020-03-21,11.901004,12.057991
971,2020-03-22,12.080737,11.158228
972,2020-03-23,11.158228,12.117715
973,2020-03-24,12.116398,12.40122
974,2020-03-25,12.403792,12.3243
975,2020-03-26,12.325833,13.217611
976,2020-03-27,13.221527,12.523257
977,2020-03-28,12.533824,12.193113
978,2020-03-29,12.188286,11.441221
979,2020-03-30,11.422389,12.286843
980,2020-03-31,12.282616,12.581606
981,2020-04-01,12.581606,12.741603
982,2020-04-02,12.725065,13.066639
983,2020-04-03,13.048226,13.373008
984,2020-04-04,13.373008,13.824528
985,2020-04-05,13.815948,13.734116
986,2020-04-06,13.731032,15.084521
987,2020-04-07,15.070906,14.681547
988,2020-04-08,14.694789,15.056076
989,2020-04-09,15.067224,15.062604
990,2020-04-10,15.060228,13.737724
991,2020-04-11,13.737724,13.804288
992,2020-04-12,13.812086,14.375111
993,2020-04-13,14.404006,15.034427
994,2020-04-14,15.012063,15.525076
995,2020-04-15,15.542678,14.593927
996,2020-04-16,14.581246,15.70273
997,2020-04-17,,
998,2020-04-18,15.746321,16.593172
999,2020-04-19,16.607388,16.139933
1000,2020-04-20,16.140429,15.085403
1001,2020-04-21,15.06384,15.205772
1002,2020-04-22,15.20113,15.69316
1003,2020-04-23,15.702654,16.006208
1004,2020-04-24,15.992483,16.016418
1005,2020-04-25,16.013018,16.305418
1006,2020-04-26,16.30323,16.383768
1007,2020-04-27,16.429043,16.463215
1008,2020-04-28,16.447828,16.444286
1009,2020-04-29,16.447243,17.493774
1010,2020-04-30,17.447788,17.033976
1011,2020-05-01,17.046522,17.564993
1012,2020-05-02,17.551817,17.584904
1013,2020-05-03,17.581791,17.126299
1014,2020-05-04,17.135752,17.100756
1015,2020-05-05,17.088411,16.919775
1016,2020-05-06,16.906801,16.657045
1017,2020-05-07,16.657959,17.013199
1018,2020-05-08,17.019211,17.241476
1019,2020-05-09,17.219955,16.935961
1020,2020-05-10,16.937109,15.295669
1021,2020-05-11,15.339985,15.097545
1022,2020-05-12,15.121073,15.741054
1023,2020-05-13,15.742569,16.138878
1024,2020-05-14,16.135855,16.3578
1025,2020-05-15,16.347731,15.754374
1026,2020-05-16,15.75389,16.051781
1027,2020-05-17,16.033072,16.314646
1028,2020-05-18,16.318237,16.636265
1029,2020-05-19,16.639122,17.154663
1030,2020-05-20,17.142651,16.888025
1031,2020-05-21,16.887243,16.122381
1032,2020-05-22,16.126387,16.639593
1033,2020-05-23,16.631491,16.588194
1034,2020-05-24,16.579742,16.083439
1035,2020-05-25,16.074583,16.400908
1036,2020-05-26,16.408297,16.212547
1037,2020-05-27,16.212671,16.493284
1038,2020-05-28,16.497992,17.05934
1039,2020-05-29,17.07679,17.04163
1040,2020-05-30,17.037237,17.743418
1041,2020-05-31,17.742472,17.040472
1042,2020-06-01,17.06953,17.914942
1043,2020-06-02,17.918852,17.239304
1044,2020-06-03,17.234621,17.545404
1045,2020-06-04,17.54722,17.565874
1046,2020-06-05,17.568724,17.688786
1047,2020-06-06,17.688786,17.535934
1048,2020-06-07,17.537628,17.447035
1049,2020-06-08,17.446314,17.39303
1050,2020-06-09,17.4007,17.435377
1051,2020-06-10,17.436457,17.410467
1052,2020-06-11,17.413944,16.308926
1053,2020-06-12,16.292456,16.66914
1054,2020-06-13,16.675598,16.823734
1055,2020-06-14,16.831116,16.656242
1056,2020-06-15,16.656242,16.384802
1057,2020-06-16,16.386614,16.421957
1058,2020-06-17,16.422012,16.402542
1059,2020-06-18,16.402542,16.20859
1060,2020-06-19,16.207985,15.907086
1061,2020-06-20,15.907086,16.04756
1062,2020-06-21,16.038355,16.001226
1063,2020-06-22,15.99852,16.475288
1064,2020-06-23,16.468678,16.422567
1065,2020-06-24,16.434666,16.026758
1066,2020-06-25,16.022675,15.922709
1067,2020-06-26,15.916716,15.749224
1068,2020-06-27,15.750969,15.185254
1069,2020-06-28,15.185254,15.420089
1070,2020-06-29,15.41221,15.505232
1071,2020-06-30,15.494698,15.413582
1072,2020-07-01,15.409456,15.82946
1073,2020-07-02,15.820766,15.53849
1074,2020-07-03,15.534174,15.291962
1075,2020-07-04,15.287059,15.552981
1076,2020-07-05,15.552996,15.480226
1077,2020-07-06,15.480226,16.29677
1078,2020-07-07,16.275965,16.770226
1079,2020-07-08,16.774088,17.227657
1080,2020-07-09,17.238857,16.884869
1081,2020-07-10,16.878132,17.261251
1082,2020-07-11,17.279306,17.622179
1083,2020-07-12,17.628357,18.236546
1084,2020-07-13,18.236546,18.409563
1085,2020-07-14,18.392452,18.082909
1086,2020-07-15,18.072044,17.591215
1087,2020-07-16,17.59165,17.143843
1088,2020-07-17,17.144192,17.084974
1089,2020-07-18,17.086912,17.126711
1090,2020-07-19,17.126871,17.955778
1091,2020-07-20,17.961239,17.484709
1092,2020-07-21,17.467257,17.715408
1093,2020-07-22,17.705444,18.091908
1094,2020-07-23,18.087339,18.673296
1095,2020-07-24,18.676613,19.152901
1096,2020-07-25,19.157789,19.776423
1097,2020-07-26,19.752638,19.521025
1098,2020-07-27,19.515312,19.620329
1099,2020-07-28,19.700594,20.173548
1100,2020-07-29,20.191669,19.89559
1101,2020-07-30,19.897251,20.012735
1102,2020-07-31,19.990093,20.668146
1103,2020-08-01,20.668146,21.530432
1104,2020-08-02,21.546732,20.944887
1105,2020-08-03,20.94066,22.055012
1106,2020-08-04,22.054789,22.282585
1107,2020-08-05,22.28727,23.336218
1108,2020-08-06,23.324579,22.707661
1109,2020-08-07,22.721392,22.311546
1110,2020-08-08,22.312599,22.878119
1111,2020-08-09,22.893887,22.475536
1112,2020-08-10,22.4802,22.613796
1113,2020-08-11,22.628412,21.256945
1114,2020-08-12,21.309778,21.75145
1115,2020-08-13,21.773226,22.075544
1116,2020-08-14,22.080112,23.069792
1117,2020-08-15,23.08856,23.021751
1118,2020-08-16,23.050289,23.497103
1119,2020-08-17,23.497103,23.510103
1120,2020-08-18,23.491961,23.067181
1121,2020-08-19,23.05559,22.310396
1122,2020-08-20,22.371693,23.092575
1123,2020-08-21,23.104414,22.128994
1124,2020-08-22,22.115171,22.23982
1125,2020-08-23,22.219055,21.870842
1126,2020-08-24,21.865778,22.605852
1127,2020-08-25,22.608212,21.475367
1128,2020-08-26,21.474306,22.277306
1129,2020-08-27,22.258066,23.080753
1130,2020-08-28,23.077656,23.133812
1131,2020-08-29,23.134024,23.011272
1132,2020-08-30,23.00906,23.644915
1133,2020-08-31,23.647858,23.19305
1134,2020-09-01,23.185047,24.822096
1135,2020-09-02,24.814375,24.690363
1136,2020-09-03,24.697609,20.619886
1137,2020-09-04,20.596815,21.056107
1138,2020-09-05,21.044121,19.478767
1139,2020-09-06,19.478767,23.190662
1140,2020-09-07,23.193592,22.393307
1141,2020-09-08,22.425636,23.190248
1142,2020-09-09,23.221849,24.530291
1143,2020-09-10,24.537354,24.559889
1144,2020-09-11,24.559889,25.451414
1145,2020-09-12,25.452366,28.529848
1146,2020-09-13,28.529848,31.05863
1147,2020-09-14,31.102446,31.178642
1148,2020-09-15,31.158981,27.202391
1149,2020-09-16,27.196297,27.964594
1150,2020-09-17,27.925499,26.99313
1151,2020-09-18,26.99313,27.399481
1152,2020-09-19,27.617344,27.251112
1153,2020-09-20,27.249884,26.392134
1154,2020-09-21,26.429634,23.267879
1155,2020-09-22,23.188206,24.10074
1156,2020-09-23,24.10074,22.872679
1157,2020-09-24,22.872028,24.622034
1158,2020-09-25,24.630224,24.678379
1159,2020-09-26,24.712591,26.238441
1160,2020-09-27,26.243799,26.239866
1161,2020-09-28,26.239866,26.984694
1162,2020-09-29,26.990677,28.852825
1163,2020-09-30,28.82555,29.330982
1164,2020-10-01,29.363218,27.470755
1165,2020-10-02,27.490812,27.32098
1166,2020-10-03,27.32098,28.271854
1167,2020-10-04,28.271854,29.064274
1168,2020-10-05,29.064274,28.658798
1169,2020-10-06,28.655882,27.767237
1170,2020-10-07,27.767237,27.758896
1171,2020-10-08,27.761175,27.749296
1172,2020-10-09,,
1173,2020-10-10,28.435131,28.312487
1174,2020-10-11,28.382029,28.55558
1175,2020-10-12,,
1176,2020-10-13,,
1177,2020-10-14,30.738811,30.912119
1178,2020-10-15,30.889919,31.295864
1179,2020-10-16,31.314039,29.9949
1180,2020-10-17,30.043756,30.248236
1181,2020-10-18,30.240988,30.659523
1182,2020-10-19,30.656214,29.925068
1183,2020-10-20,29.930313,28.803444
1184,2020-10-21,28.81385,29.772354
1185,2020-10-22,29.765539,30.658192
1186,2020-10-23,30.655258,30.633961
1187,2020-10-24,30.633961,30.588821
1188,2020-10-25,30.588821,30.10754
1189,2020-10-26,30.107542,31.15456
1190,2020-10-27,31.154684,31.638721
1191,2020-10-28,31.638784,30.363506
1192,2020-10-29,30.363554,29.842478
1193,2020-10-30,29.842684,28.508411
1194,2020-10-31,28.508411,28.431215
1195,2020-11-01,28.431215,28.461565
1196,2020-11-02,28.46147,27.88393
1197,2020-11-03,27.883926,26.85705
1198,2020-11-04,26.857388,26.931515
1199,2020-11-05,26.931576,27.675859
1200,2020-11-06,27.675808,29.018
1201,2020-11-07,29.018,27.738094
1202,2020-11-08,27.738094,28.305117
1203,2020-11-09,28.305136,28.018021
1204,2020-11-10,28.0186,28.193342
1205,2020-11-11,28.193321,27.956179
1206,2020-11-12,27.955782,27.614807
1207,2020-11-13,27.614275,28.182173
1208,2020-11-14,28.182173,27.936201
1209,2020-11-15,27.936201,27.621031
1210,2020-11-16,27.621031,28.06411
1211,2020-11-17,28.171278,28.530581
1212,2020-11-18,28.530521,28.076162
1213,2020-11-19,28.07605,28.094105
1214,2020-11-20,28.092194,28.891996
1215,2020-11-21,28.891996,30.391291
1216,2020-11-22,30.391291,29.925072
1217,2020-11-23,29.925093,30.965368
1218,2020-11-24,30.971752,33.80315
1219,2020-11-25,33.857773,31.34296
1220,2020-11-26,31.31773,28.204916
1221,2020-11-27,28.230486,28.475187
1222,2020-11-28,28.474955,29.143911
1223,2020-11-29,29.164108,30.117603
1224,2020-11-30,30.12431,31.392786
1225,2020-12-01,31.411509,30.108303
1226,2020-12-02,30.147505,30.297361
1227,2020-12-03,30.303986,30.70443
1228,2020-12-04,30.716002,29.072208
1229,2020-12-05,29.075138,29.729488
1230,2020-12-06,29.728706,29.540804
1231,2020-12-07,29.530382,29.378136
1232,2020-12-08,29.380875,27.636307
1233,2020-12-09,27.636606,28.129305
1234,2020-12-10,28.131521,27.69619
1235,2020-12-11,27.697121,27.361004
1236,2020-12-12,27.358271,28.164452
1237,2020-12-13,28.165478,29.101692
1238,2020-12-14,29.106859,30.029577
1239,2020-12-15,30.026991,29.547283
1240,2020-12-16,29.549948,30.490194
1241,2020-12-17,30.493614,30.184134
1242,2020-12-18,30.183979,30.93836
1243,2020-12-19,30.942635,33.296356
1244,2020-12-20,33.293518,34.160297
1245,2020-12-21,34.201237,32.269527
1246,2020-12-22,32.204792,33.482948
1247,2020-12-23,33.477707,31.097898
1248,2020-12-24,31.114107,32.500591
1249,2020-12-25,32.488903,33.164974
1250,2020-12-26,33.1702,33.477139
1251,2020-12-27,33.479843,33.511848
1252,2020-12-28,33.532055,35.844559
1253,2020-12-29,35.85218,38.952831
1254,2020-12-30,38.94735,38.136299
1255,2020-12-31,38.122288,37.376034
1256,2021-01-01,37.374573,37.90501
1257,2021-01-02,37.917107,38.241592
1258,2021-01-03,38.253727,41.148979
1259,2021-01-04,41.19828,40.926353
1260,2021-01-05,40.937279,41.7346
1261,2021-01-06,41.775536,42.165955
1262,2021-01-07,42.196625,43.44949
1263,2021-01-08,43.568687,42.395317
1264,2021-01-09,42.373695,43.932854
1265,2021-01-10,43.944122,42.448475
1266,2021-01-11,42.472622,38.371361
1267,2021-01-12,38.279518,38.11161
1268,2021-01-13,38.109425,40.135933
1269,2021-01-14,40.118828,41.793682
1270,2021-01-15,41.794952,40.91898
1271,2021-01-16,40.919434,43.171825
1272,2021-01-17,43.156139,45.684612
1273,2021-01-18,45.767532,45.353172
1274,2021-01-19,45.33564,42.785534
1275,2021-01-20,42.662949,42.606899
1276,2021-01-21,42.606026,38.64584
1277,2021-01-22,38.635311,40.857571
1278,2021-01-23,40.865093,40.815479
1279,2021-01-24,40.862473,41.881607
1280,2021-01-25,41.876053,41.623703
1281,2021-01-26,41.655128,41.694736
1282,2021-01-27,41.756172,40.994877
1283,2021-01-28,40.98642,42.55307
1284,2021-01-29,42.386181,42.852348
1285,2021-01-30,42.853512,44.772278
1286,2021-01-31,44.798698,44.275993
1287,2021-02-01,44.309074,51.607697
1288,2021-02-02,51.551884,51.056404
1289,2021-02-03,51.050102,52.242638
1290,2021-02-04,52.24221,55.925125
1291,2021-02-05,56.010803,67.845566
1292,2021-02-06,67.854637,72.733597
1293,2021-02-07,72.868217,68.590523
1294,2021-02-08,68.525558,79.831543
1295,2021-02-09,79.807022,107.899277
1296,2021-02-10,107.708557,129.737152
1297,2021-02-11,129.305237,124.434258
1298,2021-02-12,124.159431,136.948395
1299,2021-02-13,136.927994,133.452682
1300,2021-02-14,133.47377,136.426514
1301,2021-02-15,136.276779,129.567886
1302,2021-02-16,129.739792,130.056656
1303,2021-02-17,130.080139,164.670105
1304,2021-02-18,165.018829,195.932632
1305,2021-02-19,195.987854,332.616028
1306,2021-02-20,332.918457,255.953735
1307,2021-02-21,254.539276,293.923584
1308,2021-02-22,294.612366,267.509796
1309,2021-02-23,267.36441,230.994247
1310,2021-02-24,231.121597,254.359131
1311,2021-02-25,254.467606,233.885956
1312,2021-02-26,235.270294,221.680435
1313,2021-02-27,221.980911,225.249435
1314,2021-02-28,225.445938,209.574402
1315,2021-03-01,209.951309,254.629929
1316,2021-03-02,254.953354,239.522537
1317,2021-03-03,239.68898,241.09137
1318,2021-03-04,241.045486,229.945068
1319,2021-03-05,229.835297,226.372559
1320,2021-03-06,226.197769,226.666855
1321,2021-03-07,226.672745,240.179214
1322,2021-03-08,240.179581,240.318665
1323,2021-03-09,240.395477,293.463226
1324,2021-03-10,293.423889,279.358032
1325,2021-03-11,278.509094,289.790802
1326,2021-03-12,289.999115,263.685822
1327,2021-03-13,263.59201,276.104706
1328,2021-03-14,276.18573,264.636749
1329,2021-03-15,264.063507,254.660828
1330,2021-03-16,254.450439,258.100677
1331,2021-03-17,258.385864,269.854858
1332,2021-03-18,269.637848,261.704803
1333,2021-03-19,261.630432,264.057434
1334,2021-03-20,264.092194,264.741669
1335,2021-03-21,264.95694,264.886169
1336,2021-03-22,265.070282,255.900192
1337,2021-03-23,255.945099,255.689667
1338,2021-03-24,255.894302,249.851379
1339,2021-03-25,249.465912,234.885437
1340,2021-03-26,234.790939,255.104568
1341,2021-03-27,255.116486,269.102325
1342,2021-03-28,269.31073,269.191284
1343,2021-03-29,268.969391,275.21463
1344,2021-03-30,275.238647,311.426483
1345,2021-03-31,311.551422,302.063446
1346,2021-04-01,302.245483,335.212891
1347,2021-04-02,335.085968,339.007721
1348,2021-04-03,338.90918,323.133514
1349,2021-04-04,323.354858,351.62439
1350,2021-04-05,351.241058,367.772491
1351,2021-04-06,368.09903,403.590759
1352,2021-04-07,403.69928,374.658813
1353,2021-04-08,376.269012,418.038391
1354,2021-04-09,418.054718,453.178467
1355,2021-04-10,454.34317,472.560333
1356,2021-04-11,471.646423,525.385559
1357,2021-04-12,526.701782,598.722656
1358,2021-04-13,596.988586,549.586548
1359,2021-04-14,550.401489,549.591858
1360,2021-04-15,550.41333,542.63208
1361,2021-04-16,542.573669,510.220184
1362,2021-04-17,509.581299,520.416748
1363,2021-04-18,520.590271,481.034241
1364,2021-04-19,481.396698,505.092926
1365,2021-04-20,503.795166,587.029114
1366,2021-04-21,586.901184,546.02356
1367,2021-04-22,544.005493,506.013
1368,2021-04-23,505.858887,526.565247
1369,2021-04-24,526.758362,496.41507
1370,2021-04-25,496.256836,505.077057
1371,2021-04-26,504.748749,534.577698
1372,2021-04-27,535.428467,568.47052
1373,2021-04-28,568.745667,562.632568
1374,2021-04-29,562.873596,599.706543
1375,2021-04-30,599.988464,624.080566
1376,2021-05-01,622.469299,619.347229
1377,2021-05-02,619.972107,622.101013
1378,2021-05-03,621.90271,675.684082
1379,2021-05-04,676.315918,611.200317
1380,2021-05-05,609.331055,651.66272
1381,2021-05-06,651.0495,633.280396
1382,2021-05-07,634.006897,624.563293
1383,2021-05-08,624.394409,646.10083
1384,2021-05-09,646.312134,662.228577
1385,2021-05-10,661.450012,631.35199
1386,2021-05-11,631.240601,672.333923
1387,2021-05-12,671.77887,588.185181
1388,2021-05-13,592.95459,571.434509
1389,2021-05-14,570.96051,603.128296
1390,2021-05-15,602.554382,563.041687
1391,2021-05-16,562.648926,562.829834
1392,2021-05-17,564.445557,511.964386
1393,2021-05-18,511.391998,508.022308
1394,2021-05-19,508.862732,339.025482
1395,2021-05-20,335.556732,393.612762
1396,2021-05-21,391.541565,326.296326
1397,2021-05-22,326.797791,299.504089
1398,2021-05-23,300.035431,262.945679
1399,2021-05-24,261.119537,345.309631
1400,2021-05-25,345.489838,344.113983
1401,2021-05-26,343.531982,379.854309
1402,2021-05-27,379.693481,367.655792
1403,2021-05-28,369.835693,329.879913
1404,2021-05-29,328.986847,305.052155
1405,2021-05-30,305.042572,325.784027
1406,2021-05-31,325.808136,354.329346
1407,2021-06-01,353.782532,362.794647
1408,2021-06-02,362.36087,401.262329
1409,2021-06-03,401.760834,427.807922
1410,2021-06-04,428.187378,391.395325
1411,2021-06-05,390.958801,390.431854
1412,2021-06-06,390.236725,393.820221
1413,2021-06-07,393.654663,357.310211
1414,2021-06-08,358.165436,354.001373
1415,2021-06-09,352.76593,375.73468
1416,2021-06-10,375.669006,352.183197
1417,2021-06-11,352.084839,345.933685
1418,2021-06-12,345.901703,343.741028
1419,2021-06-13,344.042847,366.648956
1420,2021-06-14,365.7547,368.792755
1421,2021-06-15,372.736847,373.566162
1422,2021-06-16,366.81662,347.033447
1423,2021-06-17,347.212372,352.738525
1424,2021-06-18,353.013367,336.809692
1425,2021-06-19,337.552277,335.71283
1426,2021-06-20,334.65094,340.0672
1427,2021-06-21,339.32663,270.984436
1428,2021-06-22,270.793396,261.818085
1429,2021-06-23,262.058197,294.490295
1430,2021-06-24,296.263947,308.397034
1431,2021-06-25,308.582031,281.620911
1432,2021-06-26,281.133942,279.438049
1433,2021-06-27,279.865295,290.567017
1434,2021-06-28,290.818695,289.534119
1435,2021-06-29,289.919128,300.211548
1436,2021-06-30,300.958801,303.295868
1437,2021-07-01,303.527374,288.218414
1438,2021-07-02,287.754456,287.423096
1439,2021-07-03,287.215607,298.237122
1440,2021-07-04,298.113556,307.732086
1441,2021-07-05,307.684845,302.377991
1442,2021-07-06,302.195587,320.934814
1443,2021-07-07,320.191772,327.522461
1444,2021-07-08,327.957855,310.427124
1445,2021-07-09,310.010284,316.484528
1446,2021-07-10,316.996307,316.140137
1447,2021-07-11,316.056366,322.031647
1448,2021-07-12,322.034912,316.328186
1449,2021-07-13,316.26889,308.811157
1450,2021-07-14,308.952606,309.406372
1451,2021-07-15,309.500641,315.244019
1452,2021-07-16,315.691101,302.985596
1453,2021-07-17,302.934845,300.497925
1454,2021-07-18,300.595978,302.480499
1455,2021-07-19,302.268219,280.018616
1456,2021-07-20,280.564972,264.782379
1457,2021-07-21,264.494751,292.531372
1458,2021-07-22,293.14267,293.641144
1459,2021-07-23,293.601318,299.28299
1460,2021-07-24,299.047852,302.071869
1461,2021-07-25,301.846619,302.436157
1462,2021-07-26,302.73288,304.478241
1463,2021-07-27,304.124268,313.6026
1464,2021-07-28,314.055115,313.42865
1465,2021-07-29,313.619232,316.749451
1466,2021-07-30,317.064087,322.909363
1467,2021-07-31,322.538879,333.549591
1468,2021-08-01,332.292694,333.484009
1469,2021-08-02,332.923218,331.103119
1470,2021-08-03,330.87204,322.747742
1471,2021-08-04,323.506073,334.918793
1472,2021-08-05,334.91272,337.873871
1473,2021-08-06,337.947968,342.136993
1474,2021-08-07,342.376434,355.741364
1475,2021-08-08,356.266541,342.064758
1476,2021-08-09,341.91629,354.966827
1477,2021-08-10,354.449615,371.954376
1478,2021-08-11,372.093719,391.75705
1479,2021-08-12,391.405273,385.81897
1480,2021-08-13,386.044067,410.944885
1481,2021-08-14,410.783539,409.034485
1482,2021-08-15,408.982208,414.595032
1483,2021-08-16,414.357666,417.470856
1484,2021-08-17,416.069122,401.908905
1485,2021-08-18,401.88205,398.251465
1486,2021-08-19,396.494385,430.988861
1487,2021-08-20,430.975037,454.93631
1488,2021-08-21,455.133392,448.920258
1489,2021-08-22,449.225616,449.053497
1490,2021-08-23,449.105469,499.890594
1491,2021-08-24,500.217712,471.595459
1492,2021-08-25,472.202026,502.786255
1493,2021-08-26,503.55249,479.006104
1494,2021-08-27,478.630157,494.498688
1495,2021-08-28,494.670624,486.19693
1496,2021-08-29,486.208588,480.28302
1497,2021-08-30,480.289948,459.490753
1498,2021-08-31,460.623993,464.418732
1499,2021-09-01,464.272919,490.068726
1500,2021-09-02,489.859894,483.921051
1501,2021-09-03,483.756592,488.604706
1502,2021-09-04,488.407013,498.07843
1503,2021-09-05,497.704865,504.619873
1504,2021-09-06,504.69809,495.925018
1505,2021-09-07,496.036346,417.508789
1506,2021-09-08,417.918884,415.113159
1507,2021-09-09,405.580597,421.27002
1508,2021-09-10,421.26889,401.621796
1509,2021-09-11,401.263489,405.527374
1510,2021-09-12,405.39917,416.683228
1511,2021-09-13,416.7966,399.063446
1512,2021-09-14,399.206787,414.236237
1513,2021-09-15,414.4935,431.423035
1514,2021-09-16,431.290588,424.649231
1515,2021-09-17,424.403564,406.632813
1516,2021-09-18,406.462433,410.809296
1517,2021-09-19,410.603119,408.471649
1518,2021-09-20,408.51355,361.965912
1519,2021-09-21,364.053528,344.534607
1520,2021-09-22,343.665405,379.440338
1521,2021-09-23,379.15567,383.820404
1522,2021-09-24,383.806305,355.316284
1523,2021-09-25,355.407379,349.880096
1524,2021-09-26,349.880676,344.181763
1525,2021-09-27,344.651703,336.191223
1526,2021-09-28,335.807556,333.032593
1527,2021-09-29,333.397919,367.989594
1528,2021-09-30,367.786011,387.057343
1529,2021-10-01,387.635986,421.643188
1530,2021-10-02,421.477081,428.098328
1531,2021-10-03,427.351105,430.50882
1532,2021-10-04,430.584503,425.748901
1533,2021-10-05,426.214203,442.706146
1534,2021-10-06,441.855438,437.522217
