,date,dow_open,dow_close
0,09/15/21,34580.95,34814.39
1,09/14/21,34906.9,34577.57
2,09/13/21,34665.5,34869.63
3,09/10/21,34949.59,34607.72
4,09/09/21,35013.08,34879.38
5,09/08/21,35087.45,35031.07
6,09/07/21,35373.24,35100.0
7,09/03/21,35401.73,35369.09
8,09/02/21,35353.06,35443.82
9,09/01/21,35387.55,35312.53
10,08/31/21,35391.38,35360.73
11,08/30/21,35471.8,35399.84
12,08/27/21,35231.11,35455.8
13,08/26/21,35449.68,35213.12
14,08/25/21,35388.77,35405.5
15,08/24/21,35382.72,35366.26
16,08/23/21,35160.97,35335.71
17,08/20/21,34917.96,35120.08
18,08/19/21,34874.67,34894.12
19,08/18/21,35310.2,34960.69
20,08/17/21,35500.01,35343.28
21,08/16/21,35490.83,35625.4
22,08/13/21,35551.56,35515.38
23,08/12/21,35481.94,35499.85
24,08/11/21,35300.89,35484.97
25,08/10/21,35135.17,35264.67
26,08/09/21,35229.67,35101.85
27,08/06/21,35077.44,35208.51
28,08/05/21,34815.61,35064.25
29,08/04/21,35047.44,34792.67
30,08/03/21,34864.1,35116.4
31,08/02/21,34968.56,34838.16
32,07/30/21,35013.26,34935.47
33,07/29/21,34985.99,35084.53
34,07/28/21,35109.95,34930.93
35,07/27/21,35078.9,35058.52
36,07/26/21,35055.86,35144.31
37,07/23/21,34855.11,35061.55
38,07/22/21,34799.68,34823.35
39,07/21/21,34556.96,34798.0
40,07/20/21,33981.79,34511.99
41,07/19/21,34528.48,33962.04
42,07/16/21,35007.94,34687.85
43,07/15/21,34924.81,34987.02
44,07/14/21,34920.83,34933.23
45,07/13/21,34959.96,34888.79
46,07/12/21,34836.75,34996.18
47,07/09/21,34457.51,34870.16
48,07/08/21,34569.01,34421.93
49,07/07/21,34604.17,34681.79
50,07/06/21,34790.16,34577.37
51,07/02/21,34642.42,34786.35
52,07/01/21,34507.32,34633.53
53,06/30/21,34290.74,34502.51
54,06/29/21,34338.89,34292.29
55,06/28/21,34428.1,34283.27
56,06/25/21,34328.1,34433.84
57,06/24/21,33933.91,34196.82
58,06/23/21,33948.54,33874.24
59,06/22/21,33872.56,33945.58
60,06/21/21,33312.07,33876.97
61,06/18/21,33622.7,33290.08
62,06/17/21,34014.38,33823.45
63,06/16/21,34308.48,34033.67
64,06/15/21,34397.1,34299.33
65,06/14/21,34472.52,34393.75
66,06/11/21,34499.81,34479.6
67,06/10/21,34502.51,34466.24
68,06/09/21,34626.16,34447.14
69,06/08/21,34645.84,34599.82
70,06/07/21,34766.2,34630.24
71,06/04/21,34618.69,34756.39
72,06/03/21,34550.31,34577.04
73,06/02/21,34614.62,34600.38
74,06/01/21,34584.19,34575.31
75,05/28/21,34558.5,34529.45
76,05/27/21,34432.47,34464.64
77,05/26/21,34336.34,34323.05
78,05/25/21,34428.66,34312.46
79,05/24/21,34253.87,34393.98
80,05/21/21,34121.91,34207.84
81,05/20/21,33906.3,34084.15
82,05/19/21,33945.81,33896.04
83,05/18/21,34351.18,34060.66
84,05/17/21,34375.29,34327.79
85,05/14/21,34050.86,34382.13
86,05/13/21,33624.74,34021.45
87,05/12/21,34206.4,33587.66
88,05/11/21,34572.74,34269.16
89,05/10/21,34785.27,34742.82
90,05/07/21,34578.27,34777.76
91,05/06/21,34245.11,34548.53
92,05/05/21,34163.99,34230.34
93,05/04/21,34080.2,34133.03
94,05/03/21,33904.89,34113.23
95,04/30/21,33988.75,33874.85
96,04/29/21,33855.64,34060.36
97,04/28/21,33860.46,33820.38
98,04/27/21,33932.13,33984.93
99,04/26/21,34044.23,33981.57
100,04/23/21,33804.52,34043.49
101,04/22/21,34109.88,33815.9
102,04/21/21,33808.3,34137.31
103,04/20/21,34034.18,33821.3
104,04/19/21,34182.38,34077.63
105,04/16/21,34058.16,34200.67
106,04/15/21,33788.53,34035.99
107,04/14/21,33668.95,33730.89
108,04/13/21,33721.16,33677.27
109,04/12/21,33775.06,33745.4
110,04/09/21,33526.19,33800.6
111,04/08/21,33469.89,33503.57
112,04/07/21,33444.98,33446.26
113,04/06/21,33500.02,33430.24
114,04/05/21,33222.38,33527.19
115,04/01/21,33054.58,33153.21
116,03/31/21,33116.04,32981.55
117,03/30/21,33127.88,33066.96
118,03/29/21,33087.55,33171.37
119,03/26/21,32681.07,33072.88
120,03/25/21,32346.81,32619.48
121,03/24/21,32470.88,32420.06
122,03/23/21,32691.5,32423.15
123,03/22/21,32601.82,32731.2
124,03/19/21,32858.36,32627.97
125,03/18/21,32928.16,32862.3
126,03/17/21,32825.52,33015.37
127,03/16/21,32966.75,32825.95
128,03/15/21,32798.84,32953.46
129,03/12/21,32462.4,32778.64
130,03/11/21,32354.5,32485.59
131,03/10/21,31906.96,32297.02
132,03/09/21,31892.35,31832.74
133,03/08/21,31512.15,31802.44
134,03/05/21,31029.18,31496.3
135,03/04/21,31289.01,30924.14
136,03/03/21,31352.96,31270.09
137,03/02/21,31535.37,31391.52
138,03/01/21,31065.9,31535.51
139,02/26/21,31401.29,30932.37
140,02/25/21,31955.94,31402.01
141,02/24/21,31499.75,31961.86
142,02/23/21,31501.89,31537.35
143,02/22/21,31381.12,31521.69
144,02/19/21,31504.13,31494.32
145,02/18/21,31558.6,31493.34
146,02/17/21,31485.61,31613.02
147,02/16/21,31472.08,31522.75
148,02/12/21,31420.8,31458.4
149,02/11/21,31466.49,31430.7
150,02/10/21,31428.02,31437.8
151,02/09/21,31359.88,31375.83
152,02/08/21,31191.2,31385.76
153,02/05/21,31093.81,31148.24
154,02/04/21,30737.78,31055.86
155,02/03/21,30689.65,30723.6
156,02/02/21,30276.88,30687.48
157,02/01/21,30054.73,30211.91
158,01/29/21,30553.91,29982.62
159,01/28/21,30377.19,30603.36
160,01/27/21,30893.78,30303.17
161,01/26/21,30968.55,30937.04
162,01/25/21,30989.85,30960.0
163,01/22/21,31141.56,30996.98
164,01/21/21,31198.01,31176.01
165,01/20/21,31017.54,31188.38
166,01/19/21,30887.42,30930.52
167,01/15/21,30926.77,30814.26
168,01/14/21,31085.67,30991.52
169,01/13/21,31084.88,31060.47
170,01/12/21,31015.01,31068.69
171,01/11/21,31015.37,31008.69
172,01/08/21,31069.58,31097.97
173,01/07/21,30901.18,31041.13
174,01/06/21,30362.78,30829.4
175,01/05/21,30204.25,30391.6
176,01/04/21,30627.47,30223.89
177,12/31/20,30417.64,30606.48
178,12/30/20,30415.09,30409.56
179,12/29/20,30492.07,30335.67
180,12/28/20,30283.23,30403.97
181,12/24/20,30155.92,30199.87
182,12/23/20,30046.73,30129.83
183,12/22/20,30200.2,30015.51
184,12/21/20,30159.0,30216.45
185,12/18/20,30314.26,30179.05
186,12/17/20,30216.0,30303.37
187,12/16/20,30191.38,30154.54
188,12/15/20,29919.09,30199.31
189,12/14/20,30123.91,29861.55
190,12/11/20,29988.21,30046.37
191,12/10/20,30032.55,29999.26
192,12/09/20,30229.81,30068.81
193,12/08/20,29997.95,30173.88
194,12/07/20,30233.03,30069.79
195,12/04/20,29989.56,30218.26
196,12/03/20,29920.83,29969.52
197,12/02/20,29695.09,29883.79
198,12/01/20,29797.5,29823.92
199,11/30/20,29854.51,29638.64
200,11/27/20,29911.33,29910.37
201,11/25/20,30058.87,29872.47
202,11/24/20,29746.11,30046.24
203,11/23/20,29332.82,29591.27
204,11/20/20,29437.57,29263.48
205,11/19/20,29370.92,29483.23
206,11/18/20,29875.4,29438.42
207,11/17/20,29800.15,29783.35
208,11/16/20,29672.36,29950.44
209,11/13/20,29203.9,29479.81
210,11/12/20,29231.91,29080.17
211,11/11/20,29524.35,29397.63
212,11/10/20,29254.17,29420.92
213,11/09/20,29467.9,29157.97
214,11/06/20,28399.13,28323.4
215,11/05/20,28083.37,28390.18
216,11/04/20,27512.83,27847.66
217,11/03/20,27138.69,27480.03
218,11/02/20,26691.28,26925.05
219,10/30/20,26572.27,26501.6
220,10/29/20,26480.98,26659.11
221,10/28/20,27102.14,26519.95
222,10/27/20,27651.18,27463.19
223,10/26/20,28185.82,27685.38
224,10/23/20,28409.65,28335.57
225,10/22/20,28197.42,28363.66
226,10/21/20,28270.66,28210.82
227,10/20/20,28245.85,28308.79
228,10/19/20,28633.55,28195.42
229,10/16/20,28570.72,28606.31
230,10/15/20,28323.4,28494.2
231,10/14/20,28731.3,28514.0
232,10/13/20,28764.95,28679.81
233,10/12/20,28671.12,28837.52
234,10/09/20,28533.61,28586.9
235,10/08/20,28348.86,28425.51
236,10/07/20,27971.36,28303.46
237,10/06/20,28214.24,27772.76
238,10/05/20,27825.42,28148.64
239,10/02/20,27536.39,27682.81
240,10/01/20,27940.63,27816.9
241,09/30/20,27514.64,27781.7
242,09/29/20,27560.24,27452.66
243,09/28/20,27362.14,27584.06
244,09/25/20,26694.51,27173.96
245,09/24/20,26716.09,26815.44
246,09/23/20,27413.6,26763.13
247,09/22/20,27170.34,27288.18
248,09/21/20,27484.71,27147.7
249,09/18/20,27864.87,27657.42
250,09/17/20,27834.18,27901.98
251,09/16/20,28031.69,28032.38
252,09/15/20,28139.76,27995.6
253,09/14/20,27718.74,27993.33
254,09/11/20,27613.86,27665.64
255,09/10/20,28022.51,27534.58
256,09/09/20,27711.71,27940.47
257,09/08/20,27925.23,27500.89
258,09/04/20,28341.05,28133.31
259,09/03/20,29090.7,28292.73
260,09/02/20,28736.79,29100.5
261,09/01/20,28439.61,28645.66
262,08/31/20,28643.66,28430.05
263,08/28/20,28601.29,28653.87
264,08/27/20,28384.07,28492.27
265,08/26/20,28257.88,28331.92
266,08/25/20,28347.42,28248.44
267,08/24/20,28077.58,28308.46
268,08/21/20,27758.13,27930.33
269,08/20/20,27622.68,27739.73
270,08/19/20,27811.26,27692.88
271,08/18/20,27853.48,27778.07
272,08/17/20,27970.05,27844.91
273,08/14/20,27828.93,27931.02
274,08/13/20,27922.51,27896.72
275,08/12/20,27860.24,27976.84
276,08/11/20,27961.64,27686.91
277,08/10/20,27488.21,27791.44
278,08/07/20,27321.68,27433.48
279,08/06/20,27170.82,27386.98
280,08/05/20,26924.78,27201.52
281,08/04/20,26664.61,26828.47
282,08/03/20,26542.32,26664.4
283,07/31/20,26409.33,26428.32
284,07/30/20,26367.42,26313.65
285,07/29/20,26388.44,26539.57
286,07/28/20,26529.45,26379.28
287,07/27/20,26447.67,26584.77
288,07/24/20,26533.41,26469.89
289,07/23/20,26955.97,26652.33
290,07/22/20,26824.56,27005.84
291,07/21/20,26833.14,26840.4
292,07/20/20,26660.29,26680.87
293,07/17/20,26774.62,26671.95
294,07/16/20,26746.57,26734.71
295,07/15/20,27009.81,26870.1
296,07/14/20,26044.17,26642.59
297,07/13/20,26225.07,26085.8
298,07/10/20,25690.35,26075.3
299,07/09/20,26094.92,25706.09
300,07/08/20,25950.06,26067.28
301,07/07/20,26172.01,25890.18
302,07/06/20,25996.08,26287.03
303,07/02/20,25936.45,25827.36
304,07/01/20,25879.38,25734.97
305,06/30/20,25512.43,25812.88
306,06/29/20,25152.45,25595.8
307,06/26/20,25641.69,25015.55
308,06/25/20,25365.22,25745.6
309,06/24/20,25992.96,25445.94
310,06/23/20,26159.39,26156.1
311,06/22/20,25865.08,26024.96
312,06/19/20,26213.1,25871.46
313,06/18/20,26016.45,26080.1
314,06/17/20,26330.52,26119.61
315,06/16/20,26326.68,26289.98
316,06/15/20,25270.39,25763.16
317,06/12/20,25659.42,25605.54
318,06/11/20,26282.51,25128.17
319,06/10/20,27251.89,26989.99
320,06/09/20,27447.37,27272.3
321,06/08/20,27232.93,27572.44
322,06/05/20,26836.8,27110.98
323,06/04/20,26226.49,26281.82
324,06/03/20,25906.88,26269.89
325,06/02/20,25582.52,25742.65
326,06/01/20,25342.99,25475.02
327,05/29/20,25324.15,25383.11
328,05/28/20,25697.36,25400.64
329,05/27/20,25298.63,25548.27
330,05/26/20,24781.84,24995.11
331,05/22/20,24461.98,24465.16
332,05/21/20,24564.27,24474.12
333,05/20/20,24455.94,24575.9
334,05/19/20,24577.48,24206.86
335,05/18/20,24059.98,24597.37
336,05/15/20,23454.83,23685.42
337,05/14/20,23049.06,23625.34
338,05/13/20,23702.16,23247.97
339,05/12/20,24292.84,23764.78
340,05/11/20,24256.45,24221.99
341,05/08/20,24107.82,24331.32
342,05/07/20,23837.21,23875.89
343,05/06/20,23978.88,23664.64
344,05/05/20,23958.88,23883.09
345,05/04/20,23581.55,23749.76
346,05/01/20,24120.78,23723.69
347,04/30/20,24585.57,24345.72
348,04/29/20,24490.37,24633.86
349,04/28/20,24357.17,24101.55
350,04/27/20,23866.15,24133.78
351,04/24/20,23628.24,23775.27
352,04/23/20,23543.09,23515.26
353,04/22/20,23437.34,23475.82
354,04/21/20,23365.25,23018.88
355,04/20/20,24095.1,23650.44
356,04/17/20,23817.15,24242.49
357,04/16/20,23543.66,23537.68
358,04/15/20,23600.72,23504.35
359,04/14/20,23690.57,23949.76
360,04/13/20,23698.93,23390.77
361,04/09/20,23690.66,23719.37
362,04/08/20,22893.47,23433.57
363,04/07/20,23537.44,22653.86
364,04/06/20,21693.63,22679.99
365,04/03/20,21285.93,21052.53
366,04/02/20,20819.46,21413.44
367,04/01/20,21227.38,20943.51
368,03/31/20,22208.42,21917.16
369,03/30/20,21678.22,22327.48
370,03/27/20,21898.47,21636.78
371,03/26/20,21468.38,22552.17
372,03/25/20,21050.34,21200.55
373,03/24/20,19722.19,20704.91
374,03/23/20,19028.36,18591.93
375,03/20/20,20253.15,19173.98
376,03/19/20,19830.01,20087.19
377,03/18/20,20188.69,19898.92
378,03/17/20,20487.05,21237.38
379,03/16/20,20917.53,20188.52
380,03/13/20,21973.82,23185.62
381,03/12/20,22184.71,21200.62
382,03/11/20,24604.63,23553.22
383,03/10/20,24453.0,25018.16
384,03/09/20,24992.36,23851.02
385,03/06/20,25457.21,25864.78
386,03/05/20,26671.92,26121.28
387,03/04/20,26383.68,27090.86
388,03/03/20,26762.47,25917.41
389,03/02/20,25590.51,26703.32
390,02/28/20,25270.83,25409.36
391,02/27/20,26526.0,25766.64
392,02/26/20,27159.46,26957.59
393,02/25/20,28037.65,27081.36
394,02/24/20,28402.93,27960.8
395,02/21/20,29146.53,28992.41
396,02/20/20,29296.25,29219.98
397,02/19/20,29312.7,29348.03
398,02/18/20,29282.78,29232.19
399,02/17/20,29398.08,29398.08
400,02/14/20,29440.47,29398.08
401,02/13/20,29436.03,29423.31
402,02/12/20,29406.75,29551.42
403,02/11/20,29390.71,29276.34
404,02/10/20,28995.66,29276.82
405,02/07/20,29286.92,29102.51
406,02/06/20,29388.58,29379.77
407,02/05/20,29048.73,29290.85
408,02/04/20,28696.74,28807.63
409,02/03/20,28319.65,28399.81
410,01/31/20,28813.04,28256.03
411,01/30/20,28640.16,28859.44
412,01/29/20,28820.53,28734.45
413,01/28/20,28594.28,28722.85
414,01/27/20,28542.49,28535.8
415,01/24/20,29230.39,28989.73
416,01/23/20,29111.02,29160.09
417,01/22/20,29263.63,29186.27
418,01/21/20,29269.05,29196.04
419,01/17/20,29313.31,29348.1
420,01/16/20,29131.95,29297.64
421,01/15/20,28901.8,29030.22
422,01/14/20,28895.5,28939.67
423,01/13/20,28869.01,28907.05
424,01/10/20,28977.52,28823.77
425,01/09/20,28851.97,28956.9
426,01/08/20,28556.14,28745.09
427,01/07/20,28639.18,28583.68
428,01/06/20,28465.5,28703.38
429,01/03/20,28553.33,28634.88
430,01/02/20,28638.97,28868.8
431,12/31/19,28414.64,28538.44
432,12/30/19,28654.76,28462.14
433,12/27/19,28675.34,28645.26
434,12/26/19,28539.46,28621.39
435,12/24/19,28572.57,28515.45
436,12/23/19,28491.78,28551.53
437,12/20/19,28608.64,28455.09
438,12/19/19,28278.31,28376.96
439,12/18/19,28291.44,28239.28
440,12/17/19,28221.75,28267.16
441,12/16/19,28191.67,28235.89
442,12/13/19,28123.64,28135.38
443,12/12/19,27898.34,28132.05
444,12/11/19,27867.31,27911.3
445,12/10/19,27900.65,27881.72
446,12/09/19,27987.05,27909.6
447,12/06/19,27839.68,28015.06
448,12/05/19,27736.05,27677.79
449,12/04/19,27634.63,27649.78
450,12/03/19,27501.98,27502.81
451,12/02/19,28109.74,27783.04
452,11/29/19,28103.16,28051.41
453,11/27/19,28156.47,28164.0
454,11/26/19,28080.75,28121.68
455,11/25/19,27917.77,28066.47
456,11/22/19,27831.23,27875.62
457,11/21/19,27820.28,27766.29
458,11/20/19,27879.55,27821.09
459,11/19/19,28079.76,27934.02
460,11/18/19,27993.22,28036.22
461,11/15/19,27843.54,28004.89
462,11/14/19,27757.2,27781.96
463,11/13/19,27622.04,27783.59
464,11/12/19,27701.59,27691.49
465,11/11/19,27580.66,27691.49
466,11/08/19,27686.2,27681.24
467,11/07/19,27590.16,27674.8
468,11/06/19,27502.74,27492.56
469,11/05/19,27500.23,27492.63
470,11/04/19,27402.06,27462.11
471,11/01/19,27142.95,27347.36
472,10/31/19,27188.37,27046.23
473,10/30/19,27110.71,27186.69
474,10/29/19,27061.07,27071.42
475,10/28/19,27040.33,27090.72
476,10/25/19,26789.61,26958.06
477,10/24/19,26893.93,26805.53
478,10/23/19,26835.24,26833.95
479,10/22/19,26850.43,26788.1
480,10/21/19,26852.67,26827.64
481,10/18/19,27004.49,26770.2
482,10/17/19,27032.38,27025.88
483,10/16/19,26972.31,27001.98
484,10/15/19,26811.2,27024.8
485,10/14/19,26766.43,26787.36
486,10/11/19,26694.2,26816.59
487,10/10/19,26317.35,26496.67
488,10/09/19,26308.23,26346.01
489,10/08/19,26276.59,26164.04
490,10/07/19,26502.33,26478.02
491,10/04/19,26271.7,26573.72
492,10/03/19,26039.02,26201.04
493,10/02/19,26425.86,26078.62
494,10/01/19,26962.54,26573.04
495,09/30/19,26852.33,26916.83
496,09/27/19,26987.26,26820.25
497,09/26/19,27004.11,26891.12
498,09/25/19,26866.71,26970.71
499,09/24/19,27034.07,26807.77
500,09/23/19,26851.45,26949.99
501,09/20/19,27102.18,26935.07
502,09/19/19,27186.05,27094.79
503,09/18/19,27075.39,27147.08
504,09/17/19,27010.12,27110.8
505,09/16/19,27146.06,27076.82
506,09/13/19,27216.67,27219.52
507,09/12/19,27197.32,27182.45
508,09/11/19,26928.05,27137.04
509,09/10/19,26805.83,26909.43
510,09/09/19,26866.23,26835.51
511,09/06/19,26790.25,26797.46
512,09/05/19,26603.15,26728.15
513,09/04/19,26301.99,26355.47
514,09/03/19,26198.26,26118.02
515,08/30/19,26476.39,26403.28
516,08/29/19,26249.09,26362.25
517,08/28/19,25712.99,26036.1
518,08/27/19,26014.46,25777.9
519,08/26/19,25826.05,25898.83
520,08/23/19,26134.21,25628.9
521,08/22/19,26271.64,26252.24
522,08/21/19,26145.36,26202.73
523,08/20/19,26086.86,25962.44
524,08/19/19,26020.06,26135.79
525,08/16/19,25678.17,25886.01
526,08/15/19,25514.25,25579.39
527,08/14/19,26035.08,25479.42
528,08/13/19,25888.88,26279.91
529,08/12/19,26169.91,25907.37
530,08/09/19,26337.09,26287.44
531,08/08/19,26086.52,26378.19
532,08/07/19,25814.22,26007.07
533,08/06/19,25810.62,26029.52
534,08/05/19,26259.23,25717.74
535,08/02/19,26528.66,26485.01
536,08/01/19,26879.86,26583.42
537,07/31/19,27244.67,26864.27
538,07/30/19,27145.39,27198.02
539,07/29/19,27192.24,27221.35
540,07/26/19,27166.0,27192.45
541,07/25/19,27247.39,27140.98
542,07/24/19,27262.24,27269.97
543,07/23/19,27231.86,27349.19
544,07/22/19,27174.18,27171.9
545,07/19/19,27246.38,27154.2
546,07/18/19,27191.98,27222.97
547,07/17/19,27320.91,27219.85
548,07/16/19,27349.32,27335.63
549,07/15/19,27364.69,27359.16
550,07/12/19,27139.49,27332.03
551,07/11/19,26950.16,27088.08
552,07/10/19,26851.96,26860.2
553,07/09/19,26725.12,26783.49
554,07/08/19,26835.64,26806.14
555,07/05/19,26867.75,26922.12
556,07/03/19,26832.32,26966.0
557,07/02/19,26719.53,26786.68
558,07/01/19,26805.86,26717.43
559,06/28/19,26605.93,26599.96
560,06/27/19,26523.72,26526.58
561,06/26/19,26599.42,26536.82
562,06/25/19,26731.61,26548.22
563,06/24/19,26727.61,26727.54
564,06/21/19,26749.12,26719.13
565,06/20/19,26665.38,26753.17
566,06/19/19,26490.16,26504.0
567,06/18/19,26228.88,26465.54
568,06/17/19,26108.53,26112.53
569,06/14/19,26076.36,26089.61
570,06/13/19,26036.94,26106.77
571,06/12/19,26040.3,26004.83
572,06/11/19,26180.59,26048.51
573,06/10/19,26090.22,26062.68
574,06/07/19,25768.72,25983.94
575,06/06/19,25567.45,25720.66
576,06/05/19,25451.0,25539.57
577,06/04/19,24962.82,25332.18
578,06/03/19,24830.16,24819.78
579,05/31/19,25046.31,24815.04
580,05/30/19,25139.94,25169.88
581,05/29/19,25231.46,25126.41
582,05/28/19,25616.55,25347.77
583,05/24/19,25551.07,25585.69
584,05/23/19,25657.99,25490.47
585,05/22/19,25818.46,25776.61
586,05/21/19,25782.34,25877.33
587,05/20/19,25655.31,25679.9
588,05/17/19,25719.95,25764.0
589,05/16/19,25692.14,25862.68
590,05/15/19,25400.13,25648.02
591,05/14/19,25384.03,25532.05
592,05/13/19,25568.06,25324.99
593,05/10/19,25763.72,25942.37
594,05/09/19,25878.85,25828.36
595,05/08/19,25933.79,25967.33
596,05/07/19,26276.9,25965.09
597,05/06/19,26160.62,26438.48
598,05/03/19,26379.14,26504.95
599,05/02/19,26407.15,26307.79
600,05/01/19,26639.06,26430.14
601,04/30/19,26594.56,26592.91
602,04/29/19,26559.87,26554.39
603,04/26/19,26454.62,26543.33
604,04/25/19,26426.37,26462.08
605,04/24/19,26652.56,26597.05
606,04/23/19,26513.83,26656.39
607,04/22/19,26510.77,26511.05
608,04/18/19,26463.37,26559.54
609,04/17/19,26468.53,26449.54
610,04/16/19,26482.19,26452.66
611,04/15/19,26407.76,26384.77
612,04/12/19,26357.79,26412.3
613,04/11/19,26188.21,26143.05
614,04/10/19,26173.71,26157.16
615,04/09/19,26243.54,26150.58
616,04/08/19,26312.67,26341.02
617,04/05/19,26427.56,26424.99
618,04/04/19,26213.42,26384.63
619,04/03/19,26238.03,26218.13
620,04/02/19,26213.55,26179.13
621,04/01/19,26075.1,26258.42
622,03/29/19,25827.31,25928.68
623,03/28/19,25693.32,25717.46
624,03/27/19,25676.34,25625.59
625,03/26/19,25649.56,25657.73
626,03/25/19,25490.72,25516.83
627,03/22/19,25844.65,25502.32
628,03/21/19,25688.44,25962.51
629,03/20/19,25867.79,25745.67
630,03/19/19,25987.87,25887.38
631,03/18/19,25801.88,25914.1
632,03/15/19,25720.96,25848.87
633,03/14/19,25692.31,25709.94
634,03/13/19,25637.23,25702.89
635,03/12/19,25600.3,25554.66
636,03/11/19,25208.0,25650.88
637,03/08/19,25347.38,25450.24
638,03/07/19,25645.45,25473.23
639,03/06/19,25818.76,25673.46
640,03/05/19,25829.07,25806.63
641,03/04/19,26122.19,25819.65
642,03/01/19,26019.67,26026.32
643,02/28/19,25984.28,25916.0
644,02/27/19,25995.6,25985.16
645,02/26/19,26051.61,26057.98
646,02/25/19,26126.15,26091.95
647,02/22/19,25906.27,26031.81
648,02/21/19,25922.41,25850.63
649,02/20/19,25872.26,25954.44
650,02/19/19,25849.85,25891.32
651,02/15/19,25564.63,25883.25
652,02/14/19,25460.65,25439.39
653,02/13/19,25480.86,25543.27
654,02/12/19,25152.03,25425.76
655,02/11/19,25142.81,25053.11
656,02/08/19,25042.36,25106.33
657,02/07/19,25265.81,25169.53
658,02/06/19,25371.57,25390.3
659,02/05/19,25287.93,25411.52
660,02/04/19,25062.12,25239.37
661,02/01/19,25025.31,25063.89
662,01/31/19,24954.48,24999.67
663,01/30/19,24826.52,25014.86
664,01/29/19,24519.62,24579.96
665,01/28/19,24596.98,24528.22
666,01/25/19,24687.21,24737.2
667,01/24/19,24579.96,24553.24
668,01/23/19,24577.25,24575.62
669,01/22/19,24607.76,24404.48
670,01/18/19,24534.19,24706.35
671,01/17/19,24147.09,24370.1
672,01/16/19,24139.91,24207.16
673,01/15/19,23914.11,24065.59
674,01/14/19,23880.53,23909.84
675,01/11/19,23940.01,23995.95
676,01/10/19,23811.11,24001.92
677,01/09/19,23844.27,23879.12
678,01/08/19,23680.32,23787.45
679,01/07/19,23474.26,23531.35
680,01/04/19,22894.92,23433.16
681,01/03/19,23176.39,22686.22
682,01/02/19,23058.61,23346.24
683,12/31/18,23153.94,23327.46
684,12/28/18,23213.61,23062.4
685,12/27/18,22629.06,23138.82
686,12/26/18,21857.73,22878.45
687,12/24/18,22317.28,21792.2
688,12/21/18,22871.74,22445.37
689,12/20/18,23224.12,22859.6
690,12/19/18,23693.33,23323.66
691,12/18/18,23769.13,23675.64
692,12/17/18,23986.83,23592.98
693,12/14/18,24408.04,24100.51
694,12/13/18,24575.86,24597.38
695,12/12/18,24509.09,24527.27
696,12/11/18,24719.91,24370.24
697,12/10/18,24360.95,24423.26
698,12/07/18,24918.82,24388.95
699,12/06/18,24737.42,24947.67
700,12/04/18,25752.56,25027.07
701,12/03/18,25779.57,25826.43
702,11/30/18,25307.14,25538.46
703,11/29/18,25343.65,25338.84
704,11/28/18,24832.84,25366.43
705,11/27/18,24557.02,24748.73
706,11/26/18,24364.13,24640.24
707,11/23/18,24336.4,24285.95
708,11/21/18,24541.65,24464.69
709,11/20/18,24618.68,24465.64
710,11/19/18,25392.61,25017.44
711,11/16/18,25242.35,25413.22
712,11/15/18,25061.48,25289.27
713,11/14/18,25388.08,25080.5
714,11/13/18,25321.21,25286.49
715,11/12/18,25959.33,25387.18
716,11/09/18,26149.11,25989.3
717,11/08/18,26139.59,26191.22
718,11/07/18,25788.46,26180.3
719,11/06/18,25452.83,25635.01
720,11/05/18,25261.47,25461.7
721,11/02/18,25443.6,25270.83
722,11/01/18,25142.08,25380.74
723,10/31/18,25008.82,25115.76
724,10/30/18,24482.04,24874.64
725,10/29/18,24818.98,24442.92
726,10/26/18,24770.25,24688.31
727,10/25/18,24736.54,24984.55
728,10/24/18,25172.88,24583.42
729,10/23/18,25038.46,25191.43
730,10/22/18,25492.14,25317.41
731,10/19/18,25421.09,25444.34
732,10/18/18,25645.56,25379.45
733,10/17/18,25705.87,25706.68
734,10/16/18,25351.53,25798.42
735,10/15/18,25332.46,25250.55
736,10/12/18,25407.63,25339.99
737,10/11/18,25518.39,25052.83
738,10/10/18,26441.73,25598.74
739,10/09/18,26469.19,26430.57
740,10/08/18,26399.45,26486.78
741,10/05/18,26632.77,26447.05
742,10/04/18,26784.08,26627.48
743,10/03/18,26833.47,26828.39
744,10/02/18,26648.91,26773.94
745,10/01/18,26598.36,26651.21
746,09/28/18,26407.66,26458.31
747,09/27/18,26418.27,26439.93
748,09/26/18,26536.86,26385.28
749,09/25/18,26601.58,26492.21
750,09/24/18,26705.25,26562.05
751,09/21/18,26726.25,26743.5
752,09/20/18,26519.39,26656.98
753,09/19/18,26287.84,26405.76
754,09/18/18,26076.21,26246.96
755,09/17/18,26151.66,26062.12
756,09/14/18,26169.56,26154.67
757,09/13/18,26083.94,26145.99
758,09/12/18,25989.07,25998.92
759,09/11/18,25841.14,25971.06
760,09/10/18,25991.91,25857.07
761,09/07/18,25951.02,25916.54
762,09/06/18,25973.02,25995.87
763,09/05/18,25919.84,25974.99
764,09/04/18,25916.07,25952.48
765,08/31/18,25964.85,25964.82
766,08/30/18,26099.01,25986.92
767,08/29/18,26082.53,26124.57
768,08/28/18,26092.7,26064.02
769,08/27/18,25882.71,26049.64
770,08/24/18,25688.58,25790.35
771,08/23/18,25714.86,25656.98
772,08/22/18,25825.06,25733.6
773,08/21/18,25786.99,25822.29
774,08/20/18,25727.7,25758.69
775,08/17/18,25550.8,25669.32
776,08/16/18,25294.97,25558.73
777,08/15/18,25235.37,25162.41
778,08/14/18,25215.69,25299.92
779,08/13/18,25327.19,25187.7
780,08/10/18,25401.19,25313.14
781,08/09/18,25589.79,25509.23
782,08/08/18,25615.72,25583.75
783,08/07/18,25551.65,25628.91
784,08/06/18,25437.43,25502.18
785,08/03/18,25360.37,25462.58
786,08/02/18,25256.45,25326.16
787,08/01/18,25461.63,25333.82
788,07/31/18,25345.21,25415.19
789,07/30/18,25439.32,25306.83
790,07/27/18,25520.52,25451.06
791,07/26/18,25468.55,25527.07
792,07/25/18,25183.7,25414.1
793,07/24/18,25092.43,25241.94
794,07/23/18,25036.9,25044.29
795,07/20/18,25041.14,25058.12
796,07/19/18,25139.15,25064.5
797,07/18/18,25133.79,25199.29
798,07/17/18,25033.92,25119.89
799,07/16/18,25025.58,25064.36
800,07/13/18,24926.07,25019.41
801,07/12/18,24802.9,24924.89
802,07/11/18,24789.48,24700.45
803,07/10/18,24806.97,24919.66
804,07/09/18,24519.2,24776.59
805,07/06/18,24352.47,24456.48
806,07/05/18,24285.82,24356.74
807,07/03/18,24359.39,24174.82
808,07/02/18,24161.53,24307.18
809,06/29/18,24323.93,24271.41
810,06/28/18,24064.19,24216.05
811,06/27/18,24303.11,24117.59
812,06/26/18,24281.89,24283.11
813,06/25/18,24463.73,24252.8
814,06/22/18,24526.97,24580.89
815,06/21/18,24639.21,24461.7
816,06/20/18,24771.17,24657.8
817,06/19/18,24763.59,24700.21
818,06/18/18,24944.28,24987.47
819,06/15/18,25116.71,25090.48
820,06/14/18,25254.65,25175.31
821,06/13/18,25328.65,25201.2
822,06/12/18,25346.82,25320.73
823,06/11/18,25336.67,25322.31
824,06/08/18,25209.29,25316.53
825,06/07/18,25192.14,25241.41
826,06/06/18,24854.14,25146.39
827,06/05/18,24820.12,24799.98
828,06/04/18,24727.55,24813.69
829,06/01/18,24542.09,24635.21
830,05/31/18,24620.79,24415.84
831,05/30/18,24467.83,24667.78
832,05/29/18,24606.59,24361.45
833,05/25/18,24781.29,24753.09
834,05/24/18,24877.36,24811.76
835,05/23/18,24757.71,24886.81
836,05/22/18,25047.55,24834.41
837,05/21/18,24883.06,25013.29
838,05/18/18,24707.72,24715.09
839,05/17/18,24752.4,24713.98
840,05/16/18,24722.32,24768.93
841,05/15/18,24809.55,24706.41
842,05/14/18,24879.37,24899.41
843,05/11/18,24758.64,24831.17
844,05/10/18,24591.66,24739.53
845,05/09/18,24399.18,24542.54
846,05/08/18,24341.35,24360.21
847,05/07/18,24317.66,24357.32
848,05/04/18,23865.22,24262.51
849,05/03/18,23836.23,23930.15
850,05/02/18,24097.63,23924.98
851,05/01/18,24117.29,24099.05
852,04/30/18,24410.41,24163.15
853,04/27/18,24342.14,24311.19
854,04/26/18,24128.72,24322.34
855,04/25/18,24070.2,24083.83
856,04/24/18,24579.94,24024.13
857,04/23/18,24488.07,24448.69
858,04/20/18,24657.39,24462.94
859,04/19/18,24711.3,24664.89
860,04/18/18,24820.85,24748.07
861,04/17/18,24681.79,24786.63
862,04/16/18,24483.15,24573.04
863,04/13/18,24582.82,24360.14
864,04/12/18,24302.82,24483.05
865,04/11/18,24274.19,24189.45
866,04/10/18,24198.95,24408.0
867,04/09/18,24037.52,23979.1
868,04/06/18,24373.6,23932.76
869,04/05/18,24313.91,24505.22
870,04/04/18,23654.15,24264.3
871,04/03/18,23698.33,24033.36
872,04/02/18,24076.6,23644.19
873,03/29/18,23949.18,24103.11
874,03/28/18,23883.08,23848.42
875,03/27/18,24276.62,23857.71
876,03/26/18,23825.74,24202.6
877,03/23/18,23995.18,23533.2
878,03/22/18,24526.01,23957.89
879,03/21/18,24723.49,24682.31
880,03/20/18,24650.64,24727.27
881,03/19/18,24893.69,24610.91
882,03/16/18,24877.34,24946.51
883,03/15/18,24837.29,24873.66
884,03/14/18,25086.97,24758.12
885,03/13/18,25257.75,25007.03
886,03/12/18,25372.44,25178.61
887,03/09/18,25004.89,25335.74
888,03/08/18,24853.41,24895.21
889,03/07/18,24758.15,24801.36
890,03/06/18,24965.89,24884.12
891,03/05/18,24471.31,24874.76
892,03/02/18,24394.91,24538.06
893,03/01/18,25024.04,24608.98
894,02/28/18,25485.15,25029.2
895,02/27/18,25735.78,25410.03
896,02/26/18,25403.35,25709.27
897,02/23/18,25050.51,25309.99
898,02/22/18,24855.41,24962.48
899,02/21/18,24988.06,24797.78
900,02/20/18,25124.91,24964.75
901,02/19/18,25219.38,25219.38
902,02/16/18,25165.94,25219.38
903,02/15/18,25047.82,25200.37
904,02/14/18,24535.82,24893.49
905,02/13/18,24540.33,24640.45
906,02/12/18,24337.76,24601.27
907,02/09/18,23992.67,24190.9
908,02/08/18,24902.3,23860.46
909,02/07/18,24892.87,24893.35
910,02/06/18,24085.17,24912.77
911,02/05/18,25337.87,24345.75
912,02/02/18,26061.79,25520.96
913,02/01/18,26083.04,26186.71
914,01/31/18,26268.17,26149.39
915,01/30/18,26198.45,26076.89
916,01/29/18,26584.28,26439.48
917,01/26/18,26466.74,26616.71
918,01/25/18,26313.06,26392.79
919,01/24/18,26282.07,26252.12
920,01/23/18,26214.87,26210.81
921,01/22/18,26025.32,26214.6
922,01/19/18,25987.35,26071.72
923,01/18/18,26149.55,26017.81
924,01/17/18,25910.78,26115.65
925,01/16/18,25987.62,25792.86
926,01/12/18,25638.39,25803.19
927,01/11/18,25398.6,25574.73
928,01/10/18,25348.13,25369.13
929,01/09/18,25312.05,25385.8
930,01/08/18,25308.4,25283.0
931,01/05/18,25114.92,25295.87
932,01/04/18,24964.86,25075.13
933,01/03/18,24850.45,24922.68
934,01/02/18,24809.35,24824.01
935,12/29/17,24849.63,24719.22
936,12/28/17,24807.21,24837.51
937,12/27/17,24766.52,24774.3
938,12/26/17,24715.84,24746.21
939,12/22/17,24764.04,24754.06
940,12/21/17,24778.26,24782.29
941,12/20/17,24838.09,24726.65
942,12/19/17,24834.38,24754.75
943,12/18/17,24739.56,24792.2
944,12/15/17,24585.71,24651.74
945,12/14/17,24631.01,24508.66
946,12/13/17,24525.19,24585.43
947,12/12/17,24452.96,24504.8
948,12/11/17,24338.11,24386.03
949,12/08/17,24263.26,24329.16
950,12/07/17,24116.6,24211.48
951,12/06/17,24171.9,24140.91
952,12/05/17,24335.01,24180.64
953,12/04/17,24424.11,24290.05
954,12/01/17,24305.4,24231.59
955,11/30/17,24013.8,24272.35
956,11/29/17,23883.26,23940.68
957,11/28/17,23625.19,23836.71
958,11/27/17,23552.86,23580.78
959,11/24/17,23552.75,23557.99
960,11/22/17,23597.24,23526.18
961,11/21/17,23500.15,23590.83
962,11/20/17,23370.71,23430.33
963,11/17/17,23433.77,23358.24
964,11/16/17,23365.34,23458.36
965,11/15/17,23334.59,23271.28
966,11/14/17,23388.4,23409.47
967,11/13/17,23367.47,23439.7
968,11/10/17,23432.71,23422.21
969,11/09/17,23492.09,23461.94
970,11/08/17,23542.6,23563.36
971,11/07/17,23574.03,23557.23
972,11/06/17,23533.96,23548.42
973,11/03/17,23549.59,23539.19
974,11/02/17,23463.24,23516.26
975,11/01/17,23442.9,23435.01
976,10/31/17,23369.22,23377.24
977,10/30/17,23405.75,23348.74
978,10/27/17,23419.16,23434.19
979,10/26/17,23380.89,23400.86
980,10/25/17,23431.09,23329.46
981,10/24/17,23346.78,23441.76
982,10/23/17,23348.95,23273.96
983,10/20/17,23205.18,23328.63
984,10/19/17,23107.47,23163.04
985,10/18/17,23087.13,23157.6
986,10/17/17,22952.41,22997.44
987,10/16/17,22892.92,22956.96
988,10/13/17,22876.43,22871.72
989,10/12/17,22854.85,22841.01
990,10/11/17,22827.65,22872.89
991,10/10/17,22784.76,22830.68
992,10/09/17,22779.73,22761.07
993,10/06/17,22762.03,22773.67
994,10/05/17,22669.08,22775.39
995,10/04/17,22645.67,22661.64
996,10/03/17,22564.45,22641.67
997,10/02/17,22423.47,22557.6
998,09/29/17,22358.47,22405.09
999,09/28/17,22306.83,22381.2
1000,09/27/17,22330.93,22340.71
1001,09/26/17,22322.03,22284.32
1002,09/25/17,22320.47,22296.09
1003,09/22/17,22334.07,22349.59
1004,09/21/17,22414.02,22359.23
1005,09/20/17,22351.38,22412.59
1006,09/19/17,22349.7,22370.8
1007,09/18/17,22297.92,22331.35
1008,09/15/17,22252.44,22268.34
1009,09/14/17,22144.96,22203.48
1010,09/13/17,22103.47,22158.18
1011,09/12/17,22090.56,22118.86
1012,09/11/17,21927.79,22057.37
1013,09/08/17,21764.43,21797.79
1014,09/07/17,21820.38,21784.78
1015,09/06/17,21815.76,21807.64
1016,09/05/17,21912.37,21753.31
1017,09/01/17,21981.77,21987.56
1018,08/31/17,21936.01,21948.1
1019,08/30/17,21859.76,21892.43
1020,08/29/17,21718.0,21865.37
1021,08/28/17,21832.5,21808.4
1022,08/25/17,21819.08,21813.67
1023,08/24/17,21839.9,21783.4
1024,08/23/17,21850.27,21812.09
1025,08/22/17,21739.78,21899.89
1026,08/21/17,21671.36,21703.75
1027,08/18/17,21724.88,21674.51
1028,08/17/17,21984.74,21750.73
1029,08/16/17,22031.93,22024.87
1030,08/15/17,22029.91,21998.99
1031,08/14/17,21945.64,21993.71
1032,08/11/17,21883.32,21858.32
1033,08/10/17,21988.2,21844.01
1034,08/09/17,22022.34,22048.7
1035,08/08/17,22095.14,22085.34
1036,08/07/17,22100.2,22118.42
1037,08/04/17,22058.39,22092.81
1038,08/03/17,22007.58,22026.1
1039,08/02/17,22004.36,22016.24
1040,08/01/17,21961.42,21963.92
1041,07/31/17,21863.39,21891.12
1042,07/28/17,21787.51,21830.31
1043,07/27/17,21717.42,21796.55
1044,07/26/17,21690.38,21711.01
1045,07/25/17,21638.56,21613.43
1046,07/24/17,21577.78,21513.17
1047,07/21/17,21591.72,21580.07
1048,07/20/17,21641.54,21611.78
1049,07/19/17,21569.25,21640.75
1050,07/18/17,21589.94,21574.73
1051,07/17/17,21633.97,21629.72
1052,07/14/17,21532.77,21637.74
1053,07/13/17,21537.19,21553.09
1054,07/12/17,21467.93,21532.14
1055,07/11/17,21410.17,21409.07
1056,07/10/17,21381.23,21408.52
1057,07/07/17,21354.66,21414.34
1058,07/06/17,21423.93,21320.04
1059,07/05/17,21492.83,21478.17
1060,07/03/17,21392.3,21479.27
1061,06/30/17,21348.6,21349.63
1062,06/29/17,21487.38,21287.03
1063,06/28/17,21372.36,21454.61
1064,06/27/17,21411.19,21310.66
1065,06/26/17,21434.68,21409.55
1066,06/23/17,21380.92,21394.76
1067,06/22/17,21407.98,21397.29
1068,06/21/17,21466.39,21410.03
1069,06/20/17,21521.25,21467.14
1070,06/19/17,21444.75,21528.99
1071,06/16/17,21335.93,21384.28
1072,06/15/17,21291.69,21359.9
1073,06/14/17,21342.71,21374.56
1074,06/13/17,21256.83,21328.47
1075,06/12/17,21259.95,21235.67
1076,06/09/17,21208.96,21271.97
1077,06/08/17,21169.76,21182.53
1078,06/07/17,21171.57,21173.69
1079,06/06/17,21145.48,21136.23
1080,06/05/17,21195.03,21184.04
1081,06/02/17,21142.09,21206.29
1082,06/01/17,21030.55,21144.18
1083,05/31/17,21048.46,21008.65
1084,05/30/17,21045.49,21029.47
1085,05/26/17,21070.15,21080.28
1086,05/25/17,21062.96,21082.95
1087,05/24/17,20949.21,21012.42
1088,05/23/17,20908.67,20937.91
1089,05/22/17,20867.77,20894.83
1090,05/19/17,20698.28,20804.84
1091,05/18/17,20579.65,20663.02
1092,05/17/17,20846.17,20606.93
1093,05/16/17,20984.48,20979.75
1094,05/15/17,20923.63,20981.94
1095,05/12/17,20893.19,20896.61
1096,05/11/17,20925.72,20919.42
1097,05/10/17,20958.49,20943.11
1098,05/09/17,21022.28,20975.78
1099,05/08/17,20991.26,21012.28
1100,05/05/17,20929.04,21006.94
1101,05/04/17,20987.83,20951.47
1102,05/03/17,20915.0,20957.9
1103,05/02/17,20941.19,20949.89
1104,05/01/17,20962.73,20913.46
1105,04/28/17,20987.39,20940.51
1106,04/27/17,20991.12,20981.33
1107,04/26/17,21009.95,20975.09
1108,04/25/17,20915.51,20996.12
1109,04/24/17,20723.59,20763.89
1110,04/21/17,20578.1,20547.76
1111,04/20/17,20406.68,20578.71
1112,04/19/17,20503.52,20404.49
1113,04/18/17,20561.39,20523.28
1114,04/17/17,20484.75,20636.92
1115,04/13/17,20561.69,20453.25
1116,04/12/17,20637.95,20591.86
1117,04/11/17,20644.32,20651.3
1118,04/10/17,20668.22,20658.02
1119,04/07/17,20647.81,20656.1
1120,04/06/17,20653.77,20662.95
1121,04/05/17,20745.06,20648.15
1122,04/04/17,20634.94,20689.24
1123,04/03/17,20665.17,20650.21
1124,03/31/17,20700.34,20663.22
1125,03/30/17,20662.79,20728.49
1126,03/29/17,20675.75,20659.32
1127,03/28/17,20542.14,20701.5
1128,03/27/17,20488.35,20550.98
1129,03/24/17,20674.45,20596.72
1130,03/23/17,20645.07,20656.58
1131,03/22/17,20640.42,20661.3
1132,03/21/17,20956.33,20668.01
1133,03/20/17,20916.27,20905.86
1134,03/17/17,20965.37,20914.62
1135,03/16/17,20969.27,20934.55
1136,03/15/17,20874.78,20950.1
1137,03/14/17,20848.6,20837.37
1138,03/13/17,20899.28,20881.48
1139,03/10/17,20919.01,20902.98
1140,03/09/17,20864.32,20858.19
1141,03/08/17,20940.44,20855.73
1142,03/07/17,20934.89,20924.76
1143,03/06/17,20955.71,20954.34
1144,03/03/17,21008.75,21005.71
1145,03/02/17,21128.91,21002.97
1146,03/01/17,20957.29,21115.55
1147,02/28/17,20833.88,20812.24
1148,02/27/17,20808.71,20837.44
1149,02/24/17,20751.91,20821.76
1150,02/23/17,20817.21,20810.32
1151,02/22/17,20715.41,20775.6
1152,02/21/17,20663.43,20743.0
1153,02/17/17,20564.13,20624.05
1154,02/16/17,20627.31,20619.77
1155,02/15/17,20504.27,20611.86
1156,02/14/17,20374.22,20504.41
1157,02/13/17,20338.54,20412.16
1158,02/10/17,20211.23,20269.37
1159,02/09/17,20061.73,20172.4
1160,02/08/17,20049.29,20054.34
1161,02/07/17,20107.62,20090.29
1162,02/06/17,20025.61,20052.42
1163,02/03/17,19964.21,20071.46
1164,02/02/17,19858.34,19884.91
1165,02/01/17,19923.81,19890.94
1166,01/31/17,19913.16,19864.09
1167,01/30/17,20028.62,19971.13
1168,01/27/17,20103.36,20093.78
1169,01/26/17,20076.25,20100.91
1170,01/25/17,19994.48,20068.51
1171,01/24/17,19794.68,19912.71
1172,01/23/17,19794.79,19799.85
1173,01/20/17,19795.06,19827.25
1174,01/19/17,19813.55,19732.4
1175,01/18/17,19822.73,19804.72
1176,01/17/17,19848.82,19826.77
1177,01/13/17,19912.54,19885.73
1178,01/12/17,19926.21,19891.0
1179,01/11/17,19887.38,19954.28
1180,01/10/17,19876.35,19855.53
1181,01/09/17,19931.41,19887.38
1182,01/06/17,19906.96,19963.8
1183,01/05/17,19924.56,19899.29
1184,01/04/17,19890.94,19942.16
1185,01/03/17,19872.86,19881.76
1186,12/30/16,19833.17,19762.6
1187,12/29/16,19835.46,19819.78
1188,12/28/16,19964.31,19833.68
1189,12/27/16,19943.46,19945.04
1190,12/23/16,19908.61,19933.81
1191,12/22/16,19922.68,19918.88
1192,12/21/16,19968.97,19941.96
1193,12/20/16,19920.59,19974.62
1194,12/19/16,19836.66,19883.06
1195,12/16/16,19909.01,19843.41
1196,12/15/16,19811.5,19852.24
1197,12/14/16,19876.13,19792.53
1198,12/13/16,19852.21,19911.21
1199,12/12/16,19770.2,19796.43
1200,12/09/16,19631.35,19756.85
1201,12/08/16,19559.94,19614.81
1202,12/07/16,19241.99,19549.62
1203,12/06/16,19219.91,19251.78
1204,12/05/16,19244.35,19216.24
1205,12/02/16,19161.25,19170.42
1206,12/01/16,19149.2,19191.93
1207,11/30/16,19135.64,19123.58
1208,11/29/16,19064.07,19121.6
1209,11/28/16,19122.14,19097.9
1210,11/25/16,19093.72,19152.14
1211,11/23/16,19015.52,19083.18
1212,11/22/16,18970.39,19023.87
1213,11/21/16,18898.68,18956.69
1214,11/18/16,18905.33,18867.93
1215,11/17/16,18866.22,18903.82
1216,11/16/16,18909.85,18868.14
1217,11/15/16,18858.21,18923.06
1218,11/14/16,18876.77,18868.69
1219,11/11/16,18781.65,18847.66
1220,11/10/16,18603.14,18807.88
1221,11/09/16,18317.26,18589.69
1222,11/08/16,18251.38,18332.74
1223,11/07/16,17994.64,18259.6
1224,11/04/16,17928.35,17888.28
1225,11/03/16,17978.75,17930.67
1226,11/02/16,18017.72,17959.64
1227,11/01/16,18158.24,18037.1
1228,10/31/16,18176.6,18142.42
1229,10/28/16,18193.79,18161.19
1230,10/27/16,18234.81,18169.68
1231,10/26/16,18103.8,18199.33
1232,10/25/16,18206.52,18169.27
1233,10/24/16,18197.14,18223.03
1234,10/21/16,18152.63,18145.71
1235,10/20/16,18161.87,18162.35
1236,10/19/16,18178.21,18202.62
1237,10/18/16,18145.06,18161.94
1238,10/17/16,18135.85,18086.4
1239,10/14/16,18177.35,18138.38
1240,10/13/16,18088.32,18098.94
1241,10/12/16,18132.63,18144.2
1242,10/11/16,18308.43,18128.66
1243,10/10/16,18282.95,18329.04
1244,10/07/16,18295.35,18240.49
1245,10/06/16,18280.42,18268.5
1246,10/05/16,18205.5,18281.03
1247,10/04/16,18267.68,18168.45
1248,10/03/16,18279.6,18253.85
1249,09/30/16,18181.8,18308.15
1250,09/29/16,18322.88,18143.45
1251,09/28/16,18240.22,18339.24
1252,09/27/16,18099.21,18228.3
1253,09/26/16,18217.76,18094.83
1254,09/23/16,18377.36,18261.45
1255,09/22/16,18343.76,18392.46
1256,09/21/16,18164.96,18293.7
1257,09/20/16,18175.36,18129.96
1258,09/19/16,18154.82,18120.17
1259,09/16/16,18217.21,18123.8
1260,09/15/16,18024.91,18212.48
1261,09/14/16,18073.39,18034.77
1262,09/13/16,18262.99,18066.75
1263,09/12/16,18028.95,18325.07
1264,09/09/16,18404.17,18085.45
1265,09/08/16,18486.69,18479.91
1266,09/07/16,18527.71,18526.14
1267,09/06/16,18493.4,18538.12
1268,09/02/16,18466.01,18491.96
1269,09/01/16,18396.57,18419.3
1270,08/31/16,18436.7,18400.88
1271,08/30/16,18491.28,18454.3
1272,08/29/16,18421.29,18502.99
1273,08/26/16,18467.92,18395.4
1274,08/25/16,18471.21,18448.41
1275,08/24/16,18537.5,18481.48
1276,08/23/16,18568.94,18547.3
1277,08/22/16,18535.86,18529.42
1278,08/19/16,18585.17,18552.57
1279,08/18/16,18566.54,18597.7
1280,08/17/16,18537.09,18573.94
1281,08/16/16,18614.48,18552.02
1282,08/15/16,18588.59,18636.05
1283,08/12/16,18595.65,18576.47
1284,08/11/16,18519.08,18613.52
1285,08/10/16,18541.48,18495.66
1286,08/09/16,18538.05,18533.05
1287,08/08/16,18540.65,18529.29
1288,08/05/16,18402.8,18543.53
1289,08/04/16,18351.43,18352.05
1290,08/03/16,18313.08,18355.0
1291,08/02/16,18401.15,18313.77
1292,08/01/16,18434.5,18404.51
1293,07/29/16,18442.52,18432.24
1294,07/28/16,18461.01,18456.35
1295,07/27/16,18473.27,18472.17
1296,07/26/16,18497.37,18473.75
1297,07/25/16,18554.49,18493.06
1298,07/22/16,18524.15,18570.85
1299,07/21/16,18589.96,18517.23
1300,07/20/16,18582.7,18595.03
1301,07/19/16,18503.12,18559.01
1302,07/18/16,18521.55,18533.05
1303,07/15/16,18508.88,18516.55
1304,07/14/16,18414.3,18506.41
1305,07/13/16,18356.78,18372.12
1306,07/12/16,18259.12,18347.67
1307,07/11/16,18161.53,18226.93
1308,07/08/16,17971.22,18146.74
1309,07/07/16,17924.24,17895.88
1310,07/06/16,17807.47,17918.62
1311,07/05/16,17904.45,17840.62
1312,07/01/16,17924.24,17949.37
1313,06/30/16,17712.76,17929.99
1314,06/29/16,17456.02,17694.68
1315,06/28/16,17190.51,17409.72
1316,06/27/16,17355.21,17140.24
1317,06/24/16,17946.63,17400.75
1318,06/23/16,17844.11,18011.07
1319,06/22/16,17832.67,17780.83
1320,06/21/16,17827.33,17829.73
1321,06/20/16,17736.87,17804.87
1322,06/17/16,17733.44,17675.16
1323,06/16/16,17602.23,17733.1
1324,06/15/16,17703.65,17640.17
1325,06/14/16,17710.77,17674.82
1326,06/13/16,17830.5,17732.48
1327,06/10/16,17938.82,17865.34
1328,06/09/16,17969.98,17985.19
1329,06/08/16,17931.91,18005.05
1330,06/07/16,17936.22,17938.28
1331,06/06/16,17825.69,17920.33
1332,06/03/16,17799.8,17807.06
1333,06/02/16,17789.05,17838.56
1334,06/01/16,17754.55,17789.67
1335,05/31/16,17891.5,17787.2
1336,05/27/16,17826.85,17873.22
1337,05/26/16,17859.52,17828.29
1338,05/25/16,17735.09,17851.51
1339,05/24/16,17525.19,17706.05
1340,05/23/16,17507.04,17492.93
1341,05/20/16,17437.32,17500.94
1342,05/19/16,17514.16,17435.4
1343,05/18/16,17501.28,17526.62
1344,05/17/16,17701.46,17529.98
1345,05/16/16,17531.76,17710.71
1346,05/13/16,17711.12,17535.32
1347,05/12/16,17722.01,17720.5
1348,05/11/16,17919.03,17711.12
1349,05/10/16,17726.66,17928.35
1350,05/09/16,17743.85,17705.91
1351,05/06/16,17650.3,17740.63
1352,05/05/16,17664.48,17660.71
1353,05/04/16,17735.02,17651.26
1354,05/03/16,17870.75,17750.91
1355,05/02/16,17783.78,17891.16
1356,04/29/16,17813.09,17773.64
1357,04/28/16,18023.88,17830.76
1358,04/27/16,17996.14,18041.55
1359,04/26/16,17987.38,17990.32
1360,04/25/16,17990.94,17977.24
1361,04/22/16,17985.05,18003.75
1362,04/21/16,18092.84,17982.52
1363,04/20/16,18059.49,18096.27
1364,04/19/16,18012.1,18053.6
1365,04/18/16,17890.2,18004.16
1366,04/15/16,17925.95,17897.46
1367,04/14/16,17912.25,17926.43
1368,04/13/16,17741.66,17908.28
1369,04/12/16,17571.34,17721.25
1370,04/11/16,17586.48,17556.41
1371,04/08/16,17555.39,17576.96
1372,04/07/16,17687.28,17541.96
1373,04/06/16,17605.45,17716.05
1374,04/05/16,17718.03,17603.32
1375,04/04/16,17799.39,17737.0
1376,04/01/16,17661.74,17792.75
1377,03/31/16,17716.05,17685.09
1378,03/30/16,17652.36,17716.66
1379,03/29/16,17512.58,17633.11
1380,03/28/16,17526.08,17535.39
1381,03/24/16,17485.33,17515.73
1382,03/23/16,17588.81,17502.59
1383,03/22/16,17602.71,17582.57
1384,03/21/16,17589.7,17623.87
1385,03/18/16,17481.49,17602.3
1386,03/17/16,17321.38,17481.49
1387,03/16/16,17249.34,17325.76
1388,03/15/16,17217.15,17251.53
1389,03/14/16,17207.49,17229.13
1390,03/11/16,17014.99,17213.31
1391,03/10/16,17006.05,16995.13
1392,03/09/16,16969.17,17000.36
1393,03/08/16,17050.67,16964.1
1394,03/07/16,16991.29,17073.95
1395,03/04/16,16945.0,17006.77
1396,03/03/16,16896.17,16943.9
1397,03/02/16,16851.17,16899.32
1398,03/01/16,16545.67,16865.08
1399,02/29/16,16634.15,16516.5
1400,02/26/16,16712.7,16639.97
1401,02/25/16,16504.38,16697.29
1402,02/24/16,16418.84,16484.99
1403,02/23/16,16610.39,16431.78
1404,02/22/16,16417.13,16620.66
1405,02/19/16,16410.96,16391.99
1406,02/18/16,16483.76,16413.43
1407,02/17/16,16217.98,16453.83
1408,02/16/16,16012.39,16196.41
1409,02/12/16,15691.62,15973.84
1410,02/11/16,15897.82,15660.18
1411,02/10/16,16035.61,15914.74
1412,02/09/16,16005.41,16014.38
1413,02/08/16,16147.51,16027.05
1414,02/05/16,16417.95,16204.97
1415,02/04/16,16329.67,16416.58
1416,02/03/16,16186.2,16336.66
1417,02/02/16,16420.21,16153.54
1418,02/01/16,16453.63,16449.18
1419,01/29/16,16090.26,16466.3
1420,01/28/16,15960.28,16069.64
1421,01/27/16,16168.74,15944.46
1422,01/26/16,15893.16,16167.23
1423,01/25/16,16086.46,15885.22
1424,01/22/16,15921.1,16093.51
1425,01/21/16,15768.87,15882.68
1426,01/20/16,15989.45,15766.74
1427,01/19/16,16009.45,16016.02
1428,01/15/16,16354.33,15988.08
1429,01/14/16,16159.01,16379.05
1430,01/13/16,16526.63,16151.41
1431,01/12/16,16419.11,16516.22
1432,01/11/16,16358.71,16398.57
1433,01/08/16,16519.17,16346.45
1434,01/07/16,16888.36,16514.1
1435,01/06/16,17154.83,16906.51
1436,01/05/16,17147.5,17158.66
1437,01/04/16,17405.48,17148.94
1438,12/31/15,17590.66,17425.03
1439,12/30/15,17711.94,17603.87
1440,12/29/15,17547.37,17720.98
1441,12/28/15,17535.66,17528.27
1442,12/24/15,17593.26,17552.17
1443,12/23/15,17427.63,17602.61
1444,12/22/15,17253.55,17417.27
1445,12/21/15,17154.94,17251.62
1446,12/18/15,17495.04,17128.55
1447,12/17/15,17756.54,17495.84
1448,12/16/15,17530.85,17749.09
1449,12/15/15,17374.78,17524.91
1450,12/14/15,17277.11,17368.5
1451,12/11/15,17574.75,17265.21
1452,12/10/15,17493.17,17574.75
1453,12/09/15,17558.18,17492.3
1454,12/08/15,17703.99,17568.0
1455,12/07/15,17845.49,17730.51
1456,12/04/15,17482.68,17847.63
1457,12/03/15,17741.57,17477.67
1458,12/02/15,17883.14,17729.68
1459,12/01/15,17719.72,17888.35
1460,11/30/15,17802.84,17719.92
1461,11/27/15,17806.04,17798.49
1462,11/25/15,17820.81,17813.39
1463,11/24/15,17770.9,17812.19
1464,11/23/15,17823.61,17792.68
1465,11/20/15,17732.75,17823.81
1466,11/19/15,17739.83,17732.75
1467,11/18/15,17485.49,17737.16
1468,11/17/15,17486.99,17489.5
1469,11/16/15,17229.94,17483.01
1470,11/13/15,17439.25,17245.24
1471,11/12/15,17691.93,17448.07
1472,11/11/15,17769.5,17702.22
1473,11/10/15,17724.13,17758.21
1474,11/09/15,17900.78,17730.48
1475,11/06/15,17855.22,17910.33
1476,11/05/15,17871.25,17863.43
1477,11/04/15,17929.58,17867.58
1478,11/03/15,17819.74,17918.15
1479,11/02/15,17672.62,17828.76
1480,10/30/15,17756.6,17663.54
1481,10/29/15,17771.5,17755.8
1482,10/28/15,17586.69,17779.52
1483,10/27/15,17608.89,17581.43
1484,10/26/15,17649.57,17623.05
1485,10/23/15,17525.11,17646.7
1486,10/22/15,17180.88,17489.16
1487,10/21/15,17225.93,17168.61
1488,10/20/15,17228.47,17217.11
1489,10/19/15,17209.43,17230.54
1490,10/16/15,17141.75,17215.97
1491,10/15/15,16944.86,17141.75
1492,10/14/15,17079.08,16924.75
1493,10/13/15,17113.55,17081.89
1494,10/12/15,17082.29,17131.86
1495,10/09/15,17054.69,17084.49
1496,10/08/15,16904.17,17050.75
1497,10/07/15,16805.42,16912.29
1498,10/06/15,16774.02,16790.19
1499,10/05/15,16502.1,16776.43
1500,10/02/15,16258.25,16472.37
1501,10/01/15,16278.62,16272.01
1502,09/30/15,16057.08,16284.7
1503,09/29/15,16001.76,16049.13
1504,09/28/15,16313.26,16001.89
1505,09/25/15,16205.07,16314.67
1506,09/24/15,16257.11,16201.32
1507,09/23/15,16332.81,16279.89
1508,09/22/15,16477.45,16330.47
1509,09/21/15,16406.1,16510.19
1510,09/18/15,16674.74,16384.58
1511,09/17/15,16738.08,16674.74
1512,09/16/15,16599.51,16739.95
1513,09/15/15,16382.58,16599.85
1514,09/14/15,16450.86,16370.96
1515,09/11/15,16330.4,16433.09
1516,09/10/15,16252.57,16330.4
1517,09/09/15,16505.04,16253.57
1518,09/08/15,16109.93,16492.68
1519,09/04/15,16371.76,16102.38
1520,09/03/15,16364.34,16374.76
1521,09/02/15,16058.35,16351.38
1522,09/01/15,16528.03,16058.35
1523,08/31/15,16632.02,16528.03
1524,08/28/15,16649.42,16643.01
1525,08/27/15,16285.51,16654.77
1526,08/26/15,15676.26,16285.51
1527,08/25/15,15882.27,15666.44
1528,08/24/15,16459.75,15871.35
1529,08/21/15,16990.69,16459.75
1530,08/20/15,17345.32,16990.69
1531,08/19/15,17508.74,17348.73
1532,08/18/15,17537.3,17511.34
1533,08/17/15,17472.66,17545.18
1534,08/14/15,17410.12,17477.4
1535,08/13/15,17401.64,17408.25
1536,08/12/15,17382.93,17402.51
1537,08/11/15,17593.59,17402.84
1538,08/10/15,17375.18,17615.17
1539,08/07/15,17414.94,17373.38
1540,08/06/15,17542.61,17419.75
1541,08/05/15,17555.24,17540.47
1542,08/04/15,17596.93,17550.69
1543,08/03/15,17696.74,17598.2
1544,07/31/15,17755.87,17689.86
1545,07/30/15,17743.24,17745.98
1546,07/29/15,17631.4,17751.39
1547,07/28/15,17449.81,17630.27
1548,07/27/15,17561.78,17440.59
1549,07/24/15,17731.05,17568.53
1550,07/23/15,17853.78,17731.92
1551,07/22/15,17918.35,17851.04
1552,07/21/15,18096.67,17919.29
1553,07/20/15,18085.91,18100.41
1554,07/17/15,18117.58,18086.45
1555,07/16/15,18078.16,18120.25
1556,07/15/15,18053.38,18050.17
1557,07/14/15,17974.61,18053.58
1558,07/13/15,17787.27,17977.68
1559,07/10/15,17561.12,17760.41
1560,07/09/15,17530.38,17548.62
1561,07/08/15,17759.01,17515.42
1562,07/07/15,17684.92,17776.91
1563,07/06/15,17728.08,17683.58
1564,07/02/15,17763.32,17730.11
1565,07/01/15,17638.12,17757.91
1566,06/30/15,17599.96,17619.51
1567,06/29/15,17936.74,17596.35
1568,06/26/15,17892.03,17946.68
1569,06/25/15,17977.11,17890.36
1570,06/24/15,18139.1,17966.07
1571,06/23/15,18121.78,18144.07
1572,06/22/15,18027.63,18119.78
1573,06/19/15,18116.24,18015.95
1574,06/18/15,17944.61,18115.84
1575,06/17/15,17909.58,17935.74
1576,06/16/15,17787.43,17904.48
1577,06/15/15,17890.76,17791.17
1578,06/12/15,18035.83,17898.84
1579,06/11/15,18001.27,18039.37
1580,06/10/15,17765.38,18000.4
1581,06/09/15,17766.95,17764.04
1582,06/08/15,17849.46,17766.55
1583,06/05/15,17905.38,17849.46
1584,06/04/15,18072.47,17905.58
1585,06/03/15,18018.42,18076.27
1586,06/02/15,18033.33,18011.94
1587,06/01/15,18017.82,18040.37
1588,05/29/15,18128.12,18010.68
1589,05/28/15,18154.14,18126.12
1590,05/27/15,18045.08,18162.99
1591,05/26/15,18229.75,18041.54
1592,05/22/15,18286.87,18232.02
1593,05/21/15,18285.87,18285.74
1594,05/20/15,18315.06,18285.4
1595,05/19/15,18300.48,18312.39
1596,05/18/15,18267.25,18298.88
1597,05/15/15,18251.97,18272.56
1598,05/14/15,18062.49,18252.24
1599,05/13/15,18070.37,18060.49
1600,05/12/15,18096.16,18068.23
1601,05/11/15,18187.78,18105.17
1602,05/08/15,17933.64,18191.11
1603,05/07/15,17840.25,17924.06
1604,05/06/15,17934.81,17841.98
1605,05/05/15,18062.53,17928.2
1606,05/04/15,18026.02,18070.4
1607,05/01/15,17859.27,18024.06
1608,04/30/15,18033.33,17840.52
1609,04/29/15,18093.69,18035.53
1610,04/28/15,18035.9,18110.14
1611,04/27/15,18097.89,18037.97
1612,04/24/15,18056.42,18080.14
1613,04/23/15,18031.9,18058.69
1614,04/22/15,17950.82,18038.27
1615,04/21/15,18034.23,17949.59
1616,04/20/15,17841.18,18034.93
1617,04/17/15,18102.56,17826.3
1618,04/16/15,18106.27,18105.77
1619,04/15/15,18045.71,18112.61
1620,04/14/15,17979.11,18036.7
1621,04/13/15,18052.32,17977.04
1622,04/10/15,17956.73,18057.65
1623,04/09/15,17897.7,17958.73
1624,04/08/15,17877.62,17902.51
1625,04/07/15,17884.32,17875.42
1626,04/06/15,17755.5,17880.85
1627,04/02/15,17699.52,17763.24
1628,04/01/15,17778.52,17698.18
1629,03/31/15,17965.37,17776.12
1630,03/30/15,17727.48,17976.31
1631,03/27/15,17673.63,17712.66
1632,03/26/15,17716.27,17678.23
1633,03/25/15,18012.61,17718.54
1634,03/24/15,18110.87,18011.14
1635,03/23/15,18136.73,18116.04
1636,03/20/15,17961.13,18127.65
1637,03/19/15,18072.58,17959.03
1638,03/18/15,17846.8,18076.19
1639,03/17/15,17972.22,17849.08
1640,03/16/15,17751.24,17977.42
1641,03/13/15,17889.05,17749.31
1642,03/12/15,17626.84,17895.22
1643,03/11/15,17662.94,17635.39
1644,03/10/15,17989.56,17662.94
1645,03/09/15,17856.56,17995.72
1646,03/06/15,18135.72,17856.78
1647,03/05/15,18096.9,18135.72
1648,03/04/15,18203.37,18096.9
1649,03/03/15,18281.95,18203.37
1650,03/02/15,18134.05,18288.63
1651,02/27/15,18213.26,18132.7
1652,02/26/15,18224.41,18214.42
1653,02/25/15,18208.67,18224.57
1654,02/24/15,18112.57,18209.19
1655,02/23/15,18140.76,18116.84
1656,02/20/15,17985.77,18140.44
1657,02/19/15,18028.67,17985.77
1658,02/18/15,18045.72,18029.85
1659,02/17/15,18019.8,18047.58
1660,02/13/15,17968.65,18019.35
1661,02/12/15,17862.14,17972.38
1662,02/11/15,17867.86,17862.14
1663,02/10/15,17736.15,17868.76
1664,02/09/15,17821.49,17729.21
1665,02/06/15,17881.54,17824.29
1666,02/05/15,17677.26,17884.88
1667,02/04/15,17664.99,17673.02
1668,02/03/15,17369.97,17666.4
1669,02/02/15,17169.99,17361.04
1670,01/30/15,17416.85,17164.95
1671,01/29/15,17195.29,17416.85
1672,01/28/15,17402.91,17191.37
1673,01/27/15,17638.53,17387.21
1674,01/26/15,17668.11,17678.7
1675,01/23/15,17812.5,17672.6
1676,01/22/15,17557.29,17813.98
1677,01/21/15,17509.96,17554.28
1678,01/20/15,17516.96,17515.23
1679,01/16/15,17320.0,17511.57
1680,01/15/15,17436.3,17320.71
1681,01/14/15,17609.06,17427.09
1682,01/13/15,17645.02,17613.68
1683,01/12/15,17742.05,17640.84
1684,01/09/15,17911.02,17737.37
1685,01/08/15,17591.97,17907.87
1686,01/07/15,17374.78,17584.52
1687,01/06/15,17504.18,17371.64
1688,01/05/15,17821.3,17501.65
1689,01/02/15,17823.07,17832.99
1690,12/31/14,17987.66,17823.07
1691,12/30/14,18035.02,17983.07
1692,12/29/14,18046.58,18038.23
1693,12/26/14,18038.3,18053.71
1694,12/24/14,18035.73,18030.21
1695,12/23/14,17971.51,18024.17
1696,12/22/14,17812.25,17959.44
1697,12/19/14,17778.02,17804.8
1698,12/18/14,17367.85,17778.15
1699,12/17/14,17069.16,17356.87
1700,12/16/14,17173.07,17068.87
1701,12/15/14,17285.74,17180.84
1702,12/12/14,17590.05,17280.83
1703,12/11/14,17534.3,17596.34
1704,12/10/14,17797.99,17533.15
1705,12/09/14,17847.37,17801.2
1706,12/08/14,17954.94,17852.48
1707,12/05/14,17903.05,17958.79
1708,12/04/14,17910.02,17900.1
1709,12/03/14,17880.9,17912.62
1710,12/02/14,17778.85,17879.55
1711,12/01/14,17827.27,17776.8
1712,11/28/14,17830.55,17828.24
1713,11/26/14,17812.25,17827.75
1714,11/25/14,17819.05,17814.94
1715,11/24/14,17812.63,17817.9
1716,11/21/14,17721.02,17810.06
1717,11/20/14,17677.32,17719.0
1718,11/19/14,17685.51,17685.73
1719,11/18/14,17643.09,17687.82
1720,11/17/14,17631.85,17647.75
1721,11/14/14,17653.11,17634.74
1722,11/13/14,17618.69,17652.79
1723,11/12/14,17604.75,17612.2
1724,11/11/14,17615.64,17614.9
1725,11/10/14,17568.98,17613.74
1726,11/07/14,17558.58,17573.93
1727,11/06/14,17491.66,17554.47
1728,11/05/14,17385.76,17484.53
1729,11/04/14,17368.81,17383.84
1730,11/03/14,17390.9,17366.24
1731,10/31/14,17208.78,17390.52
1732,10/30/14,16968.14,17195.42
1733,10/29/14,17005.07,16974.31
1734,10/28/14,16825.19,17005.75
1735,10/27/14,16796.1,16817.94
1736,10/24/14,16677.04,16805.41
1737,10/23/14,16468.07,16677.9
1738,10/22/14,16615.26,16461.32
1739,10/21/14,16406.03,16614.81
1740,10/20/14,16373.15,16399.67
1741,10/17/14,16118.39,16380.41
1742,10/16/14,16137.14,16117.24
1743,10/15/14,16313.3,16141.74
1744,10/14/14,16321.9,16315.19
1745,10/13/14,16535.43,16321.07
1746,10/10/14,16654.88,16544.1
1747,10/09/14,16989.37,16659.25
1748,10/08/14,16718.65,16994.22
1749,10/07/14,16988.25,16719.39
1750,10/06/14,17010.34,16991.91
1751,10/03/14,16802.2,17009.69
1752,10/02/14,16808.27,16801.05
1753,10/01/14,17040.46,16804.71
1754,09/30/14,17070.45,17042.9
1755,09/29/14,17107.69,17071.22
1756,09/26/14,16948.62,17113.15
1757,09/25/14,17204.86,16945.8
1758,09/24/14,17056.64,17210.06
1759,09/23/14,17165.91,17055.87
1760,09/22/14,17271.71,17172.68
1761,09/19/14,17267.21,17279.74
1762,09/18/14,17163.73,17265.99
1763,09/17/14,17131.01,17156.85
1764,09/16/14,17027.16,17131.97
1765,09/15/14,16988.76,17031.14
1766,09/12/14,17044.05,16987.51
1767,09/11/14,17057.41,17049.0
1768,09/10/14,17016.05,17068.71
1769,09/09/14,17110.39,17013.87
1770,09/08/14,17131.71,17111.42
1771,09/05/14,17065.89,17137.36
1772,09/04/14,17083.61,17069.58
1773,09/03/14,17067.24,17078.28
1774,09/02/14,17097.42,17067.56
1775,08/29/14,17083.42,17098.45
1776,08/28/14,17119.06,17079.57
1777,08/27/14,17111.03,17122.01
1778,08/26/14,17079.57,17106.7
1779,08/25/14,17011.81,17076.87
1780,08/22/14,17038.27,17001.22
1781,08/21/14,16983.88,17039.49
1782,08/20/14,16910.03,16979.13
1783,08/19/14,16839.06,16919.59
1784,08/18/14,16664.45,16838.74
1785,08/15/14,16717.01,16662.91
1786,08/14/14,16657.32,16713.58
1787,08/13/14,16567.54,16651.8
1788,08/12/14,16565.55,16560.54
1789,08/11/14,16557.27,16569.98
1790,08/08/14,16369.68,16553.93
1791,08/07/14,16448.29,16368.27
1792,08/06/14,16425.1,16443.34
1793,08/05/14,16559.97,16429.47
1794,08/04/14,16493.72,16569.28
1795,08/01/14,16561.7,16493.37
1796,07/31/14,16869.63,16563.3
1797,07/30/14,16920.11,16880.36
1798,07/29/14,16984.33,16912.11
1799,07/28/14,16956.91,16982.59
1800,07/25/14,17079.5,16960.57
1801,07/24/14,17092.02,17083.8
1802,07/23/14,17117.01,17086.63
1803,07/22/14,17054.97,17113.54
1804,07/21/14,17095.11,17051.73
1805,07/18/14,16978.16,17100.18
1806,07/17/14,17133.45,16976.81
1807,07/16/14,17061.91,17138.2
1808,07/15/14,17055.03,17060.68
1809,07/14/14,16950.93,17055.42
1810,07/11/14,16918.31,16943.81
1811,07/10/14,16980.35,16915.07
1812,07/09/14,16916.83,16985.61
1813,07/08/14,17022.09,16906.62
1814,07/07/14,17063.83,17024.21
1815,07/03/14,16979.0,17068.26
1816,07/02/14,16949.71,16976.24
1817,07/01/14,16828.53,16956.07
1818,06/30/14,16852.49,16826.6
1819,06/27/14,16846.9,16851.84
1820,06/26/14,16866.81,16846.13
1821,06/25/14,16817.68,16867.51
1822,06/24/14,16934.62,16818.13
1823,06/23/14,16946.5,16937.26
1824,06/20/14,16920.62,16947.08
1825,06/19/14,16909.9,16921.46
1826,06/18/14,16806.12,16906.62
1827,06/17/14,16779.21,16808.49
1828,06/16/14,16765.56,16781.01
1829,06/13/14,16734.64,16775.74
1830,06/12/14,16840.48,16734.19
1831,06/11/14,16943.16,16843.88
1832,06/10/14,16940.4,16945.92
1833,06/09/14,16926.08,16943.1
1834,06/06/14,16839.64,16924.28
1835,06/05/14,16739.14,16836.11
1836,06/04/14,16720.0,16737.53
1837,06/03/14,16736.7,16722.34
1838,06/02/14,16716.85,16743.63
1839,05/30/14,16697.33,16717.17
1840,05/29/14,16637.74,16698.74
1841,05/28/14,16674.98,16633.18
1842,05/27/14,16607.42,16675.5
1843,05/23/14,16544.49,16606.27
1844,05/22/14,16532.74,16543.08
1845,05/21/14,16376.17,16533.06
1846,05/20/14,16511.22,16374.31
1847,05/19/14,16490.35,16511.86
1848,05/16/14,16447.32,16491.31
1849,05/15/14,16613.52,16446.81
1850,05/14/14,16716.08,16613.97
1851,05/13/14,16695.92,16715.44
1852,05/12/14,16584.82,16695.47
1853,05/09/14,16551.23,16583.34
1854,05/08/14,16518.16,16550.97
1855,05/07/14,16401.66,16518.54
1856,05/06/14,16529.85,16401.02
1857,05/05/14,16509.75,16530.55
1858,05/02/14,16562.34,16512.89
1859,05/01/14,16580.26,16558.87
1860,04/30/14,16534.86,16580.84
1861,04/29/14,16451.18,16535.37
1862,04/28/14,16363.2,16448.74
1863,04/25/14,16503.26,16361.46
1864,04/24/14,16503.39,16501.65
1865,04/23/14,16513.73,16501.65
1866,04/22/14,16449.38,16514.37
1867,04/21/14,16408.92,16449.25
1868,04/17/14,16424.14,16408.54
1869,04/16/14,16266.23,16424.85
1870,04/15/14,16173.49,16262.56
1871,04/14/14,16028.29,16173.24
1872,04/11/14,16168.87,16026.75
1873,04/10/14,16437.24,16170.22
1874,04/09/14,16256.37,16437.18
1875,04/08/14,16245.16,16256.14
1876,04/07/14,16414.15,16245.87
1877,04/04/14,16576.02,16412.71
1878,04/03/14,16572.36,16572.55
1879,04/02/14,16532.8,16573.0
1880,04/01/14,16458.05,16532.61
1881,03/31/14,16324.22,16457.66
1882,03/28/14,16267.77,16323.06
1883,03/27/14,16268.67,16264.23
1884,03/26/14,16370.71,16268.99
1885,03/25/14,16279.2,16367.88
1886,03/24/14,16303.28,16276.69
1887,03/21/14,16332.69,16302.77
1888,03/20/14,16221.98,16331.05
1889,03/19/14,16335.71,16222.17
1890,03/18/14,16245.93,16336.19
1891,03/17/14,16066.37,16247.22
1892,03/14/14,16106.32,16065.67
1893,03/13/14,16341.55,16108.89
1894,03/12/14,16350.67,16340.08
1895,03/11/14,16419.39,16351.25
1896,03/10/14,16453.1,16418.68
1897,03/07/14,16424.53,16452.72
1898,03/06/14,16360.56,16421.89
1899,03/05/14,16395.88,16360.18
1900,03/04/14,16169.32,16395.88
1901,03/03/14,16321.71,16168.03
1902,02/28/14,16273.23,16321.71
1903,02/27/14,16197.7,16272.65
1904,02/26/14,16180.36,16198.41
1905,02/25/14,16207.34,16179.66
1906,02/24/14,16102.27,16207.14
1907,02/21/14,16135.92,16103.3
1908,02/20/14,16044.15,16133.23
1909,02/19/14,16126.23,16040.56
1910,02/18/14,16153.97,16130.4
1911,02/14/14,16018.08,16154.39
1912,02/13/14,15946.99,16027.59
1913,02/12/14,15993.04,15963.94
1914,02/11/14,15804.17,15994.77
1915,02/10/14,15793.63,15801.79
1916,02/07/14,15630.64,15794.08
1917,02/06/14,15443.83,15628.53
1918,02/05/14,15443.0,15440.23
1919,02/04/14,15372.93,15445.24
1920,02/03/14,15697.69,15372.8
1921,01/31/14,15847.19,15698.85
1922,01/30/14,15743.03,15848.61
1923,01/29/14,15927.08,15738.79
1924,01/28/14,15840.84,15928.56
1925,01/27/14,15879.05,15837.88
1926,01/24/14,16203.29,15879.11
1927,01/23/14,16371.99,16197.35
1928,01/22/14,16420.48,16373.34
1929,01/21/14,16459.27,16414.44
1930,01/17/14,16408.02,16458.56
1931,01/16/14,16477.7,16417.01
1932,01/15/14,16378.03,16481.94
1933,01/14/14,16261.99,16373.86
1934,01/13/14,16434.03,16257.94
1935,01/10/14,16453.62,16437.05
1936,01/09/14,16471.41,16444.76
1937,01/08/14,16527.66,16462.74
1938,01/07/14,16429.02,16530.94
1939,01/06/14,16474.04,16425.1
1940,01/03/14,16456.89,16469.99
1941,01/02/14,16572.17,16441.35
