,date,eth_open,eth_close
0,2016-12-17,7.709642,7.813304
1,2016-12-18,7.813304,7.735086
2,2016-12-19,7.735086,7.601047
3,2016-12-20,7.601047,7.675313
4,2016-12-21,7.675313,7.569866
5,2016-12-22,7.569866,7.601819
6,2016-12-23,7.601819,7.221961
7,2016-12-24,7.221961,7.256569
8,2016-12-25,7.256569,7.260191
9,2016-12-26,7.260191,7.303933
10,2016-12-27,7.303933,7.235181
11,2016-12-28,7.235181,8.111114
12,2016-12-29,8.111114,8.36334
13,2016-12-30,8.36334,8.013868
14,2016-12-31,8.013868,8.437012
15,2017-01-01,8.437012,8.212046
16,2017-01-02,8.212046,8.332855
17,2017-01-03,8.332855,10.435576
18,2017-01-04,10.435576,11.445979
19,2017-01-05,11.445979,9.956588
20,2017-01-06,9.956588,9.737254
21,2017-01-07,9.737254,10.001896
22,2017-01-08,10.001896,10.266545
23,2017-01-09,10.266545,10.485289
24,2017-01-10,10.485289,10.696117
25,2017-01-11,10.696117,9.401194
26,2017-01-12,9.401194,9.487749
27,2017-01-13,9.487749,9.598883
28,2017-01-14,9.598883,9.702505
29,2017-01-15,9.702505,9.663497
30,2017-01-16,9.663497,9.786222
31,2017-01-17,9.786222,10.333692
32,2017-01-18,10.333692,10.225847
33,2017-01-19,10.225847,10.500874
34,2017-01-20,10.500874,10.66865
35,2017-01-21,10.66865,10.9639
36,2017-01-22,10.9639,10.684885
37,2017-01-23,10.684885,10.699035
38,2017-01-24,10.699035,10.524163
39,2017-01-25,10.524163,10.505382
40,2017-01-26,10.505382,10.455241
41,2017-01-27,10.455241,10.483953
42,2017-01-28,10.483953,10.519501
43,2017-01-29,10.519501,10.40558
44,2017-01-30,10.40558,10.510549
45,2017-01-31,10.510549,10.710514
46,2017-02-01,10.710514,10.49782
47,2017-02-02,10.49782,10.663947
48,2017-02-03,10.663947,11.240959
49,2017-02-04,11.240959,11.27786
50,2017-02-05,11.27786,11.217052
51,2017-02-06,11.217052,11.331469
52,2017-02-07,11.331469,11.505409
53,2017-02-08,11.505409,11.403079
54,2017-02-09,11.403079,10.905312
55,2017-02-10,10.905312,11.21991
56,2017-02-11,11.21991,11.299272
57,2017-02-12,11.299272,11.280685
58,2017-02-13,11.280685,11.894969
59,2017-02-14,11.894969,12.681755
60,2017-02-15,12.681755,12.70062
61,2017-02-16,12.70062,12.784189
62,2017-02-17,12.784189,12.909267
63,2017-02-18,12.909267,12.886819
64,2017-02-19,12.886819,12.830235
65,2017-02-20,12.830235,12.562646
66,2017-02-21,12.562646,12.782024
67,2017-02-22,12.782024,12.71811
68,2017-02-23,12.71811,13.098521
69,2017-02-24,13.098521,13.194061
70,2017-02-25,13.194061,13.573991
71,2017-02-26,13.573991,14.706219
72,2017-02-27,14.706219,15.863437
73,2017-02-28,15.863437,15.76128
74,2017-03-01,15.76128,17.289049
75,2017-03-02,17.289049,20.235485
76,2017-03-03,20.235485,19.911787
77,2017-03-04,19.911787,18.920662
78,2017-03-05,18.920662,19.109602
79,2017-03-06,19.109602,19.342467
80,2017-03-07,19.342467,18.002569
81,2017-03-08,18.002569,16.932387
82,2017-03-09,16.932387,18.03119
83,2017-03-10,18.03119,18.952377
84,2017-03-11,18.952377,21.648475
85,2017-03-12,21.648475,24.637882
86,2017-03-13,24.637882,28.039033
87,2017-03-14,28.039033,28.521178
88,2017-03-15,28.521178,39.544387
89,2017-03-16,39.544387,47.540183
90,2017-03-17,47.540183,43.563357
91,2017-03-18,43.563357,37.976973
92,2017-03-19,37.976973,42.356981
93,2017-03-20,42.356981,43.451302
94,2017-03-21,43.451302,42.450104
95,2017-03-22,42.450104,41.088518
96,2017-03-23,41.088518,42.984147
97,2017-03-24,42.984147,50.379989
98,2017-03-25,50.379989,50.365804
99,2017-03-26,50.365804,51.413317
100,2017-03-27,51.413317,49.081083
101,2017-03-28,49.081083,52.407958
102,2017-03-29,52.407958,52.695111
103,2017-03-30,52.695111,49.745082
104,2017-03-31,49.745082,49.781778
105,2017-04-01,49.781778,50.422021
106,2017-04-02,50.422021,44.27212
107,2017-04-03,44.27212,43.743146
108,2017-04-04,43.743146,45.50185
109,2017-04-05,45.50185,44.820806
110,2017-04-06,44.820806,44.30351
111,2017-04-07,44.30351,44.339554
112,2017-04-08,44.339554,44.005367
113,2017-04-09,44.005367,44.090094
114,2017-04-10,44.090094,44.376748
115,2017-04-11,44.376748,44.060944
116,2017-04-12,44.060944,49.137396
117,2017-04-13,49.137396,49.104656
118,2017-04-14,49.104656,48.229629
119,2017-04-15,48.229629,49.721216
120,2017-04-16,49.721216,49.213228
121,2017-04-17,49.213228,50.192121
122,2017-04-18,50.192121,52.337063
123,2017-04-19,52.337063,49.91781
124,2017-04-20,49.91781,51.986983
125,2017-04-21,51.986983,51.278525
126,2017-04-22,51.278525,52.635354
127,2017-04-23,52.635354,53.604876
128,2017-04-24,53.604876,53.330552
129,2017-04-25,53.330552,53.917308
130,2017-04-26,53.917308,57.55117
131,2017-04-27,57.55117,69.292865
132,2017-04-28,69.292865,74.292294
133,2017-04-29,74.292294,75.037031
134,2017-04-30,75.037031,86.099496
135,2017-05-01,86.099496,84.480807
136,2017-05-02,84.480807,82.511277
137,2017-05-03,82.511277,86.292093
138,2017-05-04,86.292093,99.979653
139,2017-05-05,99.979653,94.44738
140,2017-05-06,94.44738,95.440527
141,2017-05-07,95.440527,92.249991
142,2017-05-08,92.249991,87.142343
143,2017-05-09,87.142343,89.864235
144,2017-05-10,89.864235,88.322378
145,2017-05-11,88.322378,90.112081
146,2017-05-12,90.112081,86.622737
147,2017-05-13,86.622737,90.033173
148,2017-05-14,90.033173,90.694035
149,2017-05-15,90.694035,92.590657
150,2017-05-16,92.590657,89.577718
151,2017-05-17,89.577718,91.339332
152,2017-05-18,91.339332,108.274908
153,2017-05-19,108.274908,127.267172
154,2017-05-20,127.267172,124.900392
155,2017-05-21,124.900392,148.333874
156,2017-05-22,148.333874,159.999428
157,2017-05-23,159.999428,175.471684
158,2017-05-24,175.471684,187.826425
159,2017-05-25,187.826425,176.35396
160,2017-05-26,176.35396,144.838435
161,2017-05-27,144.838435,164.135585
162,2017-05-28,164.135585,158.999202
163,2017-05-29,158.999202,196.869683
164,2017-05-30,196.869683,216.577291
165,2017-05-31,216.577291,221.219432
166,2017-06-01,221.219432,219.461977
167,2017-06-02,219.461977,216.890385
168,2017-06-03,216.890385,224.549544
169,2017-06-04,224.549544,241.675036
170,2017-06-05,241.675036,251.874861
171,2017-06-06,251.874861,261.79265
172,2017-06-07,261.79265,250.930389
173,2017-06-08,250.930389,258.637335
174,2017-06-09,258.637335,284.500258
175,2017-06-10,284.500258,336.070318
176,2017-06-11,336.070318,343.417647
177,2017-06-12,343.417647,373.624676
178,2017-06-13,373.624676,382.221369
179,2017-06-14,382.221369,332.25862
180,2017-06-15,332.25862,325.530517
181,2017-06-16,325.530517,340.834591
182,2017-06-17,340.834591,371.631992
183,2017-06-18,371.631992,358.41611
184,2017-06-19,358.41611,364.690598
185,2017-06-20,364.690598,348.365734
186,2017-06-21,348.365734,312.417589
187,2017-06-22,312.417589,324.634294
188,2017-06-23,324.634294,324.955093
189,2017-06-24,324.955093,295.433814
190,2017-06-25,295.433814,283.581248
191,2017-06-26,283.581248,253.886743
192,2017-06-27,253.886743,272.763187
193,2017-06-28,272.763187,311.237618
194,2017-06-29,311.237618,288.277201
195,2017-06-30,288.277201,265.081169
196,2017-07-01,265.081169,246.574977
197,2017-07-02,246.574977,272.3068
198,2017-07-03,272.3068,279.09903
199,2017-07-04,279.09903,267.070981
200,2017-07-05,267.070981,264.97838
201,2017-07-06,264.97838,261.923616
202,2017-07-07,261.923616,237.417595
203,2017-07-08,237.417595,246.154278
204,2017-07-09,246.154278,233.466663
205,2017-07-10,233.466663,190.299095
206,2017-07-11,190.299095,185.848756
207,2017-07-12,185.848756,223.207956
208,2017-07-13,223.207956,197.906611
209,2017-07-14,197.906611,186.126286
210,2017-07-15,186.126286,168.194937
211,2017-07-16,168.194937,165.270026
212,2017-07-17,165.270026,180.626926
213,2017-07-18,180.626926,224.075703
214,2017-07-19,224.075703,211.168405
215,2017-07-20,211.168405,227.759647
216,2017-07-21,227.759647,221.32264
217,2017-07-22,221.32264,231.845107
218,2017-07-23,231.845107,227.009216
219,2017-07-24,227.009216,223.985269
220,2017-07-25,223.985269,198.355377
221,2017-07-26,198.355377,201.962879
222,2017-07-27,201.962879,200.045871
223,2017-07-28,200.045871,200.045871
224,2017-07-29,200.045871,202.356029
225,2017-07-30,202.356029,194.967731
226,2017-07-31,194.967731,209.020204
227,2017-08-01,209.020204,226.21304
228,2017-08-02,226.21304,218.789061
229,2017-08-03,218.789061,225.307634
230,2017-08-04,225.307634,226.980461
231,2017-08-05,226.980461,258.638867
232,2017-08-06,258.638867,266.935567
233,2017-08-07,266.935567,272.195838
234,2017-08-08,272.195838,315.197193
235,2017-08-09,315.197193,292.309764
236,2017-08-10,292.309764,301.244641
237,2017-08-11,301.244641,312.508364
238,2017-08-12,312.508364,299.769888
239,2017-08-13,299.769888,300.184169
240,2017-08-14,300.184169,291.731738
241,2017-08-15,291.731738,286.240462
242,2017-08-16,286.240462,300.231413
243,2017-08-17,300.231413,300.26119
244,2017-08-18,300.26119,300.26119
245,2017-08-19,300.26119,300.26119
246,2017-08-20,300.26119,300.26119
247,2017-08-21,300.26119,321.648698
248,2017-08-22,311.519,323.718591
249,2017-08-23,323.569754,324.079054
250,2017-08-24,324.249225,329.219
251,2017-08-25,329.504,328.344
252,2017-08-26,326.244232,333.282815
253,2017-08-27,334.706,345.424365
254,2017-08-28,344.818063,349.155544
255,2017-08-29,349.394749,373.224
256,2017-08-30,374.33489,380.711
257,2017-08-31,380.711,393.598029
258,2017-09-01,393.364916,380.195042
259,2017-09-02,379.801,351.142
260,2017-09-03,351.256,340.967
261,2017-09-04,341.746,278.695779
262,2017-09-05,279.047552,325.847
263,2017-09-06,323.899,327.608852
264,2017-09-07,323.704,330.423336
265,2017-09-08,330.578406,298.551691
266,2017-09-09,299.508431,285.779
267,2017-09-10,285.237,307.004387
268,2017-09-11,307.415363,303.14889
269,2017-09-12,303.112275,275.953343
270,2017-09-13,276.445187,269.499271
271,2017-09-14,269.9012,234.476
272,2017-09-15,237.305935,261.416097
273,2017-09-16,261.224042,250.673679
274,2017-09-17,250.643088,275.071
275,2017-09-18,274.527,289.487554
276,2017-09-19,288.745786,281.741
277,2017-09-20,280.64365,280.857901
278,2017-09-21,280.215775,265.706093
279,2017-09-22,265.692865,262.581067
280,2017-09-23,264.216,294.103129
281,2017-09-24,293.614132,286.041
282,2017-09-25,287.250274,293.588732
283,2017-09-26,291.583,289.988
284,2017-09-27,291.75562,308.083549
285,2017-09-28,309.028218,280.586093
286,2017-09-29,282.168181,295.748
287,2017-09-30,295.775,299.745244
288,2017-10-01,299.340473,300.724
289,2017-10-02,300.582,300.062
290,2017-10-03,299.9941,292.847181
291,2017-10-04,292.806751,289.300806
292,2017-10-05,289.682534,295.510772
293,2017-10-06,296.049,309.599509
294,2017-10-07,309.317451,311.17
295,2017-10-08,311.067,305.448397
296,2017-10-09,304.967137,297.253365
297,2017-10-10,297.728,301.203155
298,2017-10-11,302.117,307.345873
299,2017-10-12,307.460349,301.993368
300,2017-10-13,303.411,340.097
301,2017-10-14,340.190794,337.745026
302,2017-10-15,338.41,333.52
303,2017-10-16,333.52,328.230574
304,2017-10-17,328.123703,307.068
305,2017-10-18,307.01689,312.490756
306,2017-10-19,312.622566,307.136835
307,2017-10-20,307.136835,301.047
308,2017-10-21,300.587,303.938
309,2017-10-22,303.591,293.715
310,2017-10-23,293.56,301.668
311,2017-10-24,301.911,293.334
312,2017-10-25,294.671,298.362
313,2017-10-26,298.318,297.538
314,2017-10-27,297.92,295.573
315,2017-10-28,295.544,298.196
316,2017-10-29,297.97,307.502
317,2017-10-30,307.666,308.991
318,2017-10-31,308.915,304.109
319,2017-11-01,303.9,288.606
320,2017-11-02,288.326,288.383
321,2017-11-03,288.581,297.047
322,2017-11-04,297.072,300.013
323,2017-11-05,300.289,293.717
324,2017-11-06,294.437,300.794
325,2017-11-07,300.796,297.076
326,2017-11-08,297.296,311.094
327,2017-11-09,311.882,320.091
328,2017-11-10,319.673,303.473
329,2017-11-11,303.762,310.175
330,2017-11-12,310.665,313.839
331,2017-11-13,313.766,320.717
332,2017-11-14,319.687,336.541
333,2017-11-15,337.307,329.881
334,2017-11-16,329.857,331.429
335,2017-11-17,330.911,330.418
336,2017-11-18,330.3,348.659
337,2017-11-19,348.841,357.437
338,2017-11-20,356.872,353.267
339,2017-11-21,352.447,363.873
340,2017-11-22,364.223,380.117
341,2017-11-23,379.808,412.698
342,2017-11-24,411.802,468.032
343,2017-11-25,467.668,458.239
344,2017-11-26,456.84,485.869
345,2017-11-27,487.166,481.476
346,2017-11-28,482.186,487.591
347,2017-11-29,487.768,461.168
348,2017-11-30,460.728,442.01
349,2017-12-01,441.372,462.452
350,2017-12-02,462.991,465.248
351,2017-12-03,465.972,468.909
352,2017-12-04,468.58,466.939
353,2017-12-05,466.336,451.526
354,2017-12-06,450.414,438.609
355,2017-12-07,439.096,430.981
356,2017-12-08,431.816,472.516
357,2017-12-09,475.203,436.93
358,2017-12-10,439.83,460.265
359,2017-12-11,459.477,533.388
360,2017-12-12,534.177,613.891
361,2017-12-13,613.965,752.374
362,2017-12-14,752.247,667.289
363,2017-12-15,664.922,701.215
364,2017-12-16,700.346,725.283
365,2017-12-17,722.86,715.512
366,2017-12-18,715.456,826.545
367,2017-12-19,826.219,803.122
368,2017-12-20,803.842,869.818
369,2017-12-21,869.814,729.609
370,2017-12-22,736.576,729.407
371,2017-12-23,729.706,677.993
372,2017-12-24,681.26,750.11
373,2017-12-25,747.88,771.967
374,2017-12-26,771.125,783.7
375,2017-12-27,784.138,739.085
376,2017-12-28,734.599,754.482
377,2017-12-29,755.431,705.097
378,2017-12-30,704.083,719.827
379,2017-12-31,720.228,761.079
380,2018-01-01,762.258,865.012
381,2018-01-02,857.346,884.858
382,2018-01-03,884.825,947.321
383,2018-01-04,949.291,1038.38
384,2018-01-05,1049.06,1012.87
385,2018-01-06,1016.75,1086.05
386,2018-01-07,1089.65,1261.41
387,2018-01-08,1266.93,1219.73
388,2018-01-09,1221.62,1405.21
389,2018-01-10,1402.87,1149.06
390,2018-01-11,1160.93,1205.84
391,2018-01-12,1211.78,1299.95
392,2018-01-13,1300.09,1358.78
393,2018-01-14,1359.8,1345.07
394,2018-01-15,1346.56,1244.83
395,2018-01-16,1245.76,987.103
396,2018-01-17,994.671,1004.16
397,2018-01-18,1004.84,1025.69
398,2018-01-19,1038.09,1076.94
399,2018-01-20,1081.79,1126.83
400,2018-01-21,1124.84,1069.17
401,2018-01-22,1070.41,996.166
402,2018-01-23,997.655,970.868
403,2018-01-24,969.401,1088.43
404,2018-01-25,1091.72,1066.74
405,2018-01-26,1067.67,1057.04
406,2018-01-27,1056.87,1147.66
407,2018-01-28,1150.44,1222.23
408,2018-01-29,1224.79,1160.35
409,2018-01-30,1159.91,1066.72
410,2018-01-31,1069.38,1143.47
411,2018-02-01,1145.25,956.065
412,2018-02-02,954.463,881.151
413,2018-02-03,876.881,952.92
414,2018-02-04,951.605,834.563
415,2018-02-05,834.563,597.362
416,2018-02-06,596.145,748.825
417,2018-02-07,755.164,819.749
418,2018-02-08,818.069,806.536
419,2018-02-09,806.536,899.807
420,2018-02-10,898.581,818.451
421,2018-02-11,818.451,847.771
422,2018-02-12,847.771,852.951
423,2018-02-13,852.951,852.05
424,2018-02-14,852.05,937.988
425,2018-02-15,939.233,931.282
426,2018-02-16,929.444,966.12
427,2018-02-17,966.12,958.569
428,2018-02-18,959.883,933.128
429,2018-02-19,933.838,953.288
430,2018-02-20,951.824,884.42
431,2018-02-21,883.342,860.26
432,2018-02-22,863.121,846.845
433,2018-02-23,845.224,875.513
434,2018-02-24,875.11,844.86
435,2018-02-25,845.5,856.866
436,2018-02-26,855.432,876.038
437,2018-02-27,876.234,888.402
438,2018-02-28,887.7,860.857
439,2018-03-01,860.629,873.699
440,2018-03-02,872.956,864.679
441,2018-03-03,864.818,848.463
442,2018-03-04,849.426,868.916
443,2018-03-05,868.916,847.965
444,2018-03-06,848.478,813.011
445,2018-03-07,813.0,744.534
446,2018-03-08,744.861,664.342
447,2018-03-09,664.839,738.324
448,2018-03-10,737.501,685.044
449,2018-03-11,684.448,716.613
450,2018-03-12,716.098,695.532
451,2018-03-13,696.112,701.269
452,2018-03-14,701.027,591.096
453,2018-03-15,590.825,600.368
454,2018-03-16,599.396,597.817
455,2018-03-17,598.368,521.624
456,2018-03-18,521.033,530.252
457,2018-03-19,528.545,555.856
458,2018-03-20,556.172,564.488
459,2018-03-21,567.941,572.542
460,2018-03-22,571.339,517.185
461,2018-03-23,516.692,541.707
462,2018-03-24,541.011,521.724
463,2018-03-25,522.231,523.52
464,2018-03-26,523.022,463.19
465,2018-03-27,462.14,450.538
466,2018-03-28,450.991,443.373
467,2018-03-29,442.729,378.868
468,2018-03-30,379.093,411.018
469,2018-03-31,409.774,396.412
470,2018-04-01,396.313,383.916
471,2018-04-02,384.774,391.748
472,2018-04-03,391.986,405.765
473,2018-04-04,404.837,373.281
474,2018-04-05,375.726,379.748
475,2018-04-06,380.199,380.796
476,2018-04-07,381.17,387.714
477,2018-04-08,387.916,409.585
478,2018-04-09,409.752,399.745
479,2018-04-10,399.854,413.486
480,2018-04-11,413.051,435.394
481,2018-04-12,435.551,489.661
482,2018-04-13,489.057,506.973
483,2018-04-14,507.672,509.939
484,2018-04-15,510.413,517.333
485,2018-04-16,517.118,506.427
486,2018-04-17,507.185,506.94
487,2018-04-18,506.978,534.342
488,2018-04-19,534.119,573.796
489,2018-04-20,574.361,609.413
490,2018-04-21,608.63,602.142
491,2018-04-22,601.577,634.939
492,2018-04-23,634.826,667.432
493,2018-04-24,667.645,683.127
494,2018-04-25,678.705,618.484
495,2018-04-26,618.753,655.692
496,2018-04-27,655.14,663.8
497,2018-04-28,665.489,693.961
498,2018-04-29,694.277,687.262
499,2018-04-30,686.07,646.964
500,2018-05-01,645.906,671.417
501,2018-05-02,672.698,717.994
502,2018-05-03,718.103,772.539
503,2018-05-04,772.333,801.875
504,2018-05-05,801.486,827.905
505,2018-05-06,827.731,753.517
506,2018-05-07,754.131,769.821
507,2018-05-08,770.301,727.918
508,2018-05-09,725.545,757.211
509,2018-05-10,756.989,732.901
510,2018-05-11,732.083,679.977
511,2018-05-12,679.792,684.785
512,2018-05-13,685.107,703.981
513,2018-05-14,705.49,729.895
514,2018-05-15,729.275,687.973
515,2018-05-16,687.378,713.386
516,2018-05-17,713.559,673.3
517,2018-05-18,673.546,695.009
518,2018-05-19,695.888,706.022
519,2018-05-20,704.827,713.5
520,2018-05-21,713.5,690.107
521,2018-05-22,690.326,644.311
522,2018-05-23,644.205,595.5972994169
523,2018-05-24,595.6055545482,601.6164346697
524,2018-05-25,601.6164901693,585.7910357653
525,2018-05-26,585.7622950105,580.6514361072
526,2018-05-27,580.6512812564,570.9259435238
527,2018-05-28,570.8590320665,525.180739867
528,2018-05-29,525.180685639,568.5415692916
529,2018-05-30,568.541569263,562.1821832387
530,2018-05-31,579.7141096093,570.8657402335
531,2018-06-01,576.0752236022,577.2573642753
532,2018-06-02,576.4815096617,591.3811228987
533,2018-06-03,589.8627466326,618.302766984
534,2018-06-04,618.2343395883,591.5490748688
535,2018-06-05,591.5490751141,607.829422969
536,2018-06-06,607.6,606.18
537,2018-06-07,606.18,603.56
538,2018-06-08,603.56,598.59
539,2018-06-09,598.59,593.41
540,2018-06-10,593.41,525.24
541,2018-06-11,511.5615688902,524.0590803089
542,2018-06-12,530.7786837369,489.9241163782
543,2018-06-13,489.923470783,475.9563346534
544,2018-06-14,475.5878042643,512.9190714243
545,2018-06-15,516.7507828845,488.3687530754
546,2018-06-16,488.3688244394,500.0207312648
547,2018-06-17,496.4411408089,498.8184644134
548,2018-06-18,496.4476116683,516.891022304
549,2018-06-19,516.9677209882,534.7978410611
550,2018-06-20,535.5706357968,534.2355789211
551,2018-06-21,535.3268278379,524.5293003277
552,2018-06-22,524.5268059165,470.3616439163
553,2018-06-23,469.1936167675,477.9411746919
554,2018-06-24,477.9640502753,462.3994712627
555,2018-06-25,463.7088698135,459.0803912446
556,2018-06-26,459.698842697,436.0422349966
557,2018-06-27,437.2443227168,434.7699917413
558,2018-06-28,434.8822936628,421.966667221
559,2018-06-29,422.1236940282,429.1666216748
560,2018-06-30,428.7268443991,431.3976062845
561,2018-07-01,437.3199168414,440.7371841041
562,2018-07-02,440.7354998908,469.0499410871
563,2018-07-03,467.3425524708,444.4693275117
564,2018-07-04,443.1781179056,400.6601286801
565,2018-07-05,400.6602053743,467.6379308478
566,2018-07-06,467.35,469.3
567,2018-07-07,468.2244216625,468.514072072
568,2018-07-08,468.5819489641,490.2092957324
569,2018-07-09,490.2092957248,476.6778611528
570,2018-07-10,477.0675978998,437.805169228
571,2018-07-11,432.2055234252,440.6431414419
572,2018-07-12,444.8302130218,424.2814103573
573,2018-07-13,430.57,432.8
574,2018-07-14,433.9656692594,433.4045741942
575,2018-07-15,433.510211555,449.8275290499
576,2018-07-16,449.867662028,475.4163206341
577,2018-07-17,479.68072629,499.6780591979
578,2018-07-18,499.6777023155,480.6790498918
579,2018-07-19,480.6786072097,469.2643809001
580,2018-07-20,469.2645719894,450.1085443907
581,2018-07-21,450.1374858137,464.1531628749
582,2018-07-22,464.4453852906,457.9176405882
583,2018-07-23,457.7700250646,450.5578226964
584,2018-07-24,450.5396311039,476.8981974596
585,2018-07-25,475.9993795137,475.1970812708
586,2018-07-26,475.5910345179,462.6938103929
587,2018-07-27,462.8697213898,472.4247446194
588,2018-07-28,469.4606846745,466.8324427201
589,2018-07-29,466.7854089617,465.7744994905
590,2018-07-30,466.3782722412,455.5215743169
591,2018-07-31,455.521442447,430.6546991207
592,2018-08-01,432.2940800109,420.8337079345
593,2018-08-02,420.9586629968,411.5598612263
594,2018-08-03,410.9269844312,417.4339014932
595,2018-08-04,417.4151233329,415.409666097
596,2018-08-05,415.4160947251,415.6028997435
597,2018-08-06,415.6029857584,415.3476442224
598,2018-08-07,415.3475498017,380.4379760252
599,2018-08-08,378.4364370163,366.8881165028
600,2018-08-09,366.9128388512,367.5968490141
601,2018-08-10,367.5956694326,328.7843935286
602,2018-08-11,326.535115379,327.1062374846
603,2018-08-12,327.1174434097,319.3901245526
604,2018-08-13,319.3901284918,283.9345146854
605,2018-08-14,283.6826055618,266.2161520793
606,2018-08-15,278.3864111981,286.4645935164
607,2018-08-16,286.4643642768,285.2719982465
608,2018-08-17,285.9719954091,315.4903177433
609,2018-08-18,315.1321628593,295.2530912283
610,2018-08-19,294.1802386622,301.369062807
611,2018-08-20,301.3690675692,273.7707154622
612,2018-08-21,270.5603643117,280.3396657577
613,2018-08-22,280.339917029,269.0130144456
614,2018-08-23,270.7733758237,275.1806303558
615,2018-08-24,276.1890060055,280.5280263337
616,2018-08-25,280.8073669508,278.8828360468
617,2018-08-26,278.8829999265,273.4441078889
618,2018-08-27,274.3541913242,280.0060814172
619,2018-08-28,279.9886660018,296.4874528751
620,2018-08-29,295.5506916833,290.7130769489
621,2018-08-30,288.7171022226,283.753376258
622,2018-08-31,283.7534621516,282.2526879744
623,2018-09-01,282.2526879321,295.2665416207
624,2018-09-02,295.2664415573,293.115463367
625,2018-09-03,293.0773285691,288.8294570765
626,2018-09-04,288.9910976683,285.701705775
627,2018-09-05,285.4250730045,241.4980125068
628,2018-09-06,241.4886514756,227.103072334
629,2018-09-07,229.7747614775,215.9792155064
630,2018-09-08,215.9775888366,194.9635634125
631,2018-09-09,196.9580660214,194.5894182182
632,2018-09-10,194.5893824953,192.4379873364
633,2018-09-11,192.4440646133,191.7467556707
634,2018-09-12,191.7384359959,191.5202628749
635,2018-09-13,191.4901793498,193.7431873729
636,2018-09-14,193.7433015589,194.4848771556
637,2018-09-15,193.8285289936,194.1911408347
638,2018-09-16,194.0915120575,193.7440122019
639,2018-09-17,193.7440971106,192.535807699
640,2018-09-18,192.5358475845,193.4390728514
641,2018-09-19,193.2698534237,193.3880219311
642,2018-09-20,209.81,194.2575300223
643,2018-09-21,194.2575299628,198.1301306828
644,2018-09-22,198.129660364,194.3920142082
645,2018-09-23,194.3920119693,194.4580940691
646,2018-09-24,194.4575893092,221.7447446566
647,2018-09-25,221.7448637836,209.3312467026
648,2018-09-26,209.330909643,217.8791005664
649,2018-09-27,217.879163111,228.9911605358
650,2018-09-28,228.9820056416,217.3480244747
651,2018-09-29,217.3483147307,231.3067010223
652,2018-09-30,231.3066380331,232.9504450301
653,2018-10-01,233.0073175406,230.3961794521
654,2018-10-02,226.5259802475,227.7244628763
655,2018-10-03,227.9781047614,219.0852600209
656,2018-10-04,220.5890442713,222.7394807648
657,2018-10-05,222.7395490812,227.740911833
658,2018-10-06,227.8181831497,225.0935628821
659,2018-10-07,225.0935561249,224.7099626862
660,2018-10-08,226.1428229427,229.6834779016
661,2018-10-09,229.6834779041,228.6631765361
662,2018-10-10,228.6629829801,226.0829829736
663,2018-10-11,226.5722951704,198.9386008259
664,2018-10-12,198.9379829245,197.1067154738
665,2018-10-13,197.1065619285,201.4179528267
666,2018-10-14,201.3367069532,199.7879795361
667,2018-10-15,196.9117634144,213.3377842254
668,2018-10-16,213.3378687809,213.212611546
669,2018-10-17,213.2124229494,203.7579404891
670,2018-10-18,203.8031121459,198.4931996542
671,2018-10-19,198.4931996943,200.2083265588
672,2018-10-20,199.795004228,202.7111077166
673,2018-10-21,202.3706867172,201.969763153
674,2018-10-22,201.9697943915,200.9975754034
675,2018-10-23,201.0158811127,201.1292118212
676,2018-10-24,201.1425450396,200.4194894172
677,2018-10-25,200.5464758419,200.2399670654
678,2018-10-26,200.2124856931,200.1886815713
679,2018-10-27,200.2105250213,202.2917698774
680,2018-10-28,202.4160163127,202.7953464587
681,2018-10-29,203.1788494332,194.8325477753
682,2018-10-30,194.8167596256,195.6592733457
683,2018-10-31,195.6232280812,197.0437899669
684,2018-11-01,197.0173972922,197.612072747
685,2018-11-02,197.6045108843,200.2366084655
686,2018-11-03,200.0975344471,198.8207892263
687,2018-11-04,198.8230192827,208.8782947769
688,2018-11-05,208.8783482232,208.1085442238
689,2018-11-06,208.2853320487,217.0567250638
690,2018-11-07,217.0471092956,217.3580436845
691,2018-11-08,217.0699724989,211.5763539514
692,2018-11-09,211.57593733,208.4317284318
693,2018-11-10,208.3995708199,211.8943565057
694,2018-11-11,211.0099338298,208.7611235886
695,2018-11-12,210.7339958284,208.5602523866
696,2018-11-13,208.5605907593,204.0936777732
697,2018-11-14,204.0655348309,175.0018497825
698,2018-11-15,175.0102221517,176.533829501
699,2018-11-16,179.3223967469,170.9644972963
700,2018-11-17,173.0264027568,172.4227590972
701,2018-11-18,172.4072191816,174.2842340043
702,2018-11-19,174.2842246183,146.5471692079
703,2018-11-20,145.4402680489,125.7555887987
704,2018-11-21,128.1980513562,133.2821790424
705,2018-11-22,133.2389623706,128.1883998952
706,2018-11-23,128.1883847113,122.6725869153
707,2018-11-24,122.6687730218,110.0448362641
708,2018-11-25,111.2224859856,114.1145073904
709,2018-11-26,114.1155443288,104.3975845619
710,2018-11-27,104.3995032889,110.2687594118
711,2018-11-28,110.2603759407,120.0311165884
712,2018-11-29,121.5909338037,116.0877313296
713,2018-11-30,117.0061007658,111.4911436578
714,2018-12-01,111.5422555501,117.6414341561
715,2018-12-02,117.0862265027,115.4385357312
716,2018-12-03,115.4328903045,108.0357964093
717,2018-12-04,108.0424719194,109.0668852759
718,2018-12-05,109.0694289338,102.1066862708
719,2018-12-06,100.717290325,92.5781746424
720,2018-12-07,92.5691517535,93.2753310638
721,2018-12-08,93.2807852963,92.1408924166
722,2018-12-09,92.1524039451,92.4155490003
723,2018-12-10,92.991211053,89.5245565595
724,2018-12-11,89.2753513071,87.3421124138
725,2018-12-12,87.3609890424,88.7092809197
726,2018-12-13,88.9325093486,84.5751741466
727,2018-12-14,84.5800546372,83.3684557711
728,2018-12-15,83.3681580223,83.149241079
729,2018-12-16,82.8957037523,84.2210360841
730,2018-12-17,83.9268838258,93.1424463897
731,2018-12-18,93.142201795,95.3363720351
732,2018-12-19,100.8824265099,100.4732858263
733,2018-12-20,100.4824039093,113.2408047469
734,2018-12-21,113.2500361688,107.772415961
735,2018-12-22,107.9724708075,112.9109053425
736,2018-12-23,112.9109072235,129.9295018896
737,2018-12-24,129.4358906278,140.9478190682
738,2018-12-25,139.0467683719,128.6329040252
739,2018-12-26,128.6478923497,130.7066628501
740,2018-12-27,130.4361856967,114.7827176299
741,2018-12-28,114.7797800124,133.4127405689
742,2018-12-29,136.94,134.02
743,2018-12-30,134.06,138.72
744,2018-12-31,131.3086270129,131.3735701792
745,2019-01-01,131.5821186844,137.7276455527
746,2019-01-02,137.7276311709,153.965635792
747,2019-01-03,153.9655469309,148.7968732927
748,2019-01-04,147.3248142402,152.8736310456
749,2019-01-05,152.8733306126,155.095360577
750,2019-01-06,154.1942338202,154.5808229532
751,2019-01-07,155.7205699189,149.6001646386
752,2019-01-08,149.5236864541,148.9541572482
753,2019-01-09,148.5117914356,149.4467337191
754,2019-01-10,149.446667593,126.5650300753
755,2019-01-11,126.5371877814,123.5910350506
756,2019-01-12,123.6304859185,123.8033581291
757,2019-01-13,124.3771182707,114.944223904
758,2019-01-14,114.944209936,128.0799992287
759,2019-01-15,128.0801296234,118.5098661616
760,2019-01-16,118.5100791146,121.9013891834
761,2019-01-17,121.9623271169,121.6874460073
762,2019-01-18,121.7069500953,119.2001110172
763,2019-01-19,119.2001574637,123.5757733021
764,2019-01-20,123.0924412381,117.5549281201
765,2019-01-21,117.5546208111,115.7333685348
766,2019-01-22,115.7334620487,118.2059597956
767,2019-01-23,117.8343337585,116.3314966966
768,2019-01-24,116.5487895277,116.1124519087
769,2019-01-25,116.4927724875,115.2563718932
770,2019-01-26,115.2563656375,115.243615305
771,2019-01-27,115.2438412381,112.6337304817
772,2019-01-28,111.4585951733,105.0082800486
773,2019-01-29,105.4232294521,104.1371894495
774,2019-01-30,104.1369390913,107.571489859
775,2019-01-31,107.5141402595,106.1733014406
776,2019-02-01,105.8107493721,106.1211666282
777,2019-02-02,106.1211677508,106.7283216447
778,2019-02-03,106.7092013309,106.0944999198
779,2019-02-04,106.033106874,106.240187899
780,2019-02-05,106.2401433317,105.9936587395
781,2019-02-06,106.0126808628,103.9392120839
782,2019-02-07,103.2956520455,103.2855553044
783,2019-02-08,103.2859055186,116.4289744812
784,2019-02-09,117.9527024801,117.8487110475
785,2019-02-10,117.8486112438,120.3541791033
786,2019-02-11,120.3544952798,119.8905690818
787,2019-02-12,119.9000600182,120.2123398038
788,2019-02-13,120.9543782342,120.4059778238
789,2019-02-14,120.4345756936,119.8093874507
790,2019-02-15,119.2897881336,120.2850568135
791,2019-02-16,120.2816440732,122.2792164967
792,2019-02-17,122.2830339132,132.0913764116
793,2019-02-18,132.0833333326,142.6179951418
794,2019-02-19,144.3135748655,144.1606665703
795,2019-02-20,144.1319613327,145.5482540169
796,2019-02-21,145.5498059249,142.8699894413
797,2019-02-22,144.2710961817,146.6658011571
798,2019-02-23,146.6464760033,157.0470866597
799,2019-02-24,157.0405027344,137.763890984
800,2019-02-25,137.7391332464,138.0371413165
801,2019-02-26,138.036583388,135.7434190968
802,2019-02-27,135.7713840795,131.6677684794
803,2019-02-28,131.6017073269,134.8225062414
804,2019-03-01,134.8221983759,135.0662511356
805,2019-03-02,134.7353162452,131.3451771212
806,2019-03-03,132.1474850043,130.3974611771
807,2019-03-04,130.3973379701,124.7250939109
808,2019-03-05,125.1612073109,135.0005720069
809,2019-03-06,134.9907852234,137.0843769976
810,2019-03-07,137.0939126805,136.8074623786
811,2019-03-08,136.788275663,132.3616609838
812,2019-03-09,132.7106300672,136.0269174012
813,2019-03-10,136.3902090716,135.3620740288
814,2019-03-11,134.8044892266,132.4076102121
815,2019-03-12,132.4461883875,132.8070686592
816,2019-03-13,132.8068615716,131.0407793819
817,2019-03-14,131.0407793799,131.3672841037
818,2019-03-15,131.3674027933,134.9901213568
819,2019-03-16,134.9900710231,140.5670429458
820,2019-03-17,140.3810021455,138.3158541993
821,2019-03-18,138.3259516038,137.3255003263
822,2019-03-19,136.9880792838,137.6186420541
823,2019-03-20,137.6183717495,138.8187357275
824,2019-03-21,138.5590735835,134.8007697238
825,2019-03-22,134.7910274134,136.0194987123
826,2019-03-23,135.7098431562,136.4499003611
827,2019-03-24,136.4499003611,135.3985811821
828,2019-03-25,135.3987134978,133.3026313866
829,2019-03-26,133.3026313903,133.491076466
830,2019-03-27,133.6068482132,138.0700978023
831,2019-03-28,138.0713549413,137.3131883414
832,2019-03-29,137.3131894522,141.3032261861
833,2019-03-30,142.9308878601,141.9411061732
834,2019-03-31,141.9411061732,141.3437324434
835,2019-04-01,141.3437324434,141.7132480977
836,2019-04-02,141.7131425735,162.4298499194
837,2019-04-03,162.4258216156,164.7095956211
838,2019-04-04,160.9538666575,157.0412172898
839,2019-04-05,157.0468402461,165.9009262332
840,2019-04-06,165.6701460262,165.1570911346
841,2019-04-07,165.1570733238,173.9915868596
842,2019-04-08,174.8922261462,180.2351402374
843,2019-04-09,180.2311269375,176.1470907475
844,2019-04-10,176.1472961606,176.9719356847
845,2019-04-11,177.6830927779,165.6442939753
846,2019-04-12,165.5401782406,165.2382409608
847,2019-04-13,165.2382504247,163.5799827431
848,2019-04-14,163.7809405687,168.2816859782
849,2019-04-15,167.9639777994,161.2565403665
850,2019-04-16,160.9763295278,165.6484764816
851,2019-04-17,165.6484764819,166.3103092998
852,2019-04-18,166.7711375686,173.6138263386
853,2019-04-19,174.1652914363,173.3950037969
854,2019-04-20,173.3950038009,173.2030204958
855,2019-04-21,173.2030202321,170.1608502648
856,2019-04-22,170.2137798213,172.812843947
857,2019-04-23,172.812843947,171.8396593111
858,2019-04-24,171.831364664,166.1931801761
859,2019-04-25,166.1931789145,154.2475257909
860,2019-04-26,152.7665865714,153.910298909
861,2019-04-27,153.9102919492,157.4083036403
862,2019-04-28,157.4083036403,154.8280849561
863,2019-04-29,154.5353050265,153.6813136507
864,2019-04-30,153.5656808557,161.2913028726
865,2019-05-01,161.2913028726,157.8012725593
866,2019-05-02,158.8186778416,160.9700952503
867,2019-05-03,160.9700952572,166.1339035393
868,2019-05-04,166.2612587023,163.890699755
869,2019-05-05,163.0249997935,162.934863507
870,2019-05-06,162.9348543551,173.6051180015
871,2019-05-07,171.4987986882,173.8130613629
872,2019-05-08,167.5929449797,170.8984032061
873,2019-05-09,170.8987343371,170.9917808828
874,2019-05-10,171.0468296904,174.1020004617
875,2019-05-11,173.168519845,200.4883683545
876,2019-05-12,193.5311125225,188.3712623426
877,2019-05-13,188.3712623426,197.3040943897
878,2019-05-14,197.299574602,217.0781324372
879,2019-05-15,218.4421332696,246.8264233208
880,2019-05-16,246.8210856379,260.330209153
881,2019-05-17,260.3314923783,239.4492648672
882,2019-05-18,246.883233199,238.9319910237
883,2019-05-19,236.8134683847,263.4469652197
884,2019-05-20,263.4497712327,250.0415313451
885,2019-05-21,251.9595336965,255.8952567008
886,2019-05-22,255.895224084,246.4173094087
887,2019-05-23,246.4075580041,245.9878269594
888,2019-05-24,245.405348293,250.518148071
889,2019-05-25,249.6576557456,252.862384328
890,2019-05-26,252.8823699745,264.7384592652
891,2019-05-27,264.7383690368,269.1706595951
892,2019-05-28,271.3580516923,272.3649992891
893,2019-05-29,272.3645995326,270.4586310117
894,2019-05-30,269.4681278252,253.2695206328
895,2019-05-31,253.2541136244,262.6178288677
896,2019-06-01,262.6332284343,268.0068681369
897,2019-06-02,268.0440842728,269.2745679847
898,2019-06-03,269.3504439897,257.9038145283
899,2019-06-04,249.6732556296,239.0754424541
900,2019-06-05,239.0304544976,246.3609227896
901,2019-06-06,246.1550865716,243.5358114445
902,2019-06-07,243.5257541354,250.9237807026
903,2019-06-08,250.9237245858,245.1594274535
904,2019-06-09,244.337662976,229.507045803
905,2019-06-10,229.5109983415,243.6975775364
906,2019-06-11,247.6230871862,245.6023534252
907,2019-06-12,245.5892971941,257.0824435563
908,2019-06-13,262.4475639364,255.8128945716
909,2019-06-14,255.796484994,263.9902061782
910,2019-06-15,263.8241691416,268.8329563868
911,2019-06-16,268.838734965,270.7520786339
912,2019-06-17,270.7634289315,273.8801723339
913,2019-06-18,273.9480765191,263.1083721665
914,2019-06-19,263.0697805693,268.636551063
915,2019-06-20,268.686640386,271.8312144504
916,2019-06-21,271.841026782,291.9443651163
917,2019-06-22,295.9257522991,302.0057950053
918,2019-06-23,301.9969434143,308.2046756187
919,2019-06-24,308.2244554592,308.6652725973
920,2019-06-25,308.8059673343,316.2122784377
921,2019-06-26,316.2487083708,324.1308552907
922,2019-06-27,324.1522871853,296.1115558742
923,2019-06-28,296.0943987475,309.4092892509
924,2019-06-29,310.3283211293,314.0469441041
925,2019-06-30,314.0430714057,293.5303668714
926,2019-07-01,293.5804697689,289.4528415487
927,2019-07-02,289.4603018591,291.447247814
928,2019-07-03,290.8884028843,301.4034854223
929,2019-07-04,301.3994332354,293.1470522813
930,2019-07-05,282.674053065,288.0914835903
931,2019-07-06,288.0669655371,287.2026911401
932,2019-07-07,287.1971906624,305.7988738872
933,2019-07-08,305.8018717991,313.7779112419
934,2019-07-09,313.7816513504,307.7689028778
935,2019-07-10,308.34462943,289.1743326633
936,2019-07-11,289.180162335,267.7342737532
937,2019-07-12,267.7391334504,274.6791841991
938,2019-07-13,275.5647265722,267.2689248091
939,2019-07-14,269.5569638784,236.8879113999
940,2019-07-15,236.8410261085,233.0681670622
941,2019-07-16,233.0758189736,200.2220044059
942,2019-07-17,200.2471555893,212.2264798064
943,2019-07-18,211.0360477935,224.2387596856
944,2019-07-19,224.2296352677,219.6537523526
945,2019-07-20,221.0188231329,233.1300974731
946,2019-07-21,233.1174587709,225.087773767
947,2019-07-22,225.0844931317,215.939034883
948,2019-07-23,215.9336514122,215.5549594853
949,2019-07-24,212.432693047,215.0665579651
950,2019-07-25,215.0805309662,219.6820637044
951,2019-07-26,219.6669342215,217.9143663032
952,2019-07-27,217.9173500876,206.3915854447
953,2019-07-28,207.3419250953,207.3703542487
954,2019-07-29,211.384044004,211.6551176583
955,2019-07-30,211.6403353471,210.0807133958
956,2019-07-31,210.0865877645,216.0859269916
957,2019-08-01,216.0811054653,217.3123969246
958,2019-08-02,217.3149634413,217.5168015503
959,2019-08-03,217.5083335322,222.1538140516
960,2019-08-04,222.1758346584,222.5023178606
961,2019-08-05,222.521763569,233.0314055504
962,2019-08-06,233.0398843787,224.5440762664
963,2019-08-07,224.5519475244,225.684468426
964,2019-08-08,225.6607662241,219.2096428405
965,2019-08-09,220.9738875596,209.1745627817
966,2019-08-10,209.1752908943,205.9151551672
967,2019-08-11,206.0072575842,214.8954808413
968,2019-08-12,214.892588854,211.3484238007
969,2019-08-13,211.3496170933,206.996167465
970,2019-08-14,208.7236345427,189.6876230143
971,2019-08-15,189.6936324652,187.9278393382
972,2019-08-16,188.1461934795,185.9325032642
973,2019-08-17,185.949495458,186.3736191253
974,2019-08-18,185.6367732806,194.7744371187
975,2019-08-19,194.7750046647,200.6583914004
976,2019-08-20,200.658598581,198.1378701693
977,2019-08-21,198.1406677926,184.8960217518
978,2019-08-22,184.8933108786,193.7319852095
979,2019-08-23,190.6748552597,193.9669058738
980,2019-08-24,194.0346256867,190.7985040094
981,2019-08-25,190.8039604467,186.1119314503
982,2019-08-26,186.8025597743,188.0709594489
983,2019-08-27,188.0587573976,185.7509882627
984,2019-08-28,187.1406593952,174.059016341
985,2019-08-29,174.0616853228,168.9614619692
986,2019-08-30,168.9515701676,168.6898906234
987,2019-08-31,168.5187352739,172.8455753702
988,2019-09-01,172.826160257,172.0143992107
989,2019-09-02,172.021334776,178.4059546602
990,2019-09-03,178.601201595,180.3972338053
991,2019-09-04,180.3998343684,174.3697252053
992,2019-09-05,174.3779947508,174.9847094505
993,2019-09-06,174.998372023,169.1709224623
994,2019-09-07,169.1518812618,178.645235159
995,2019-09-08,178.2157072561,181.4454540023
996,2019-09-09,181.4413664128,182.2717700833
997,2019-09-10,182.2687223568,179.4033828685
998,2019-09-11,179.9270524235,178.3436658993
999,2019-09-12,178.3473136473,181.2873035665
1000,2019-09-13,181.2892050893,180.7958504026
1001,2019-09-14,180.7985022871,187.4962298211
1002,2019-09-15,188.6049836937,188.7210221857
1003,2019-09-16,189.4594799938,197.7618966425
1004,2019-09-17,197.7609893095,211.8446526245
1005,2019-09-18,211.8258499684,211.7686704911
1006,2019-09-19,210.2545681841,220.4508762286
1007,2019-09-20,220.4685404761,214.5472068317
1008,2019-09-21,214.5594235995,215.6904162106
1009,2019-09-22,215.6898085865,210.6311028782
1010,2019-09-23,210.6311884247,201.7345164348
1011,2019-09-24,201.7106798027,168.9992628285
1012,2019-09-25,166.4584064831,169.9438201808
1013,2019-09-26,169.9462634949,166.6986943643
1014,2019-09-27,166.7002100497,172.7389316275
1015,2019-09-28,174.0520062107,172.9975519826
1016,2019-09-29,172.9944184423,171.0073196817
1017,2019-09-30,169.4650463295,177.9168791987
1018,2019-10-01,181.1987394304,176.9313025671
1019,2019-10-02,176.9355935779,178.612262899
1020,2019-10-03,178.61447317,175.1317829483
1021,2019-10-04,175.0228573538,176.865898508
1022,2019-10-05,176.8619874826,176.0604430049
1023,2019-10-06,176.5445171112,169.4697137162
1024,2019-10-07,169.4751613668,181.4028512955
1025,2019-10-08,181.4028352124,180.7891908418
1026,2019-10-09,180.7336277455,193.151232685
1027,2019-10-10,193.1521878248,192.198199247
1028,2019-10-11,192.1985797807,181.0085295243
1029,2019-10-12,181.0120341547,180.7913299807
1030,2019-10-13,179.8019772486,181.5366658398
1031,2019-10-14,181.5367926783,186.123827056
1032,2019-10-15,186.78,180.58
1033,2019-10-16,180.5031229769,174.7540831526
1034,2019-10-17,174.754194627,176.3901046425
1035,2019-10-18,176.3914357805,173.7500888732
1036,2019-10-19,172.8195486422,171.1585128402
1037,2019-10-20,171.1615027168,174.6693846894
1038,2019-10-21,175.1423785872,173.7658273815
1039,2019-10-22,173.7639581081,171.3018586023
1040,2019-10-23,171.2342547086,159.5431046304
1041,2019-10-24,159.5283559156,161.0687513033
1042,2019-10-25,160.4766970956,179.9804506089
1043,2019-10-26,179.9785938354,177.413932298
1044,2019-10-27,179.990160317,184.9332868639
1045,2019-10-28,184.9408817508,183.9328015641
1046,2019-10-29,181.9923264158,192.3885043623
1047,2019-10-30,192.3960443291,183.3652157781
1048,2019-10-31,183.3729921191,181.5668036255
1049,2019-11-01,181.5678529173,182.873979546
1050,2019-11-02,183.0484886922,182.8533039537
1051,2019-11-03,182.8529696817,182.2438145131
1052,2019-11-04,182.245439942,185.3686817257
1053,2019-11-05,185.974435819,188.8571937095
1054,2019-11-06,188.854812011,191.0586073424
1055,2019-11-07,191.0565461602,187.0749396053
1056,2019-11-08,186.5114333645,184.4694666775
1057,2019-11-09,184.4704385404,185.1915991945
1058,2019-11-10,185.1912962638,189.7227332618
1059,2019-11-11,189.7216904786,185.3595169522
1060,2019-11-12,185.3596158039,186.3251476172
1061,2019-11-13,186.3258675955,187.2511139834
1062,2019-11-14,187.80498324,184.8074617077
1063,2019-11-15,184.8075113077,180.72497196
1064,2019-11-16,180.7248229529,182.1067434198
1065,2019-11-17,182.1067434829,184.1921419583
1066,2019-11-18,183.7882612011,178.4221816961
1067,2019-11-19,178.4223411575,175.5936935158
1068,2019-11-20,175.6027918108,174.7796503518
1069,2019-11-21,174.7790948786,160.5179612026
1070,2019-11-22,160.8533428713,149.5245321915
1071,2019-11-23,149.5208627594,152.1362450315
1072,2019-11-24,152.1385142954,144.3152880154
1073,2019-11-25,140.2001010314,146.9818121723
1074,2019-11-26,146.9829430816,148.006881793
1075,2019-11-27,148.0063944464,152.9572770475
1076,2019-11-28,152.955144939,150.4119794112
1077,2019-11-29,150.4199245175,153.673809539
1078,2019-11-30,154.6333548445,151.6554239752
1079,2019-12-01,151.6561540342,151.5529038097
1080,2019-12-02,151.5531083148,149.4546546609
1081,2019-12-03,149.0437652809,147.8113219421
1082,2019-12-04,147.8090196157,145.6033385587
1083,2019-12-05,145.6036024282,147.8270036017
1084,2019-12-06,148.0544192698,148.6504041144
1085,2019-12-07,148.6506468314,147.8712516108
1086,2019-12-08,147.8742814905,151.4106799451
1087,2019-12-09,151.410626331,147.1595338869
1088,2019-12-10,147.1614170799,145.7973190251
1089,2019-12-11,145.8002271455,143.010804403
1090,2019-12-12,143.252226693,144.5101036807
1091,2019-12-13,144.6912933383,144.4855855195
1092,2019-12-14,144.4855282641,142.0555393225
1093,2019-12-15,142.0554433732,142.6819305388
1094,2019-12-16,142.6814883866,132.3435787088
1095,2019-12-17,132.3441022475,120.879816225
1096,2019-12-18,120.8795881985,133.8778331329
1097,2019-12-19,132.9349405444,127.2736814053
1098,2019-12-20,127.2735675323,127.3752754888
1099,2019-12-21,127.6401608573,129.8708364029
1100,2019-12-22,129.8707266492,128.9106173166
1101,2019-12-23,128.9104737729,125.0138243959
1102,2019-12-24,125.0129590812,128.0056504074
1103,2019-12-25,128.0088700676,125.3335415778
1104,2019-12-26,125.3333204048,125.2582992782
1105,2019-12-27,125.2563447939,126.149213913
1106,2019-12-28,126.1493765257,128.0111453111
1107,2019-12-29,128.0113804058,134.7680350143
1108,2019-12-30,134.2790970367,132.0730737137
1109,2019-12-31,132.1265273155,128.7226035036
1110,2020-01-01,128.7216212353,129.8873633242
1111,2020-01-02,129.8863430809,127.0556008747
1112,2020-01-03,127.0556008747,132.9708331543
1113,2020-01-04,132.9703016886,133.8206207495
1114,2020-01-05,133.8167911464,134.8342522004
1115,2020-01-06,135.2739361935,143.1316009393
1116,2020-01-07,143.1324736319,142.133414011
1117,2020-01-08,142.1874732484,140.3393936759
1118,2020-01-09,140.5102540496,137.4949989813
1119,2020-01-10,137.4955700047,142.8347833627
1120,2020-01-11,144.8464765369,143.0715916414
1121,2020-01-12,143.0715231225,145.2809936515
1122,2020-01-13,145.3010869285,143.9369170091
1123,2020-01-14,143.5929432203,163.8546314577
1124,2020-01-15,163.8406103648,166.5383398703
1125,2020-01-16,166.3027404324,163.9372081347
1126,2020-01-17,163.937012032,171.5889767813
1127,2020-01-18,171.5958831713,176.7004339689
1128,2020-01-19,176.6578850177,166.0633101409
1129,2020-01-20,166.0631809193,167.5725368448
1130,2020-01-21,167.3736339618,169.0544916457
1131,2020-01-22,169.0544205089,167.1518344609
1132,2020-01-23,167.1518145691,162.6714166963
1133,2020-01-24,162.3679148834,162.8065223703
1134,2020-01-25,162.8065025247,160.9178681144
1135,2020-01-26,160.9179031781,166.7218659174
1136,2020-01-27,166.722803283,169.8001125623
1137,2020-01-28,169.8014550205,173.5481484134
1138,2020-01-29,173.5175971105,175.4603220555
1139,2020-01-30,173.5603847394,186.2620413732
1140,2020-01-31,186.3285604061,181.7284342096
1141,2020-02-01,181.7283382141,182.7739888825
1142,2020-02-02,183.4823208273,189.3125531442
1143,2020-02-03,189.3134156538,189.2575928573
1144,2020-02-04,189.6130188487,188.6750821693
1145,2020-02-05,188.6684408803,204.5305348023
1146,2020-02-06,203.5375203255,211.2924866236
1147,2020-02-07,211.2919392725,221.8331393853
1148,2020-02-08,221.8323626041,224.0294271926
1149,2020-02-09,223.318134481,228.0443089591
1150,2020-02-10,228.0450893991,223.3196378015
1151,2020-02-11,222.9542937233,237.8783454792
1152,2020-02-12,237.886199322,268.3962677099
1153,2020-02-13,268.3807600766,266.251814938
1154,2020-02-14,268.580604928,284.0004908975
1155,2020-02-15,283.9993077954,267.3531862573
1156,2020-02-16,267.3499373926,255.3551842166
1157,2020-02-17,259.3453376205,261.1372306808
1158,2020-02-18,261.1376117575,281.3812072446
1159,2020-02-19,281.4042932001,265.1448245328
1160,2020-02-20,258.8474449136,259.714134462
1161,2020-02-21,259.7110003601,263.9493850062
1162,2020-02-22,265.6881601415,262.5732338444
1163,2020-02-23,262.5691731011,272.842806741
1164,2020-02-24,272.8473477755,263.8974852045
1165,2020-02-25,263.8960707449,251.9396762368
1166,2020-02-26,251.9397915485,225.6910701407
1167,2020-02-27,223.8823233419,228.5854083328
1168,2020-02-28,227.627209955,229.7854127591
1169,2020-02-29,229.7860462083,223.4992880371
1170,2020-03-01,223.4992679279,218.7777359829
1171,2020-03-02,218.776883365,230.8129519843
1172,2020-03-03,232.0343098569,224.6566350887
1173,2020-03-04,224.6562558794,223.5277346882
1174,2020-03-05,223.5285236349,229.4143467317
1175,2020-03-06,228.9365790491,240.4900817249
1176,2020-03-07,240.5176726164,240.5548523654
1177,2020-03-08,240.5743930247,204.4108196421
1178,2020-03-09,204.4095970244,198.977350888
1179,2020-03-10,203.1224284151,203.1258771789
1180,2020-03-11,203.127774761,194.4277839901
1181,2020-03-12,194.4190713723,127.2928961752
1182,2020-03-13,127.2961436395,134.821028807
1183,2020-03-14,134.8209002257,124.9746147264
1184,2020-03-15,124.9783658884,123.7851092569
1185,2020-03-16,123.7056713865,107.8983447851
1186,2020-03-17,107.9063584543,118.3424035726
1187,2020-03-18,118.3389189259,116.6065978423
1188,2020-03-19,116.5963986521,140.8145457143
1189,2020-03-20,140.8218464886,131.7531579935
1190,2020-03-21,131.7649583177,133.0816861128
1191,2020-03-22,133.05697586,123.2739471992
1192,2020-03-23,122.4791515059,133.5701413598
1193,2020-03-24,133.5755785677,140.1136998719
1194,2020-03-25,140.1092093649,136.2496619479
1195,2020-03-26,136.3739675533,136.6194963443
1196,2020-03-27,136.6185794206,137.3184524143
1197,2020-03-28,137.3174606221,131.2719316892
1198,2020-03-29,131.2752902627,125.7283385468
1199,2020-03-30,124.4850282274,133.7604753284
1200,2020-03-31,133.7498003951,133.8929305752
1201,2020-04-01,133.9133316211,133.652561146
1202,2020-04-02,133.6531151819,142.5059265378
1203,2020-04-03,141.4470882982,141.9206657029
1204,2020-04-04,141.9150412189,144.1399041259
1205,2020-04-05,144.4429550043,143.4993181165
1206,2020-04-06,143.5003602665,165.9462413993
1207,2020-04-07,165.9313096504,166.4521496289
1208,2020-04-08,166.4529167677,172.8180918913
1209,2020-04-09,172.8060053028,170.898713977
1210,2020-04-10,170.8986142448,158.3075978475
1211,2020-04-11,158.1338529173,158.0101429539
1212,2020-04-12,158.007009454,162.02302301
1213,2020-04-13,162.0230236994,158.3185448242
1214,2020-04-14,158.1904743542,159.7720237128
1215,2020-04-15,159.769634395,155.7292612634
1216,2020-04-16,153.0130095367,174.0709971712
1217,2020-04-17,174.0950674544,170.4157420989
1218,2020-04-18,170.414499105,188.1478721138
1219,2020-04-19,188.022837057,182.8541797091
1220,2020-04-20,182.8504561457,171.3567484442
1221,2020-04-21,171.3555134803,173.0543256318
1222,2020-04-22,173.0531734723,182.209943997
1223,2020-04-23,182.2104001292,189.0411510002
1224,2020-04-24,187.8383870206,186.7921766308
1225,2020-04-25,186.7922836107,193.6154221891
1226,2020-04-26,193.6142324268,195.0902574962
1227,2020-04-27,195.0914234001,197.0252359564
1228,2020-04-28,196.8082325841,197.310224911
1229,2020-04-29,197.3100657691,215.2002836303
1230,2020-04-30,215.1289574035,210.6202341702
1231,2020-05-01,210.6227819507,212.3596701949
1232,2020-05-02,212.3608688402,214.7327163811
1233,2020-05-03,214.468866682,210.186762411
1234,2020-05-04,210.1831644341,207.6209439135
1235,2020-05-05,207.6194601556,205.092216255
1236,2020-05-06,205.5914139138,206.1612678004
1237,2020-05-07,206.1614410139,212.970768396
1238,2020-05-08,212.9740680423,213.6120027829
1239,2020-05-09,213.620015018,211.372735156
1240,2020-05-10,211.3656223364,188.6446608457
1241,2020-05-11,187.7541425977,186.0147754649
1242,2020-05-12,186.0055493026,189.8181868394
1243,2020-05-13,190.0451615281,199.471247703
1244,2020-05-14,199.4691312881,203.7694208006
1245,2020-05-15,203.2278953484,196.1392798869
1246,2020-05-16,196.1356100257,201.4660091385
1247,2020-05-17,201.4678380536,207.4047794108
1248,2020-05-18,206.958977429,214.5257267984
1249,2020-05-19,214.5154874947,213.6812562322
1250,2020-05-20,213.6803599448,209.8536710415
1251,2020-05-21,209.8502129526,200.2877989063
1252,2020-05-22,200.2859745086,208.0416960737
1253,2020-05-23,208.0324657325,207.6257022565
1254,2020-05-24,207.6066018029,206.452974771
1255,2020-05-25,206.4468955111,204.038221714
1256,2020-05-26,204.0379521386,201.2088663208
1257,2020-05-27,201.2088663206,206.1006556031
1258,2020-05-28,206.0985450101,216.5178744013
1259,2020-05-29,216.5247350842,220.5019166374
1260,2020-05-30,220.8556352514,243.6303481192
1261,2020-05-31,243.6270585284,231.2504175786
1262,2020-06-01,231.2100601725,250.0599160501
1263,2020-06-02,250.0726041158,237.3090652858
1264,2020-06-03,237.3095508894,244.5193627884
1265,2020-06-04,244.5416669637,243.4132803896
1266,2020-06-05,243.420504845,240.7663785849
1267,2020-06-06,240.7523323749,242.3213962566
1268,2020-06-07,242.3213939748,243.825655085
1269,2020-06-08,243.8256907979,247.0407955737
1270,2020-06-09,247.0468660299,244.5428506736
1271,2020-06-10,244.5875966792,247.4454296066
1272,2020-06-11,247.4446279621,230.5056339076
1273,2020-06-12,230.5220549828,237.2197469187
1274,2020-06-13,237.2259908291,238.2201400896
1275,2020-06-14,238.2201400918,232.6132804986
1276,2020-06-15,232.6115651761,231.2550027053
1277,2020-06-16,231.2543429366,234.7509210246
1278,2020-06-17,234.754450543,234.0310260214
1279,2020-06-18,234.0394744702,231.8059383408
1280,2020-06-19,231.8061482086,228.8903067734
1281,2020-06-20,228.8772879947,228.7451598817
1282,2020-06-21,228.7389242343,227.6154756679
1283,2020-06-22,227.6089252779,243.2281939759
1284,2020-06-23,243.2114216762,242.9270899437
1285,2020-06-24,242.927089944,235.1756535949
1286,2020-06-25,235.1886592592,232.5691463771
1287,2020-06-26,232.5696026564,229.9450697712
1288,2020-06-27,229.9394928887,221.4079023706
1289,2020-06-28,221.4086713152,224.1848295462
1290,2020-06-29,224.1895353556,228.3333420231
1291,2020-06-30,228.3333292181,225.9467950844
1292,2020-07-01,225.6863921064,230.7048874981
1293,2020-07-02,231.1948375875,226.7229790237
1294,2020-07-03,226.6998415409,226.3593386336
1295,2020-07-04,225.1198565553,228.8071990379
1296,2020-07-05,229.309123778,227.0958437535
1297,2020-07-06,227.7624211284,238.9297010239
1298,2020-07-07,241.6816950102,238.4339891225
1299,2020-07-08,239.5282277474,248.281879338
1300,2020-07-09,247.2208495129,241.7872199263
1301,2020-07-10,242.080879565,240.1467526502
1302,2020-07-11,241.3130855443,238.9943354723
1303,2020-07-12,239.4193572732,240.22366586
1304,2020-07-13,243.0083433906,239.3273161658
1305,2020-07-14,239.5313593297,240.8414253109
1306,2020-07-15,240.5938874718,238.4254490792
1307,2020-07-16,238.4149784216,233.0853182123
1308,2020-07-17,233.5424064252,232.8975949922
1309,2020-07-18,232.7958737371,235.7401242173
1310,2020-07-19,236.0131451355,237.7425541334
1311,2020-07-20,239.1809758274,236.0678442243
1312,2020-07-21,236.1469913183,245.2152674702
1313,2020-07-22,245.8905627471,264.0682844678
1314,2020-07-23,264.2264986103,275.8085217294
1315,2020-07-24,275.7213120686,282.0835888641
1316,2020-07-25,279.712563016,305.6981196217
1317,2020-07-26,305.7557998871,312.1649089443
1318,2020-07-27,311.2393860098,329.6317211075
1319,2020-07-28,322.2859019811,317.1500090147
1320,2020-07-29,317.3983328562,322.5821788488
1321,2020-07-30,318.3178662892,336.2069898243
1322,2020-07-31,335.2509921303,346.0277183338
1323,2020-08-01,346.8799144534,385.3971442278
1324,2020-08-02,387.6319772246,376.7304077565
1325,2020-08-03,372.3310989279,389.0088526187
1326,2020-08-04,386.3841649531,391.4719188271
1327,2020-08-05,389.7739841582,398.7823155558
1328,2020-08-06,401.1942824965,395.0946703368
1329,2020-08-07,395.3629341207,382.7311751829
1330,2020-08-08,379.8457064085,390.808826242
1331,2020-08-09,397.2580927816,388.3353162731
1332,2020-08-10,390.504577658,395.3996937457
1333,2020-08-11,395.9138296672,375.7376315945
1334,2020-08-12,379.2203395385,385.6144268142
1335,2020-08-13,387.3415773534,426.5197717722
1336,2020-08-14,424.881045254,439.4651311644
1337,2020-08-15,438.9316946123,432.5808730567
1338,2020-08-16,432.6224965686,432.9948222845
1339,2020-08-17,433.820497493,439.1354267206
1340,2020-08-18,431.3676954553,426.6580775702
1341,2020-08-19,422.400274926,406.7773731283
1342,2020-08-20,407.9056876456,414.892313138
1343,2020-08-21,416.327704322,392.9193709266
1344,2020-08-22,388.2547095119,393.7887017486
1345,2020-08-23,395.7003591,392.2001782169
1346,2020-08-24,391.0885828063,406.0046385673
1347,2020-08-25,408.0597611801,383.7475333924
1348,2020-08-26,383.4401407168,386.442205636
1349,2020-08-27,385.9954626054,381.5294806967
1350,2020-08-28,383.6367344765,391.9147663738
1351,2020-08-29,395.6468275833,402.90311604
1352,2020-08-30,399.0898440034,423.0770923093
1353,2020-08-31,429.0059962,435.2801714861
1354,2020-09-01,434.1475041025,480.5552222401
1355,2020-09-02,475.41436486,441.8792972944
1356,2020-09-03,440.3346759471,399.5571540928
1357,2020-09-04,382.5405618575,391.8715284748
1358,2020-09-05,386.0594302961,329.0848011726
1359,2020-09-06,335.4103155017,349.4605531884
1360,2020-09-07,353.0927521017,354.3037632168
1361,2020-09-08,353.7657005608,334.025416843
1362,2020-09-09,337.6975033565,354.513329323
1363,2020-09-10,351.208679324,367.1263141396
1364,2020-09-11,368.2165020788,374.2875958676
1365,2020-09-12,374.1000639654,383.9274938089
1366,2020-09-13,388.0735382863,364.5362187519
1367,2020-09-14,366.5649239094,373.5045266209
1368,2020-09-15,377.4456461938,365.8433246496
1369,2020-09-16,364.3129883513,367.4346465463
1370,2020-09-17,365.5061959268,389.3184007746
1371,2020-09-18,389.5977603471,382.9262672477
1372,2020-09-19,384.6413320908,384.2505679659
1373,2020-09-20,385.3986061648,367.3231536518
1374,2020-09-21,371.1952363429,347.5680272914
1375,2020-09-22,340.45670978,345.1418278286
1376,2020-09-23,344.3569918652,322.3349074502
1377,2020-09-24,320.5545124651,348.9888398557
1378,2020-09-25,348.9933377017,354.7818318623
1379,2020-09-26,352.0351311687,354.0452726273
1380,2020-09-27,354.1211199622,354.9380677088
1381,2020-09-28,357.5575086745,361.7481129229
1382,2020-09-29,353.8336713792,357.3310057778
1383,2020-09-30,359.8496345618,358.7399606682
1384,2020-10-01,359.8348106589,352.0332681871
1385,2020-10-02,353.172226906,345.3998475591
1386,2020-10-03,345.8401300586,347.1718312811
1387,2020-10-04,346.4838160306,351.6400320431
1388,2020-10-05,352.4946648969,352.6185940994
1389,2020-10-06,353.67262527,340.3481830382
1390,2020-10-07,340.7065978779,339.378314508
1391,2020-10-08,341.6884014535,350.9546298469
1392,2020-10-09,351.1428032145,364.3294014957
1393,2020-10-10,365.353470781,374.6844228802
1394,2020-10-11,370.533240317,372.7678333626
1395,2020-10-12,374.2830969979,393.1071990064
1396,2020-10-13,386.6361778913,381.6256168546
1397,2020-10-14,381.4181658591,376.469523739
1398,2020-10-15,379.2418371556,378.2395134365
1399,2020-10-16,377.9188744498,367.1522802856
1400,2020-10-17,365.8071694125,368.2368438997
1401,2020-10-18,368.5987227075,376.5122024722
1402,2020-10-19,378.5203218879,379.6604736902
1403,2020-10-20,379.3842502619,368.8607245558
1404,2020-10-21,368.7926553011,398.0277214424
1405,2020-10-22,390.9355571625,417.6331816271
1406,2020-10-23,414.3409245152,408.2428390432
1407,2020-10-24,409.3147393841,411.2159945412
1408,2020-10-25,412.2438858016,405.3954328773
1409,2020-10-26,406.1713381468,391.4164092636
1410,2020-10-27,393.1437710621,404.4218331907
1411,2020-10-28,403.7494182145,388.156443591
1412,2020-10-29,388.5708362302,386.0911828108
1413,2020-10-30,387.3930168237,383.6848623179
1414,2020-10-31,382.9710577129,388.4387980726
1415,2020-11-01,387.0036018944,395.9961821947
1416,2020-11-02,396.8552431641,384.8347474569
1417,2020-11-03,383.4622242763,386.4908987246
1418,2020-11-04,387.6912119415,403.2778485673
1419,2020-11-05,402.8688891767,416.5114824325
1420,2020-11-06,417.1117896508,453.0308238119
1421,2020-11-07,456.5943490653,435.8613367687
1422,2020-11-08,435.2051014325,454.5517448714
1423,2020-11-09,454.5219418457,443.6204255251
1424,2020-11-10,444.3862703221,453.3189964868
1425,2020-11-11,450.9313581428,466.5282281386
1426,2020-11-12,463.6832775071,462.6719472046
1427,2020-11-13,462.7853206814,477.3388766
1428,2020-11-14,476.6831147867,460.4664980993
1429,2020-11-15,461.0909844624,445.8941417724
1430,2020-11-16,448.5349296131,461.0623567875
1431,2020-11-17,460.7228217885,480.9909845258
1432,2020-11-18,482.4939844009,478.4043731714
1433,2020-11-19,478.6527985815,473.5739180278
1434,2020-11-20,471.7860558439,507.6303417383
1435,2020-11-21,510.2747411104,539.5625939862
1436,2020-11-22,551.6192567479,578.4629743172
1437,2020-11-23,559.5830076096,609.1437148653
1438,2020-11-24,608.7463569336,601.5316453167
1439,2020-11-25,604.705926739,567.7759673023
1440,2020-11-26,569.4581751107,520.8333184304
1441,2020-11-27,520.7730274267,515.534223743
1442,2020-11-28,519.2584466466,546.0136418149
1443,2020-11-29,538.2604872219,567.6815131103
1444,2020-11-30,576.5860413787,605.7631371389
1445,2020-12-01,616.1313958111,593.659257549
1446,2020-12-02,586.3340636199,598.263646643
1447,2020-12-03,597.4416899612,615.4088784506
1448,2020-12-04,616.4559518853,575.59260015
1449,2020-12-05,567.7926882709,592.4092013487
1450,2020-12-06,597.2541013093,592.6159236652
1451,2020-12-07,602.0731383673,589.6630189512
1452,2020-12-08,591.5291823221,563.4373127342
1453,2020-12-09,554.7605900944,574.9030707023
1454,2020-12-10,573.5967900987,564.3938574746
1455,2020-12-11,559.0802880986,550.3806474355
1456,2020-12-12,544.4423824451,573.008347948
1457,2020-12-13,568.4810073729,586.321236258
1458,2020-12-14,590.4910667964,587.3035383071
1459,2020-12-15,586.0840297305,588.2978961456
1460,2020-12-16,588.9026170173,632.2912858311
1461,2020-12-17,637.6940034928,645.0753045133
1462,2020-12-18,643.2014316444,652.1960225924
1463,2020-12-19,654.3642072,663.5523430029
1464,2020-12-20,658.211908949,635.5837928886
1465,2020-12-21,638.3338196217,617.2544032218
1466,2020-12-22,607.9840448325,623.443202693
1467,2020-12-23,636.1356521635,584.5174190516
1468,2020-12-24,585.3712486661,612.5741966765
1469,2020-12-25,612.3523821016,621.6166902622
1470,2020-12-26,626.9066385093,633.9198224178
1471,2020-12-27,636.1804971152,681.2794850106
1472,2020-12-28,683.2768616258,726.1045863344
1473,2020-12-29,729.3536883733,724.5759621528
1474,2020-12-30,731.078525788,746.0625172683
1475,2020-12-31,752.3224744953,741.1184042851
1476,2021-01-01,736.7099217033,730.0351684102
1477,2021-01-02,729.7325671355,771.4757566597
1478,2021-01-03,771.7942283706,976.8926808393
1479,2021-01-04,971.6427188823,1017.8623988981
1480,2021-01-05,1041.4960000123,1123.1628410718
1481,2021-01-06,1101.9035692061,1193.5715202415
1482,2021-01-07,1209.686756372,1251.0492101183
1483,2021-01-08,1223.8425646029,1208.5799785678
1484,2021-01-09,1215.225473042,1287.4841438663
1485,2021-01-10,1275.4515448761,1281.9976614145
1486,2021-01-11,1253.2708043946,1055.8909250422
1487,2021-01-12,1087.6746225362,1064.2012838901
1488,2021-01-13,1050.8308074089,1116.4340868185
1489,2021-01-14,1129.6916767608,1177.3442448293
1490,2021-01-15,1230.9664858131,1171.3958830887
1491,2021-01-16,1168.9245438283,1227.0870408156
1492,2021-01-17,1228.3771635037,1252.9981581457
1493,2021-01-18,1233.2153850116,1238.6455042902
1494,2021-01-19,1258.8308727002,1411.8339394749
1495,2021-01-20,1367.6633550492,1332.6425126838
1496,2021-01-21,1377.5028825258,1117.4836784751
1497,2021-01-22,1111.2649463623,1250.7151664476
1498,2021-01-23,1234.5621175427,1235.091639789
1499,2021-01-24,1234.3390013843,1368.8956047745
1500,2021-01-25,1393.7109740444,1324.8584871299
1501,2021-01-26,1318.39283584,1350.7369555572
1502,2021-01-27,1367.5546270094,1247.6565556826
1503,2021-01-28,1241.7860374951,1354.96039384
1504,2021-01-29,1331.2338482195,1407.6817902673
1505,2021-01-30,1380.0117732689,1385.498675211
1506,2021-01-31,1379.3260347962,1315.243744537
1507,2021-02-01,1314.4190185241,1357.0479899865
1508,2021-02-02,1374.4827977797,1540.6512876256
1509,2021-02-03,1513.8096086686,1644.6859673423
1510,2021-02-04,1665.8928048334,1628.4680083886
1511,2021-02-05,1596.9919341709,1704.8323001183
1512,2021-02-06,1720.1098276851,1708.7282991033
1513,2021-02-07,1678.5881497557,1584.68192312
1514,2021-02-08,1614.2452653941,1714.8760437
1515,2021-02-09,1752.2560887496,1762.2683020123
1516,2021-02-10,1772.1119761449,1747.1977271685
1517,2021-02-11,1743.124852908,1781.5847291302
1518,2021-02-12,1787.2889192843,1845.8201487353
1519,2021-02-13,1844.3205129455,1811.2688742943
1520,2021-02-14,1817.9708255067,1828.0926556783
1521,2021-02-15,1803.0805254581,1787.1229409878
1522,2021-02-16,1779.9199791489,1763.7516712651
1523,2021-02-17,1783.3536180109,1835.9914626743
1524,2021-02-18,1850.4700031321,1936.7152857294
1525,2021-02-19,1940.3453753546,1958.7391904297
1526,2021-02-20,1956.1093530953,1855.2648413078
1527,2021-02-21,1915.1484047963,1913.8002838917
1528,2021-02-22,1934.5909578061,1782.1495911944
1529,2021-02-23,1778.3928145485,1546.6229610737
1530,2021-02-24,1578.2292612042,1589.2668006007
1531,2021-02-25,1625.7187678613,1524.1806061529
1532,2021-02-26,1483.1639414019,1435.7244181925
1533,2021-02-27,1445.3511513752,1495.812837494
1534,2021-02-28,1461.1072374866,1412.7131887857
1535,2021-03-01,1421.7298613257,1555.8447802536
1536,2021-03-02,1571.0823653533,1483.9120430764
1537,2021-03-03,1489.5160971805,1593.87899763
1538,2021-03-04,1569.9435700836,1528.5683097828
1539,2021-03-05,1540.3625483969,1543.5683862909
1540,2021-03-06,1529.8408551208,1658.8123184002
1541,2021-03-07,1650.9386921003,1681.9917947622
1542,2021-03-08,1726.4259762108,1782.4868586483
1543,2021-03-09,1833.0535704937,1834.6652773466
1544,2021-03-10,1871.9681973295,1829.3913235136
1545,2021-03-11,1796.4673269041,1822.2317968982
1546,2021-03-12,1827.1797830198,1762.2335996562
1547,2021-03-13,1766.6939512109,1905.9466708556
1548,2021-03-14,1914.8152993398,1880.7561142354
1549,2021-03-15,1847.4205702922,1789.8440534586
1550,2021-03-16,1795.3613351698,1797.8202646051
1551,2021-03-17,1805.4800666668,1815.7424004952
1552,2021-03-18,1822.4018270872,1790.5287290004
1553,2021-03-19,1776.6476675714,1819.5551488499
1554,2021-03-20,1811.9385661454,1833.745116795
1555,2021-03-21,1807.3548009625,1798.8897051251
1556,2021-03-22,1784.119386526,1684.4615704989
1557,2021-03-23,1682.9827177716,1677.3997094293
1558,2021-03-24,1669.1645595169,1592.2323707381
1559,2021-03-25,1583.3947384826,1598.2561459368
1560,2021-03-26,1587.2344153964,1681.9055387468
1561,2021-03-27,1700.0813899588,1722.4718612491
1562,2021-03-28,1713.3386238371,1676.3570868781
1563,2021-03-29,1687.1789610226,1809.0688833594
1564,2021-03-30,1816.2410826747,1841.7557639612
1565,2021-03-31,1842.699974292,1913.851918614
1566,2021-04-01,1919.1623035077,1968.1667128324
1567,2021-04-02,1968.074621212,2096.5905056962
1568,2021-04-03,2133.6128896764,2036.7518967658
1569,2021-04-04,2011.488248889,2067.5147852089
1570,2021-04-05,2076.9769703868,2114.1439392315
1571,2021-04-06,2107.4649993634,2117.5958108286
1572,2021-04-07,2113.3742316348,2011.5504260806
1573,2021-04-08,1964.6033762581,2069.660876338
1574,2021-04-09,2081.3857854027,2070.601411041
1575,2021-04-10,2067.6584243107,2118.7059924048
1576,2021-04-11,2133.3263675309,2137.0958672385
1577,2021-04-12,2151.4067715514,2144.4204637437
1578,2021-04-13,2137.2770470089,2280.9078630653
1579,2021-04-14,2299.0545071039,2427.8050868766
1580,2021-04-15,2432.6930179144,2538.0625778344
1581,2021-04-16,2516.3931678179,2438.4295943481
1582,2021-04-17,2426.476182434,2374.755809849
1583,2021-04-18,2323.3844151805,2249.0086956254
1584,2021-04-19,2242.321493472,2201.6483511822
1585,2021-04-20,2164.4719607254,2329.1773316843
1586,2021-04-21,2333.2349689901,2365.5466472092
1587,2021-04-22,2358.3307230314,2424.2205214138
1588,2021-04-23,2400.1871252625,2329.0314833535
1589,2021-04-24,2371.5474681884,2271.378121535
1590,2021-04-25,2219.5625181604,2276.2280187885
1591,2021-04-26,2323.5880412371,2515.3095038267
1592,2021-04-27,2534.8911547491,2624.3557189947
1593,2021-04-28,2668.8363944373,2726.1520318035
1594,2021-04-29,2750.4995848315,2760.3349559568
1595,2021-04-30,2759.2553611558,2751.8717637673
1596,2021-05-01,2774.4351009203,2943.1760512939
1597,2021-05-02,2946.2207338561,2941.1423331647
1598,2021-05-03,2952.6361959319,3393.3273810235
1599,2021-05-04,3433.2022853452,3266.4455483605
1600,2021-05-05,3242.6972677484,3495.9683427626
1601,2021-05-06,3526.1280716724,3541.9305747705
1602,2021-05-07,3492.1575427475,3445.4267389274
1603,2021-05-08,3486.4400126066,3882.8052599473
1604,2021-05-09,3917.3819059065,3896.3218856174
1605,2021-05-10,3928.3513379535,3998.9132149877
1606,2021-05-11,3951.9892448369,4132.7575457957
1607,2021-05-12,4179.9317431649,4076.9597105759
1608,2021-05-13,3817.1100892111,3767.0879847605
1609,2021-05-14,3721.398672992,4100.0274696175
1610,2021-05-15,4082.8801208213,3746.5762483716
1611,2021-05-16,3650.0222078519,3519.1052246467
1612,2021-05-17,3583.8626988558,3231.944177145
1613,2021-05-18,3283.2858455515,3415.949413392
1614,2021-05-19,3380.3014007439,2686.1658605218
1615,2021-05-20,2446.2403061288,2744.5236477636
1616,2021-05-21,2777.3961608911,2407.4276232666
1617,2021-05-22,2436.7280849715,2329.0347280905
1618,2021-05-23,2298.970751444,2080.3714204131
1619,2021-05-24,2099.628024501,2539.9978638989
1620,2021-05-25,2653.0642894017,2691.5372142828
1621,2021-05-26,2707.7368872069,2821.622828093
1622,2021-05-27,2889.9272302613,2774.5366296328
1623,2021-05-28,2745.5633890519,2372.9684320829
1624,2021-05-29,2414.6048120872,2281.7697244023
1625,2021-05-30,2281.8124436347,2407.6083522386
1626,2021-05-31,2388.281801181,2650.2153535206
1627,2021-06-01,2706.8177311503,2594.7180822734
1628,2021-06-02,2634.1457150309,2683.002836929
1629,2021-06-03,2706.4475778648,2839.5365832546
1630,2021-06-04,2857.2775518205,2731.62833844
1631,2021-06-05,2692.6416235133,2574.8653375295
1632,2021-06-06,2630.9854162688,2677.9014276621
1633,2021-06-07,2713.0975666877,2610.5418189763
1634,2021-06-08,2594.7533193195,2525.5784844278
1635,2021-06-09,2509.9545447326,2603.3259858813
1636,2021-06-10,2611.4177610645,2482.1104738648
1637,2021-06-11,2472.3386523368,2363.0225009193
1638,2021-06-12,2354.8145101256,2379.87497456
1639,2021-06-13,2371.8969753533,2520.3766460932
1640,2021-06-14,2509.0333918438,2560.1213773409
1641,2021-06-15,2582.0679485058,2557.9001346791
1642,2021-06-16,2544.3003121526,2387.1290757695
1643,2021-06-17,2368.2663736407,2342.9100004971
1644,2021-06-18,2373.6549788403,2208.3252370951
1645,2021-06-19,2235.6721266508,2181.407845179
1646,2021-06-20,2167.3490378249,2258.0933038483
1647,2021-06-21,2243.8368782199,1880.8371929494
1648,2021-06-22,1886.1386110871,1877.2549468501
1649,2021-06-23,1880.2634497941,1949.3727250359
1650,2021-06-24,1968.7920753594,1980.7225029947
1651,2021-06-25,1989.2439677497,1830.6800121565
1652,2021-06-26,1810.0971293202,1783.2329210823
1653,2021-06-27,1830.330517619,1946.1526657902
1654,2021-06-28,1982.7644594785,2096.7913438084
1655,2021-06-29,2083.9630100119,2181.5038145863
1656,2021-06-30,2164.8266655425,2257.3065136491
1657,2021-07-01,2275.6890041796,2127.71159805
1658,2021-07-02,2107.2798580994,2116.9506026868
1659,2021-07-03,2154.535721546,2197.4317962958
1660,2021-07-04,2226.2804754731,2366.4015017922
1661,2021-07-05,2321.5582729824,2236.6980105497
1662,2021-07-06,2196.6100120506,2313.5091511394
1663,2021-07-07,2321.8335613901,2330.3799294583
1664,2021-07-08,2317.0042122579,2097.3263719587
1665,2021-07-09,2115.8986821425,2159.8743034529
1666,2021-07-10,2146.9045783472,2113.7265413839
1667,2021-07-11,2110.5623590613,2152.3916045837
1668,2021-07-12,2139.9510719316,2035.0778418152
1669,2021-07-13,2031.101765213,1935.5846562342
1670,2021-07-14,1940.1117349852,2008.5734332562
1671,2021-07-15,1995.3618230341,1925.2901262112
1672,2021-07-16,1919.2151917049,1882.4577697959
1673,2021-07-17,1877.0256251919,1901.7229221596
1674,2021-07-18,1900.2353422644,1890.6749303755
1675,2021-07-19,1891.8721795756,1829.12505726
1676,2021-07-20,1818.9912048006,1776.8790098079
1677,2021-07-21,1787.1551583646,1968.4738988221
1678,2021-07-22,1996.4642176057,2005.7264606435
1679,2021-07-23,2025.4318156905,2079.9505524664
1680,2021-07-24,2124.9985006186,2167.8214984902
1681,2021-07-25,2186.8363768916,2161.0522241053
1682,2021-07-26,2191.7607965912,2225.7403376518
1683,2021-07-27,2228.8339869447,2300.6113830433
1684,2021-07-28,2301.3688968635,2303.3779339871
1685,2021-07-29,2301.3997342721,2332.1692736041
1686,2021-07-30,2384.0398192889,2435.4986818634
1687,2021-07-31,2461.5361908068,2536.6970747464
1688,2021-08-01,2531.487423021,2599.3281481852
1689,2021-08-02,2557.628618167,2623.9070486872
1690,2021-08-03,2608.8825136664,2518.491323059
1691,2021-08-04,2509.3104319164,2746.4748417821
1692,2021-08-05,2725.4697853143,2821.6899316687
1693,2021-08-06,2828.0150822505,2886.5594821646
1694,2021-08-07,2891.1417968671,3103.6878039232
1695,2021-08-08,3160.8803015652,3041.472726564
1696,2021-08-09,3012.3675944788,3128.8031326763
1697,2021-08-10,3161.6709256619,3158.3771970715
1698,2021-08-11,3142.6856340802,3176.8917780167
1699,2021-08-12,3163.0360914218,3012.4198478581
1700,2021-08-13,3047.9755616452,3293.7053433724
1701,2021-08-14,3323.3323648411,3256.5208087624
1702,2021-08-15,3265.9785150796,3293.3040939776
1703,2021-08-16,3309.9458081252,3186.3229365962
1704,2021-08-17,3148.8173942463,3040.2666064526
1705,2021-08-18,3012.836870221,3033.5391079745
1706,2021-08-19,3017.2719644005,3151.8979558512
1707,2021-08-20,3183.558118442,3257.793473329
1708,2021-08-21,3285.7793244741,3237.727331027
1709,2021-08-22,3226.5902285924,3189.140229344
1710,2021-08-23,3240.6835681083,3332.9296289115
1711,2021-08-24,3322.9404306834,3203.239873866
1712,2021-08-25,3173.5799079962,3217.3431127757
1713,2021-08-26,3229.5738199807,3135.122534433
1714,2021-08-27,3095.6104380846,3269.1327813991
1715,2021-08-28,3276.0332712106,3232.0760933982
1716,2021-08-29,3246.6527156078,3242.238240019
1717,2021-08-30,3225.3629354292,3280.4112086047
1718,2021-08-31,3230.0803891317,3388.026327475
1719,2021-09-01,3431.2468819758,3771.5240400537
1720,2021-09-02,3829.3108315463,3805.8239680247
1721,2021-09-03,3787.6472220381,3879.477514805
1722,2021-09-04,3939.4820377489,3891.6780335046
1723,2021-09-05,3887.8615559628,3934.8672929039
1724,2021-09-06,3951.4560064733,3941.1191195842
1725,2021-09-07,3929.2646678393,3445.2438374453
1726,2021-09-08,3436.1584218277,3559.7175035305
1727,2021-09-09,3501.2282398121,3440.9403921012
1728,2021-09-10,3426.8526830046,3205.8320881528
1729,2021-09-11,3210.67361798,3279.3623299814
1730,2021-09-12,3269.4902292247,3369.8321738777
1731,2021-09-13,3406.801125783,3294.4037580424
1732,2021-09-14,3286.5239453007,3391.2215166472
1733,2021-09-15,3435.9216937195,3587.5492032628
