,date,ada_open,ada_close
0,2017-10-01,0.021678,0.024969
1,2017-10-02,0.024607,0.025932
2,2017-10-03,0.025757,0.020816
3,2017-10-04,0.020864,0.021931
4,2017-10-05,0.021951,0.021489
5,2017-10-06,0.021359,0.018539
6,2017-10-07,0.018414,0.020941
7,2017-10-08,0.020929,0.020477
8,2017-10-09,0.020344,0.022114
9,2017-10-10,0.022112,0.021531
10,2017-10-11,0.02148,0.02252
11,2017-10-12,0.022538,0.026252
12,2017-10-13,0.026061,0.033641
13,2017-10-14,0.033876,0.032465
14,2017-10-15,0.032874,0.030049
15,2017-10-16,0.029939,0.028948
16,2017-10-17,0.028953,0.027217
17,2017-10-18,0.027219,0.026691
18,2017-10-19,0.026704,0.027032
19,2017-10-20,0.026982,0.03063
20,2017-10-21,0.030806,0.028436
21,2017-10-22,0.028565,0.027729
22,2017-10-23,0.027684,0.025454
23,2017-10-24,0.025339,0.027193
24,2017-10-25,0.027038,0.027527
25,2017-10-26,0.027409,0.027132
26,2017-10-27,0.027138,0.026382
27,2017-10-28,0.026339,0.025866
28,2017-10-29,0.025831,0.028607
29,2017-10-30,0.028318,0.028583
30,2017-10-31,0.028547,0.030437
31,2017-11-01,0.029127,0.022986
32,2017-11-02,0.023079,0.021306
33,2017-11-03,0.021418,0.022628
34,2017-11-04,0.022641,0.022022
35,2017-11-05,0.022054,0.020635
36,2017-11-06,0.020977,0.021881
37,2017-11-07,0.021846,0.022195
38,2017-11-08,0.021912,0.025186
39,2017-11-09,0.02516,0.032053
40,2017-11-10,0.032219,0.027119
41,2017-11-11,0.026891,0.027437
42,2017-11-12,0.02748,0.023977
43,2017-11-13,0.024364,0.025808
44,2017-11-14,0.025797,0.02623
45,2017-11-15,0.026116,0.026445
46,2017-11-16,0.026583,0.02758
47,2017-11-17,0.027143,0.025773
48,2017-11-18,0.025597,0.026369
49,2017-11-19,0.026243,0.028084
50,2017-11-20,0.028152,0.029581
51,2017-11-21,0.029587,0.02833
52,2017-11-22,0.028399,0.028549
53,2017-11-23,0.02854,0.027444
54,2017-11-24,0.027406,0.028382
55,2017-11-25,0.028324,0.030447
56,2017-11-26,0.030437,0.036332
57,2017-11-27,0.036619,0.050593
58,2017-11-28,0.050627,0.119744
59,2017-11-29,0.118235,0.089718
60,2017-11-30,0.09493,0.119883
61,2017-12-01,0.116622,0.131352
62,2017-12-02,0.131633,0.132351
63,2017-12-03,0.132351,0.131807
64,2017-12-04,0.131546,0.13587
65,2017-12-05,0.135625,0.127488
66,2017-12-06,0.126748,0.117839
67,2017-12-07,0.117766,0.105501
68,2017-12-08,0.106142,0.115465
69,2017-12-09,0.114745,0.119609
70,2017-12-10,0.119794,0.110281
71,2017-12-11,0.108927,0.121383
72,2017-12-12,0.121177,0.133891
73,2017-12-13,0.133739,0.134281
74,2017-12-14,0.133667,0.240753
75,2017-12-15,0.233209,0.213467
76,2017-12-16,0.212875,0.404665
77,2017-12-17,0.386775,0.513011
78,2017-12-18,0.511939,0.518198
79,2017-12-19,0.520268,0.531273
80,2017-12-20,0.533705,0.486151
81,2017-12-21,0.490049,0.477851
82,2017-12-22,0.478974,0.40715
83,2017-12-23,0.41442,0.414027
84,2017-12-24,0.416661,0.390029
85,2017-12-25,0.39233,0.416363
86,2017-12-26,0.413573,0.428465
87,2017-12-27,0.427107,0.414176
88,2017-12-28,0.41202,0.407701
89,2017-12-29,0.410457,0.529299
90,2017-12-30,0.528316,0.639243
91,2017-12-31,0.642581,0.719695
92,2018-01-01,0.718847,0.728657
93,2018-01-02,0.724676,0.782587
94,2018-01-03,0.779681,1.07966
95,2018-01-04,1.09403,1.11412
96,2018-01-05,1.17115,0.999559
97,2018-01-06,0.997,1.02715
98,2018-01-07,1.02415,1.00852
99,2018-01-08,0.999329,0.899002
100,2018-01-09,0.898185,0.814743
101,2018-01-10,0.815872,0.793121
102,2018-01-11,0.791522,0.688412
103,2018-01-12,0.695769,0.897508
104,2018-01-13,0.91741,0.884124
105,2018-01-14,0.881961,0.802262
106,2018-01-15,0.795761,0.778587
107,2018-01-16,0.780621,0.626493
108,2018-01-17,0.624123,0.629102
109,2018-01-18,0.631295,0.659843
110,2018-01-19,0.649544,0.650498
111,2018-01-20,0.656564,0.70751
112,2018-01-21,0.706391,0.613163
113,2018-01-22,0.614983,0.570458
114,2018-01-23,0.566537,0.56307
115,2018-01-24,0.563369,0.622208
116,2018-01-25,0.629337,0.637495
117,2018-01-26,0.633903,0.623382
118,2018-01-27,0.623477,0.616833
119,2018-01-28,0.62056,0.670286
120,2018-01-29,0.669373,0.623204
121,2018-01-30,0.624799,0.531913
122,2018-01-31,0.527598,0.519315
123,2018-02-01,0.515912,0.421672
124,2018-02-02,0.41946,0.390534
125,2018-02-03,0.400965,0.438836
126,2018-02-04,0.433865,0.379303
127,2018-02-05,0.385044,0.327371
128,2018-02-06,0.331209,0.369753
129,2018-02-07,0.367267,0.340447
130,2018-02-08,0.344464,0.356584
131,2018-02-09,0.352848,0.391602
132,2018-02-10,0.386671,0.405872
133,2018-02-11,0.405104,0.369769
134,2018-02-12,0.372595,0.384315
135,2018-02-13,0.383436,0.373314
136,2018-02-14,0.373766,0.396908
137,2018-02-15,0.394671,0.409368
138,2018-02-16,0.410142,0.40381
139,2018-02-17,0.402403,0.419883
140,2018-02-18,0.418355,0.385618
141,2018-02-19,0.38693,0.391472
142,2018-02-20,0.390942,0.378779
143,2018-02-21,0.375593,0.364441
144,2018-02-22,0.362651,0.337871
145,2018-02-23,0.334758,0.345258
146,2018-02-24,0.343668,0.322966
147,2018-02-25,0.322152,0.344033
148,2018-02-26,0.345272,0.338335
149,2018-02-27,0.339132,0.335536
150,2018-02-28,0.334486,0.312581
151,2018-03-01,0.311973,0.304397
152,2018-03-02,0.304424,0.293504
153,2018-03-03,0.292952,0.297106
154,2018-03-04,0.296285,0.300787
155,2018-03-05,0.299897,0.297622
156,2018-03-06,0.295947,0.285357
157,2018-03-07,0.284674,0.247281
158,2018-03-08,0.24816,0.221743
159,2018-03-09,0.221286,0.222207
160,2018-03-10,0.225216,0.209873
161,2018-03-11,0.209721,0.223498
162,2018-03-12,0.224104,0.223722
163,2018-03-13,0.22311,0.223026
164,2018-03-14,0.22343,0.199562
165,2018-03-15,0.198755,0.185709
166,2018-03-16,0.186788,0.178878
167,2018-03-17,0.17877,0.154763
168,2018-03-18,0.153931,0.156155
169,2018-03-19,0.160749,0.197648
170,2018-03-20,0.193447,0.204947
171,2018-03-21,0.205315,0.213189
172,2018-03-22,0.215403,0.203481
173,2018-03-23,0.202298,0.189259
174,2018-03-24,0.188844,0.189201
175,2018-03-25,0.188396,0.184605
176,2018-03-26,0.18396,0.167806
177,2018-03-27,0.168215,0.154926
178,2018-03-28,0.155196,0.160058
179,2018-03-29,0.160143,0.146882
180,2018-03-30,0.146654,0.147209
181,2018-03-31,0.147115,0.155919
182,2018-04-01,0.156597,0.150768
183,2018-04-02,0.151691,0.156385
184,2018-04-03,0.157864,0.172447
185,2018-04-04,0.171158,0.155356
186,2018-04-05,0.155592,0.148758
187,2018-04-06,0.148394,0.144451
188,2018-04-07,0.144885,0.148794
189,2018-04-08,0.148825,0.156599
190,2018-04-09,0.157094,0.153106
191,2018-04-10,0.15324,0.156347
192,2018-04-11,0.156761,0.166029
193,2018-04-12,0.166757,0.212233
194,2018-04-13,0.211632,0.200532
195,2018-04-14,0.198675,0.200853
196,2018-04-15,0.201389,0.22139
197,2018-04-16,0.221889,0.256646
198,2018-04-17,0.25509,0.243724
199,2018-04-18,0.242734,0.260341
200,2018-04-19,0.267493,0.272358
201,2018-04-20,0.270986,0.301247
202,2018-04-21,0.302292,0.29058
203,2018-04-22,0.287488,0.285535
204,2018-04-23,0.285558,0.288473
205,2018-04-24,0.288539,0.312875
206,2018-04-25,0.312805,0.271654
207,2018-04-26,0.270795,0.294295
208,2018-04-27,0.294589,0.288489
209,2018-04-28,0.28713,0.357874
210,2018-04-29,0.36067,0.365057
211,2018-04-30,0.364297,0.343318
212,2018-05-01,0.342953,0.358693
213,2018-05-02,0.357602,0.37242
214,2018-05-03,0.371926,0.369709
215,2018-05-04,0.370777,0.360182
216,2018-05-05,0.361318,0.366338
217,2018-05-06,0.365933,0.350021
218,2018-05-07,0.349948,0.335176
219,2018-05-08,0.335595,0.328352
220,2018-05-09,0.328426,0.323593
221,2018-05-10,0.323879,0.297089
222,2018-05-11,0.296797,0.260127
223,2018-05-12,0.262649,0.270932
224,2018-05-13,0.27164,0.28589
225,2018-05-14,0.285852,0.273434
226,2018-05-15,0.274269,0.260155
227,2018-05-16,0.259082,0.256375
228,2018-05-17,0.257352,0.243664
229,2018-05-18,0.242816,0.245544
230,2018-05-19,0.246199,0.243271
231,2018-05-20,0.243143,0.256136
232,2018-05-21,0.25613,0.24884
233,2018-05-22,0.249397,0.224408
234,2018-05-23,0.224393,0.202873
235,2018-05-24,0.203324,0.208989
236,2018-05-25,0.20906,0.200655
237,2018-05-26,0.199761,0.196567
238,2018-05-27,0.196354,0.193557
239,2018-05-28,0.193696,0.174783
240,2018-05-29,0.175475,0.20319
241,2018-05-30,0.203685,0.211143
242,2018-05-31,0.210393,0.225214
243,2018-06-01,0.224533,0.222507
244,2018-06-02,0.222701,0.227742
245,2018-06-03,0.2277,0.228154
246,2018-06-04,0.228155,0.214012
247,2018-06-05,0.214247,0.220467
248,2018-06-06,0.220565,0.215721
249,2018-06-07,0.216105,0.211119
250,2018-06-08,0.210831,0.205358
251,2018-06-09,0.20526,0.202091
252,2018-06-10,0.201517,0.176868
253,2018-06-11,0.176262,0.18128
254,2018-06-12,0.181348,0.166585
255,2018-06-13,0.166136,0.160408
256,2018-06-14,0.16025,0.172375
257,2018-06-15,0.172218,0.162747
258,2018-06-16,0.162741,0.162962
259,2018-06-17,0.163137,0.16138
260,2018-06-18,0.161122,0.164117
261,2018-06-19,0.164702,0.167185
262,2018-06-20,0.166781,0.161985
263,2018-06-21,0.162051,0.158556
264,2018-06-22,0.15846,0.139839
265,2018-06-23,0.140334,0.137868
266,2018-06-24,0.138355,0.132703
267,2018-06-25,0.132321,0.135269
268,2018-06-26,0.135623,0.126099
269,2018-06-27,0.126551,0.127444
270,2018-06-28,0.127393,0.11932
271,2018-06-29,0.119397,0.12572
272,2018-06-30,0.126036,0.137671
273,2018-07-01,0.138264,0.142208
274,2018-07-02,0.142591,0.158278
275,2018-07-03,0.158522,0.150655
276,2018-07-04,0.1502,0.15096
277,2018-07-05,0.151597,0.148921
278,2018-07-06,0.148749,0.146084
279,2018-07-07,0.146257,0.150373
280,2018-07-08,0.149953,0.145389
281,2018-07-09,0.145345,0.139971
282,2018-07-10,0.139729,0.128792
283,2018-07-11,0.128801,0.131483
284,2018-07-12,0.13156,0.127181
285,2018-07-13,0.127299,0.137887
286,2018-07-14,0.138365,0.137092
287,2018-07-15,0.137029,0.142262
288,2018-07-16,0.142277,0.156118
289,2018-07-17,0.154915,0.170865
290,2018-07-18,0.170299,0.179378
291,2018-07-19,0.178986,0.180869
292,2018-07-20,0.179893,0.162175
293,2018-07-21,0.161994,0.163637
294,2018-07-22,0.163874,0.170277
295,2018-07-23,0.169526,0.164028
296,2018-07-24,0.164736,0.173172
297,2018-07-25,0.17236,0.172731
298,2018-07-26,0.172416,0.164765
299,2018-07-27,0.16445,0.16554
300,2018-07-28,0.166228,0.16338
301,2018-07-29,0.164163,0.163313
302,2018-07-30,0.163234,0.154087
303,2018-07-31,0.154067,0.143297
304,2018-08-01,0.143086,0.140901
305,2018-08-02,0.141316,0.131941
306,2018-08-03,0.131416,0.130255
307,2018-08-04,0.130771,0.127547
308,2018-08-05,0.127292,0.131721
309,2018-08-06,0.130919,0.130553
310,2018-08-07,0.130923,0.125378
311,2018-08-08,0.125594,0.113752
312,2018-08-09,0.114507,0.123507
313,2018-08-10,0.124091,0.116355
314,2018-08-11,0.116444,0.112439
315,2018-08-12,0.112497,0.11297
316,2018-08-13,0.113183,0.10291
317,2018-08-14,0.102779,0.094662
318,2018-08-15,0.095489,0.09504
319,2018-08-16,0.095036,0.095331
320,2018-08-17,0.095682,0.109887
321,2018-08-18,0.109847,0.099785
322,2018-08-19,0.099744,0.102437
323,2018-08-20,0.102243,0.093764
324,2018-08-21,0.093161,0.095003
325,2018-08-22,0.095016,0.090149
326,2018-08-23,0.090205,0.092453
327,2018-08-24,0.092846,0.094077
328,2018-08-25,0.094305,0.094282
329,2018-08-26,0.094262,0.093338
330,2018-08-27,0.093178,0.100264
331,2018-08-28,0.100565,0.10548
332,2018-08-29,0.105611,0.105469
333,2018-08-30,0.105205,0.10056
334,2018-08-31,0.100902,0.102196
335,2018-09-01,0.101877,0.106827
336,2018-09-02,0.106903,0.104432
337,2018-09-03,0.10465,0.103607
338,2018-09-04,0.103484,0.105265
339,2018-09-05,0.105267,0.087569
340,2018-09-06,0.087525,0.088666
341,2018-09-07,0.088521,0.083983
342,2018-09-08,0.08412,0.078235
343,2018-09-09,0.078443,0.076643
344,2018-09-10,0.077277,0.073508
345,2018-09-11,0.07418,0.070513
346,2018-09-12,0.070794,0.066745
347,2018-09-13,0.067053,0.069829
348,2018-09-14,0.070094,0.068248
349,2018-09-15,0.067928,0.069322
350,2018-09-16,0.069153,0.069963
351,2018-09-17,0.069854,0.063899
352,2018-09-18,0.063568,0.06943
353,2018-09-19,0.069146,0.07235
354,2018-09-20,0.072439,0.081493
355,2018-09-21,0.081778,0.087606
356,2018-09-22,0.08766,0.083193
357,2018-09-23,0.083488,0.089754
358,2018-09-24,0.089706,0.082754
359,2018-09-25,0.082303,0.081028
360,2018-09-26,0.080992,0.079476
361,2018-09-27,0.079466,0.086001
362,2018-09-28,0.086403,0.084032
363,2018-09-29,0.083712,0.084606
364,2018-09-30,0.084368,0.085195
365,2018-10-01,0.085292,0.084469
366,2018-10-02,0.084604,0.082525
367,2018-10-03,0.082032,0.080789
368,2018-10-04,0.080818,0.081304
369,2018-10-05,0.081381,0.082991
370,2018-10-06,0.083309,0.081303
371,2018-10-07,0.081454,0.084658
372,2018-10-08,0.084531,0.086607
373,2018-10-09,0.086773,0.086357
374,2018-10-10,0.086345,0.084679
375,2018-10-11,0.084525,0.070939
376,2018-10-12,0.070339,0.073214
377,2018-10-13,0.072637,0.073103
378,2018-10-14,0.073063,0.071293
379,2018-10-15,0.070436,0.074789
380,2018-10-16,0.074788,0.075814
381,2018-10-17,0.07586,0.077408
382,2018-10-18,0.077536,0.075131
383,2018-10-19,0.075022,0.075836
384,2018-10-20,0.075789,0.076342
385,2018-10-21,0.076305,0.075873
386,2018-10-22,0.075754,0.075776
387,2018-10-23,0.075864,0.074743
388,2018-10-24,0.074612,0.074321
389,2018-10-25,0.074289,0.073859
390,2018-10-26,0.073748,0.073713
391,2018-10-27,0.073687,0.072886
392,2018-10-28,0.07303,0.073166
393,2018-10-29,0.073042,0.069627
394,2018-10-30,0.069632,0.069647
395,2018-10-31,0.069723,0.069705
396,2018-11-01,0.069698,0.070867
397,2018-11-02,0.070814,0.072584
398,2018-11-03,0.072561,0.071479
399,2018-11-04,0.071492,0.076229
400,2018-11-05,0.075961,0.076148
401,2018-11-06,0.076337,0.080952
402,2018-11-07,0.08102,0.078544
403,2018-11-08,0.078391,0.076493
404,2018-11-09,0.076324,0.074226
405,2018-11-10,0.074167,0.075221
406,2018-11-11,0.075165,0.076481
407,2018-11-12,0.076818,0.076001
408,2018-11-13,0.075883,0.073603
409,2018-11-14,0.073439,0.064824
410,2018-11-15,0.064847,0.063543
411,2018-11-16,0.063242,0.061151
412,2018-11-17,0.061062,0.060675
413,2018-11-18,0.060803,0.061916
414,2018-11-19,0.061903,0.052582
415,2018-11-20,0.052658,0.044777
416,2018-11-21,0.045149,0.04778
417,2018-11-22,0.047885,0.044255
418,2018-11-23,0.044062,0.043412
419,2018-11-24,0.04342,0.038458
420,2018-11-25,0.038628,0.037725
421,2018-11-26,0.037761,0.035806
422,2018-11-27,0.035682,0.036461
423,2018-11-28,0.03651,0.042021
424,2018-11-29,0.042269,0.041866
425,2018-11-30,0.041984,0.038916
426,2018-12-01,0.038991,0.041468
427,2018-12-02,0.04135,0.041672
428,2018-12-03,0.041874,0.038671
429,2018-12-04,0.038557,0.037699
430,2018-12-05,0.037659,0.034251
431,2018-12-06,0.034318,0.030798
432,2018-12-07,0.030797,0.029864
433,2018-12-08,0.029812,0.030678
434,2018-12-09,0.030643,0.031693
435,2018-12-10,0.031653,0.030203
436,2018-12-11,0.030117,0.029551
437,2018-12-12,0.029439,0.030609
438,2018-12-13,0.030635,0.02919
439,2018-12-14,0.029235,0.028358
440,2018-12-15,0.028395,0.028274
441,2018-12-16,0.028203,0.029103
442,2018-12-17,0.029175,0.032824
443,2018-12-18,0.03282,0.034735
444,2018-12-19,0.034863,0.034545
445,2018-12-20,0.034212,0.039401
446,2018-12-21,0.039079,0.040796
447,2018-12-22,0.040658,0.042009
448,2018-12-23,0.042203,0.04423
449,2018-12-24,0.044286,0.045716
450,2018-12-25,0.045675,0.041511
451,2018-12-26,0.041603,0.041198
452,2018-12-27,0.041225,0.036944
453,2018-12-28,0.037017,0.041862
454,2018-12-29,0.041873,0.041508
455,2018-12-30,0.041597,0.04328
456,2018-12-31,0.043232,0.041063
457,2019-01-01,0.040984,0.042547
458,2019-01-02,0.042568,0.045258
459,2019-01-03,0.045106,0.042682
460,2019-01-04,0.042629,0.043812
461,2019-01-05,0.043659,0.044701
462,2019-01-06,0.044709,0.049261
463,2019-01-07,0.049266,0.047996
464,2019-01-08,0.04814,0.048525
465,2019-01-09,0.048567,0.052169
466,2019-01-10,0.052049,0.044529
467,2019-01-11,0.044322,0.044147
468,2019-01-12,0.044154,0.043704
469,2019-01-13,0.043812,0.040241
470,2019-01-14,0.040249,0.044059
471,2019-01-15,0.044157,0.04281
472,2019-01-16,0.042768,0.044777
473,2019-01-17,0.044868,0.045318
474,2019-01-18,0.045308,0.044316
475,2019-01-19,0.044275,0.04575
476,2019-01-20,0.045674,0.043477
477,2019-01-21,0.043541,0.042937
478,2019-01-22,0.042889,0.043578
479,2019-01-23,0.043548,0.0429
480,2019-01-24,0.042937,0.043027
481,2019-01-25,0.043097,0.042691
482,2019-01-26,0.042687,0.042649
483,2019-01-27,0.042666,0.041168
484,2019-01-28,0.041137,0.038772
485,2019-01-29,0.038713,0.038251
486,2019-01-30,0.038177,0.039656
487,2019-01-31,0.039699,0.038374
488,2019-02-01,0.038441,0.038678
489,2019-02-02,0.038598,0.039317
490,2019-02-03,0.039259,0.038029
491,2019-02-04,0.03813,0.037857
492,2019-02-05,0.037824,0.037896
493,2019-02-06,0.037993,0.036663
494,2019-02-07,0.036651,0.036396
495,2019-02-08,0.036399,0.040751
496,2019-02-09,0.040775,0.041058
497,2019-02-10,0.04105,0.04283
498,2019-02-11,0.042772,0.041733
499,2019-02-12,0.04168,0.041751
500,2019-02-13,0.041755,0.041118
501,2019-02-14,0.041136,0.04054
502,2019-02-15,0.040536,0.0406
503,2019-02-16,0.040619,0.041026
504,2019-02-17,0.041027,0.041452
505,2019-02-18,0.041468,0.045605
506,2019-02-19,0.045682,0.046158
507,2019-02-20,0.046177,0.047551
508,2019-02-21,0.047584,0.044969
509,2019-02-22,0.045041,0.046163
510,2019-02-23,0.045982,0.048593
511,2019-02-24,0.048727,0.042456
512,2019-02-25,0.042168,0.044043
513,2019-02-26,0.043965,0.043304
514,2019-02-27,0.043329,0.04327
515,2019-02-28,0.043245,0.043123
516,2019-03-01,0.043112,0.043279
517,2019-03-02,0.043217,0.042838
518,2019-03-03,0.042853,0.042312
519,2019-03-04,0.042303,0.040602
520,2019-03-05,0.040599,0.043212
521,2019-03-06,0.043185,0.042843
522,2019-03-07,0.04285,0.042944
523,2019-03-08,0.042952,0.042664
524,2019-03-09,0.042686,0.046728
525,2019-03-10,0.046754,0.045698
526,2019-03-11,0.045697,0.047633
527,2019-03-12,0.047665,0.047397
528,2019-03-13,0.047366,0.04659
529,2019-03-14,0.046575,0.048055
530,2019-03-15,0.047986,0.050077
531,2019-03-16,0.050112,0.051621
532,2019-03-17,0.0516,0.050207
533,2019-03-18,0.050311,0.050452
534,2019-03-19,0.050457,0.052594
535,2019-03-20,0.052719,0.053891
536,2019-03-21,0.053957,0.0529
537,2019-03-22,0.052906,0.058062
538,2019-03-23,0.057993,0.063781
539,2019-03-24,0.063723,0.061704
540,2019-03-25,0.06185,0.059025
541,2019-03-26,0.059206,0.06237
542,2019-03-27,0.062232,0.067595
543,2019-03-28,0.067593,0.065828
544,2019-03-29,0.065763,0.071289
545,2019-03-30,0.071257,0.071739
546,2019-03-31,0.071739,0.069746
547,2019-04-01,0.069651,0.07233
548,2019-04-02,0.07231,0.085467
549,2019-04-03,0.085437,0.090723
550,2019-04-04,0.090518,0.08737
551,2019-04-05,0.087355,0.091226
552,2019-04-06,0.091214,0.090289
553,2019-04-07,0.090161,0.090484
554,2019-04-08,0.090466,0.087009
555,2019-04-09,0.086989,0.083749
556,2019-04-10,0.083779,0.089964
557,2019-04-11,0.089929,0.083385
558,2019-04-12,0.083584,0.083463
559,2019-04-13,0.083485,0.083731
560,2019-04-14,0.083731,0.084643
561,2019-04-15,0.084643,0.082307
562,2019-04-16,0.082265,0.083783
563,2019-04-17,0.083785,0.083074
564,2019-04-18,0.083066,0.081775
565,2019-04-19,0.081739,0.0795
566,2019-04-20,0.079515,0.076506
567,2019-04-21,0.076556,0.074106
568,2019-04-22,0.074101,0.07804
569,2019-04-23,0.078067,0.074524
570,2019-04-24,0.074524,0.072645
571,2019-04-25,0.072643,0.069244
572,2019-04-26,0.069347,0.069219
573,2019-04-27,0.069211,0.070196
574,2019-04-28,0.070189,0.068591
575,2019-04-29,0.06862,0.064631
576,2019-04-30,0.064661,0.070346
577,2019-05-01,0.070338,0.069014
578,2019-05-02,0.06902,0.068579
579,2019-05-03,0.068575,0.069858
580,2019-05-04,0.069858,0.06688
581,2019-05-05,0.066907,0.066146
582,2019-05-06,0.066164,0.06678
583,2019-05-07,0.066759,0.064036
584,2019-05-08,0.064017,0.064606
585,2019-05-09,0.064606,0.061691
586,2019-05-10,0.061695,0.063428
587,2019-05-11,0.063355,0.075171
588,2019-05-12,0.075145,0.070086
589,2019-05-13,0.070086,0.073072
590,2019-05-14,0.073016,0.084505
591,2019-05-15,0.084562,0.093951
592,2019-05-16,0.093996,0.088161
593,2019-05-17,0.088207,0.08326
594,2019-05-18,0.08326,0.079104
595,2019-05-19,0.079063,0.086996
596,2019-05-20,0.086962,0.084848
597,2019-05-21,0.084844,0.084617
598,2019-05-22,0.084603,0.077955
599,2019-05-23,0.077914,0.08069
600,2019-05-24,0.080725,0.080869
601,2019-05-25,0.080869,0.080502
602,2019-05-26,0.080502,0.086014
603,2019-05-27,0.086038,0.091695
604,2019-05-28,0.091549,0.092815
605,2019-05-29,0.092874,0.090867
606,2019-05-30,0.090832,0.08451
607,2019-05-31,0.08451,0.089441
608,2019-06-01,0.089462,0.090533
609,2019-06-02,0.090695,0.096578
610,2019-06-03,0.096586,0.088708
611,2019-06-04,0.088447,0.082486
612,2019-06-05,0.082719,0.083438
613,2019-06-06,0.083391,0.083472
614,2019-06-07,0.083406,0.085807
615,2019-06-08,0.085856,0.084213
616,2019-06-09,0.084205,0.07947
617,2019-06-10,0.07943,0.085537
618,2019-06-11,0.085595,0.087965
619,2019-06-12,0.087998,0.096525
620,2019-06-13,0.096331,0.089739
621,2019-06-14,0.089776,0.090619
622,2019-06-15,0.090657,0.091683
623,2019-06-16,0.091695,0.092321
624,2019-06-17,0.092291,0.093557
625,2019-06-18,0.093596,0.089148
626,2019-06-19,0.089155,0.089979
627,2019-06-20,0.089979,0.087385
628,2019-06-21,0.087403,0.089562
629,2019-06-22,0.089629,0.094367
630,2019-06-23,0.094403,0.096644
631,2019-06-24,0.096644,0.097719
632,2019-06-25,0.097813,0.096357
633,2019-06-26,0.096357,0.09682
634,2019-06-27,0.097757,0.086449
635,2019-06-28,0.086482,0.089295
636,2019-06-29,0.089297,0.090422
637,2019-06-30,0.090486,0.082098
638,2019-07-01,0.082098,0.083822
639,2019-07-02,0.0838,0.081077
640,2019-07-03,0.081033,0.082998
641,2019-07-04,0.083007,0.077774
642,2019-07-05,0.077805,0.076532
643,2019-07-06,0.076518,0.077335
644,2019-07-07,0.077346,0.079964
645,2019-07-08,0.079932,0.080476
646,2019-07-09,0.080452,0.077993
647,2019-07-10,0.078012,0.07194
648,2019-07-11,0.071934,0.065199
649,2019-07-12,0.065181,0.069754
650,2019-07-13,0.069805,0.06677
651,2019-07-14,0.066795,0.059429
652,2019-07-15,0.059413,0.059537
653,2019-07-16,0.059516,0.052052
654,2019-07-17,0.051953,0.055239
655,2019-07-18,0.055235,0.058772
656,2019-07-19,0.058772,0.059787
657,2019-07-20,0.059808,0.062958
658,2019-07-21,0.062944,0.061203
659,2019-07-22,0.061208,0.059466
660,2019-07-23,0.059463,0.055812
661,2019-07-24,0.055812,0.059046
662,2019-07-25,0.059073,0.058664
663,2019-07-26,0.058678,0.062884
664,2019-07-27,0.062884,0.059871
665,2019-07-28,0.059875,0.059474
666,2019-07-29,0.059379,0.060393
667,2019-07-30,0.060414,0.059944
668,2019-07-31,0.059942,0.060152
669,2019-08-01,0.06016,0.058872
670,2019-08-02,0.058864,0.057412
671,2019-08-03,0.057417,0.057763
672,2019-08-04,0.05777,0.056271
673,2019-08-05,0.05627,0.05668
674,2019-08-06,0.056652,0.053369
675,2019-08-07,0.053374,0.051906
676,2019-08-08,0.051906,0.05197
677,2019-08-09,0.05191,0.047641
678,2019-08-10,0.047641,0.051981
679,2019-08-11,0.051992,0.054981
680,2019-08-12,0.054796,0.052938
681,2019-08-13,0.052932,0.052561
682,2019-08-14,0.052554,0.047
683,2019-08-15,0.04709,0.047519
684,2019-08-16,0.047536,0.046841
685,2019-08-17,0.046869,0.047393
686,2019-08-18,0.047424,0.050731
687,2019-08-19,0.050725,0.050298
688,2019-08-20,0.050251,0.049195
689,2019-08-21,0.049226,0.047113
690,2019-08-22,0.047153,0.04941
691,2019-08-23,0.04941,0.04979
692,2019-08-24,0.049802,0.050177
693,2019-08-25,0.05017,0.049439
694,2019-08-26,0.049454,0.049697
695,2019-08-27,0.049706,0.049839
696,2019-08-28,0.049863,0.045825
697,2019-08-29,0.045835,0.044697
698,2019-08-30,0.044716,0.044825
699,2019-08-31,0.044824,0.04499
700,2019-09-01,0.044952,0.044543
701,2019-09-02,0.044555,0.045362
702,2019-09-03,0.045376,0.046771
703,2019-09-04,0.046784,0.045517
704,2019-09-05,0.045504,0.044437
705,2019-09-06,0.044437,0.044415
706,2019-09-07,0.044426,0.046198
707,2019-09-08,0.046211,0.046719
708,2019-09-09,0.046706,0.046931
709,2019-09-10,0.046903,0.04651
710,2019-09-11,0.046496,0.04499
711,2019-09-12,0.044993,0.045452
712,2019-09-13,0.045462,0.045753
713,2019-09-14,0.045758,0.046524
714,2019-09-15,0.046507,0.046799
715,2019-09-16,0.046815,0.047071
716,2019-09-17,0.04711,0.049008
717,2019-09-18,0.048949,0.053292
718,2019-09-19,0.053296,0.052504
719,2019-09-20,0.052491,0.05234
720,2019-09-21,0.052335,0.051922
721,2019-09-22,0.051894,0.049111
722,2019-09-23,0.049045,0.046264
723,2019-09-24,0.046259,0.037573
724,2019-09-25,0.03761,0.039396
725,2019-09-26,0.039412,0.038229
726,2019-09-27,0.03823,0.039532
727,2019-09-28,0.03951,0.038827
728,2019-09-29,0.038828,0.037486
729,2019-09-30,0.037474,0.038885
730,2019-10-01,0.038886,0.038507
731,2019-10-02,0.038507,0.039445
732,2019-10-03,0.0394,0.038361
733,2019-10-04,0.038362,0.039667
734,2019-10-05,0.039655,0.03973
735,2019-10-06,0.039713,0.039324
736,2019-10-07,0.039305,0.041672
737,2019-10-08,0.041676,0.041441
738,2019-10-09,0.041442,0.042629
739,2019-10-10,0.042629,0.041661
740,2019-10-11,0.041701,0.040623
741,2019-10-12,0.04054,0.040542
742,2019-10-13,0.04054,0.041325
743,2019-10-14,0.041325,0.041789
744,2019-10-15,0.041796,0.039766
745,2019-10-16,0.03976,0.038741
746,2019-10-17,0.038726,0.039524
747,2019-10-18,0.039527,0.038073
748,2019-10-19,0.038079,0.039225
749,2019-10-20,0.039217,0.039529
750,2019-10-21,0.039543,0.03928
751,2019-10-22,0.039271,0.038816
752,2019-10-23,0.03882,0.036409
753,2019-10-24,0.036409,0.037685
754,2019-10-25,0.037678,0.041246
755,2019-10-26,0.04122,0.040547
756,2019-10-27,0.040537,0.042335
757,2019-10-28,0.042315,0.042363
758,2019-10-29,0.042328,0.043444
759,2019-10-30,0.043428,0.041967
760,2019-10-31,0.041963,0.041636
761,2019-11-01,0.041645,0.042345
762,2019-11-02,0.042336,0.042599
763,2019-11-03,0.042581,0.04193
764,2019-11-04,0.041889,0.043236
765,2019-11-05,0.043261,0.044328
766,2019-11-06,0.044301,0.044956
767,2019-11-07,0.044928,0.043637
768,2019-11-08,0.043644,0.042297
769,2019-11-09,0.042298,0.042445
770,2019-11-10,0.042438,0.043958
771,2019-11-11,0.043971,0.043194
772,2019-11-12,0.043257,0.043767
773,2019-11-13,0.043722,0.043492
774,2019-11-14,0.043489,0.043119
775,2019-11-15,0.04313,0.043974
776,2019-11-16,0.043978,0.044172
777,2019-11-17,0.044153,0.045421
778,2019-11-18,0.045403,0.043802
779,2019-11-19,0.043697,0.042542
780,2019-11-20,0.042588,0.041178
781,2019-11-21,0.041169,0.038406
782,2019-11-22,0.038447,0.037148
783,2019-11-23,0.037159,0.038343
784,2019-11-24,0.038371,0.035588
785,2019-11-25,0.035543,0.036048
786,2019-11-26,0.036046,0.036993
787,2019-11-27,0.036955,0.039049
788,2019-11-28,0.039129,0.03919
789,2019-11-29,0.039227,0.041423
790,2019-11-30,0.041416,0.040425
791,2019-12-01,0.040426,0.039587
792,2019-12-02,0.039612,0.038056
793,2019-12-03,0.038047,0.037917
794,2019-12-04,0.037906,0.037405
795,2019-12-05,0.037402,0.037871
796,2019-12-06,0.037879,0.038317
797,2019-12-07,0.038312,0.038757
798,2019-12-08,0.038753,0.038948
799,2019-12-09,0.038932,0.037483
800,2019-12-10,0.037474,0.036606
801,2019-12-11,0.036602,0.036655
802,2019-12-12,0.036652,0.036723
803,2019-12-13,0.036719,0.037108
804,2019-12-14,0.03716,0.036427
805,2019-12-15,0.036449,0.036653
806,2019-12-16,0.036662,0.034269
807,2019-12-17,0.034269,0.0318
808,2019-12-18,0.031794,0.034462
809,2019-12-19,0.034456,0.033251
810,2019-12-20,0.033264,0.034004
811,2019-12-21,0.034,0.033262
812,2019-12-22,0.033265,0.034466
813,2019-12-23,0.034441,0.0332
814,2019-12-24,0.033195,0.034162
815,2019-12-25,0.034185,0.033728
816,2019-12-26,0.033745,0.034281
817,2019-12-27,0.034279,0.0331
818,2019-12-28,0.033095,0.033632
819,2019-12-29,0.033637,0.034284
820,2019-12-30,0.034278,0.033594
821,2019-12-31,0.033607,0.032845
822,2020-01-01,0.032832,0.033458
823,2020-01-02,0.033474,0.032751
824,2020-01-03,0.032748,0.03418
825,2020-01-04,0.034191,0.034595
826,2020-01-05,0.034574,0.034721
827,2020-01-06,0.034751,0.037272
828,2020-01-07,0.037291,0.037047
829,2020-01-08,0.037055,0.036435
830,2020-01-09,0.036445,0.036359
831,2020-01-10,0.036335,0.036874
832,2020-01-11,0.036854,0.036825
833,2020-01-12,0.036821,0.03769
834,2020-01-13,0.037696,0.036966
835,2020-01-14,0.037041,0.04166
836,2020-01-15,0.04158,0.042553
837,2020-01-16,0.042572,0.041391
838,2020-01-17,0.041435,0.044978
839,2020-01-18,0.044985,0.044851
840,2020-01-19,0.044851,0.041979
841,2020-01-20,0.04192,0.043873
842,2020-01-21,0.043811,0.045989
843,2020-01-22,0.045939,0.045654
844,2020-01-23,0.045659,0.043334
845,2020-01-24,0.04338,0.045004
846,2020-01-25,0.044968,0.043248
847,2020-01-26,0.043247,0.044581
848,2020-01-27,0.044627,0.047912
849,2020-01-28,0.047839,0.052857
850,2020-01-29,0.052897,0.053514
851,2020-01-30,0.053469,0.05607
852,2020-01-31,0.056034,0.053793
853,2020-02-01,0.053836,0.056092
854,2020-02-02,0.05611,0.055768
855,2020-02-03,0.055724,0.056979
856,2020-02-04,0.056966,0.055996
857,2020-02-05,0.055985,0.059231
858,2020-02-06,0.059243,0.059757
859,2020-02-07,0.059756,0.05979
860,2020-02-08,0.059752,0.059944
861,2020-02-09,0.059938,0.061809
862,2020-02-10,0.061824,0.060394
863,2020-02-11,0.060345,0.063228
864,2020-02-12,0.063193,0.068373
865,2020-02-13,0.068333,0.068581
866,2020-02-14,0.068587,0.07058
867,2020-02-15,0.07058,0.063863
868,2020-02-16,0.063989,0.062654
869,2020-02-17,0.06256,0.060042
870,2020-02-18,0.06006,0.062597
871,2020-02-19,0.062604,0.057645
872,2020-02-20,0.05743,0.05826
873,2020-02-21,0.058186,0.05864
874,2020-02-22,0.058577,0.058336
875,2020-02-23,0.058323,0.06151
876,2020-02-24,0.061544,0.05896
877,2020-02-25,0.058953,0.056364
878,2020-02-26,0.056296,0.049453
879,2020-02-27,0.049436,0.049685
880,2020-02-28,0.049662,0.048616
881,2020-02-29,0.048608,0.047541
882,2020-03-01,0.047506,0.045932
883,2020-03-02,0.045884,0.048953
884,2020-03-03,0.048913,0.048761
885,2020-03-04,0.048761,0.049004
886,2020-03-05,0.049015,0.051057
887,2020-03-06,0.051041,0.051448
888,2020-03-07,0.051528,0.048945
889,2020-03-08,0.048927,0.043291
890,2020-03-09,0.043231,0.041482
891,2020-03-10,0.041554,0.041495
892,2020-03-11,0.041494,0.039649
893,2020-03-12,0.039627,0.023961
894,2020-03-13,0.023954,0.028437
895,2020-03-14,0.028462,0.026009
896,2020-03-15,0.025959,0.02712
897,2020-03-16,0.027111,0.024121
898,2020-03-17,0.02411,0.025243
899,2020-03-18,0.025209,0.025336
900,2020-03-19,0.025315,0.030451
901,2020-03-20,0.030415,0.029368
902,2020-03-21,0.029366,0.029414
903,2020-03-22,0.029446,0.027089
904,2020-03-23,0.027089,0.029082
905,2020-03-24,0.029092,0.030163
906,2020-03-25,0.030187,0.029438
907,2020-03-26,0.029438,0.030727
908,2020-03-27,0.030729,0.029301
909,2020-03-28,0.029254,0.029771
910,2020-03-29,0.029738,0.028249
911,2020-03-30,0.028218,0.029873
912,2020-03-31,0.029825,0.030553
913,2020-04-01,0.030553,0.030855
914,2020-04-02,0.030841,0.031984
915,2020-04-03,0.031961,0.032295
916,2020-04-04,0.032295,0.032505
917,2020-04-05,0.032517,0.032003
918,2020-04-06,0.031999,0.035616
919,2020-04-07,0.035655,0.035137
920,2020-04-08,0.035131,0.036314
921,2020-04-09,0.036279,0.036198
922,2020-04-10,0.036162,0.033215
923,2020-04-11,0.033215,0.033354
924,2020-04-12,0.033329,0.033806
925,2020-04-13,0.033782,0.033107
926,2020-04-14,0.033123,0.032974
927,2020-04-15,0.032959,0.031863
928,2020-04-16,0.0319,0.034408
929,2020-04-17,,
930,2020-04-18,0.034623,0.036553
931,2020-04-19,0.036573,0.035816
932,2020-04-20,0.035806,0.034177
933,2020-04-21,0.03416,0.0347
934,2020-04-22,0.034688,0.036559
935,2020-04-23,0.03657,0.040605
936,2020-04-24,0.040617,0.041868
937,2020-04-25,0.04187,0.042408
938,2020-04-26,0.042405,0.045879
939,2020-04-27,0.045938,0.046601
940,2020-04-28,0.04663,0.047195
941,2020-04-29,0.04723,0.051695
942,2020-04-30,0.051717,0.047846
943,2020-05-01,0.047826,0.05126
944,2020-05-02,0.051196,0.051014
945,2020-05-03,0.051032,0.048929
946,2020-05-04,0.048964,0.049664
947,2020-05-05,0.049668,0.049358
948,2020-05-06,0.049302,0.049767
949,2020-05-07,0.04974,0.051106
950,2020-05-08,0.051083,0.052303
951,2020-05-09,0.052259,0.051736
952,2020-05-10,0.051744,0.047677
953,2020-05-11,0.047696,0.048108
954,2020-05-12,0.048094,0.050421
955,2020-05-13,0.050367,0.051472
956,2020-05-14,0.051365,0.05089
957,2020-05-15,0.050866,0.050463
958,2020-05-16,0.050423,0.050932
959,2020-05-17,0.050913,0.051343
960,2020-05-18,0.051294,0.054252
961,2020-05-19,0.054224,0.056449
962,2020-05-20,0.056459,0.056875
963,2020-05-21,0.056869,0.052246
964,2020-05-22,0.052283,0.055833
965,2020-05-23,0.05584,0.055322
966,2020-05-24,0.055265,0.052641
967,2020-05-25,0.052188,0.054011
968,2020-05-26,0.053881,0.05343
969,2020-05-27,0.05348,0.055183
970,2020-05-28,0.05512,0.064559
971,2020-05-29,0.064645,0.06466
972,2020-05-30,0.064777,0.076958
973,2020-05-31,0.076905,0.074352
974,2020-06-01,0.074244,0.081168
975,2020-06-02,0.080983,0.078456
976,2020-06-03,0.078518,0.085439
977,2020-06-04,0.085364,0.089
978,2020-06-05,0.08905,0.085442
979,2020-06-06,0.085449,0.086026
980,2020-06-07,0.086035,0.086654
981,2020-06-08,0.086703,0.08643
982,2020-06-09,0.086444,0.083407
983,2020-06-10,0.083394,0.083531
984,2020-06-11,0.08354,0.07536
985,2020-06-12,0.075368,0.079554
986,2020-06-13,0.079613,0.079028
987,2020-06-14,0.079103,0.076748
988,2020-06-15,0.076748,0.078387
989,2020-06-16,0.078381,0.079073
990,2020-06-17,0.079085,0.083445
991,2020-06-18,0.083445,0.082174
992,2020-06-19,0.082139,0.079603
993,2020-06-20,0.079603,0.079339
994,2020-06-21,0.079318,0.078475
995,2020-06-22,0.078472,0.08361
996,2020-06-23,0.083412,0.08295
997,2020-06-24,0.082992,0.082583
998,2020-06-25,0.082616,0.081691
999,2020-06-26,0.081732,0.080561
1000,2020-06-27,0.080558,0.077679
1001,2020-06-28,0.077679,0.080392
1002,2020-06-29,0.080392,0.08387
1003,2020-06-30,0.083848,0.083116
1004,2020-07-01,0.083112,0.095954
1005,2020-07-02,0.096897,0.094326
1006,2020-07-03,0.094318,0.096538
1007,2020-07-04,0.096652,0.099952
1008,2020-07-05,0.099965,0.098211
1009,2020-07-06,0.098211,0.105221
1010,2020-07-07,0.104957,0.117554
1011,2020-07-08,0.11749,0.129908
1012,2020-07-09,0.129908,0.124293
1013,2020-07-10,0.12423,0.118316
1014,2020-07-11,0.118349,0.125214
1015,2020-07-12,0.125341,0.126783
1016,2020-07-13,0.126783,0.124156
1017,2020-07-14,0.124269,0.131963
1018,2020-07-15,0.131996,0.130369
1019,2020-07-16,0.130397,0.125922
1020,2020-07-17,0.125964,0.122486
1021,2020-07-18,0.122307,0.122477
1022,2020-07-19,0.122484,0.123712
1023,2020-07-20,0.123723,0.117924
1024,2020-07-21,0.117904,0.122965
1025,2020-07-22,0.122981,0.123922
1026,2020-07-23,0.123967,0.123773
1027,2020-07-24,0.123918,0.121888
1028,2020-07-25,0.121925,0.143578
1029,2020-07-26,0.142971,0.148108
1030,2020-07-27,0.147891,0.138771
1031,2020-07-28,0.138762,0.148598
1032,2020-07-29,0.148647,0.139879
1033,2020-07-30,0.139968,0.140588
1034,2020-07-31,0.140673,0.138798
1035,2020-08-01,0.138798,0.143573
1036,2020-08-02,0.143756,0.133505
1037,2020-08-03,0.133498,0.137335
1038,2020-08-04,0.137332,0.143018
1039,2020-08-05,0.143129,0.142695
1040,2020-08-06,0.142704,0.144048
1041,2020-08-07,0.14408,0.139155
1042,2020-08-08,0.139089,0.145781
1043,2020-08-09,0.146315,0.145244
1044,2020-08-10,0.145381,0.143855
1045,2020-08-11,0.143709,0.137436
1046,2020-08-12,0.137424,0.137398
1047,2020-08-13,0.137499,0.141245
1048,2020-08-14,0.141318,0.138338
1049,2020-08-15,0.138284,0.138303
1050,2020-08-16,0.138345,0.138471
1051,2020-08-17,0.138471,0.14092
1052,2020-08-18,0.140818,0.137427
1053,2020-08-19,0.137427,0.129275
1054,2020-08-20,0.129309,0.133642
1055,2020-08-21,0.133536,0.12376
1056,2020-08-22,0.123747,0.125276
1057,2020-08-23,0.125151,0.121595
1058,2020-08-24,0.121581,0.124488
1059,2020-08-25,0.124525,0.113292
1060,2020-08-26,0.113347,0.115285
1061,2020-08-27,0.115258,0.106824
1062,2020-08-28,0.106875,0.109453
1063,2020-08-29,0.109474,0.116712
1064,2020-08-30,0.116668,0.117437
1065,2020-08-31,0.117493,0.122688
1066,2020-09-01,0.12261,0.125411
1067,2020-09-02,0.125477,0.115613
1068,2020-09-03,0.115538,0.096154
1069,2020-09-04,0.095987,0.102445
1070,2020-09-05,0.10239,0.089923
1071,2020-09-06,0.089923,0.09306
1072,2020-09-07,0.093072,0.093333
1073,2020-09-08,0.093237,0.091011
1074,2020-09-09,0.091149,0.093349
1075,2020-09-10,0.093433,0.097156
1076,2020-09-11,0.097156,0.096989
1077,2020-09-12,0.097112,0.097598
1078,2020-09-13,0.097598,0.094856
1079,2020-09-14,0.094906,0.096769
1080,2020-09-15,0.096809,0.093496
1081,2020-09-16,0.093398,0.09165
1082,2020-09-17,0.091655,0.094217
1083,2020-09-18,0.094217,0.091081
1084,2020-09-19,0.090884,0.091657
1085,2020-09-20,0.091662,0.089433
1086,2020-09-21,0.089459,0.080428
1087,2020-09-22,0.080448,0.081754
1088,2020-09-23,0.081754,0.07683
1089,2020-09-24,0.076806,0.082895
1090,2020-09-25,0.0829,0.096909
1091,2020-09-26,0.096892,0.09555
1092,2020-09-27,0.095578,0.101206
1093,2020-09-28,0.101206,0.100696
1094,2020-09-29,0.100703,0.101136
1095,2020-09-30,0.101116,0.101146
1096,2020-10-01,0.101202,0.097878
1097,2020-10-02,0.097894,0.092913
1098,2020-10-03,0.092913,0.093684
1099,2020-10-04,0.093684,0.096301
1100,2020-10-05,0.096301,0.097687
1101,2020-10-06,0.097634,0.092909
1102,2020-10-07,0.092909,0.093936
1103,2020-10-08,0.093944,0.096242
1104,2020-10-09,,
1105,2020-10-10,0.101466,0.105025
1106,2020-10-11,0.104902,0.106538
1107,2020-10-12,,
1108,2020-10-13,,
1109,2020-10-14,0.109298,0.107297
1110,2020-10-15,0.107217,0.106635
1111,2020-10-16,0.106748,0.104064
1112,2020-10-17,0.104218,0.106104
1113,2020-10-18,0.106044,0.107388
1114,2020-10-19,0.107416,0.108677
1115,2020-10-20,0.108614,0.102494
1116,2020-10-21,0.102519,0.106187
1117,2020-10-22,0.106056,0.110572
1118,2020-10-23,0.110698,0.108083
1119,2020-10-24,0.108083,0.108075
1120,2020-10-25,0.108075,0.106351
1121,2020-10-26,0.106351,0.103097
1122,2020-10-27,0.103097,0.102827
1123,2020-10-28,0.102827,0.098977
1124,2020-10-29,0.098977,0.095376
1125,2020-10-30,0.095376,0.093369
1126,2020-10-31,0.093369,0.093056
1127,2020-11-01,0.093056,0.098197
1128,2020-11-02,0.098197,0.092143
1129,2020-11-03,0.092143,0.093434
1130,2020-11-04,0.093435,0.095369
1131,2020-11-05,0.095369,0.096994
1132,2020-11-06,0.096994,0.109105
1133,2020-11-07,0.109105,0.101379
1134,2020-11-08,0.101379,0.106621
1135,2020-11-09,0.106621,0.105325
1136,2020-11-10,0.105326,0.105805
1137,2020-11-11,0.105805,0.105965
1138,2020-11-12,0.105965,0.104525
1139,2020-11-13,0.104525,0.106391
1140,2020-11-14,0.106391,0.104202
1141,2020-11-15,0.104202,0.100531
1142,2020-11-16,0.100531,0.104008
1143,2020-11-17,0.10548,0.1096
1144,2020-11-18,0.1096,0.106403
1145,2020-11-19,0.106402,0.105866
1146,2020-11-20,0.105866,0.118226
1147,2020-11-21,0.118226,0.132945
1148,2020-11-22,0.132945,0.14476
1149,2020-11-23,0.14476,0.15351
1150,2020-11-24,0.153571,0.166323
1151,2020-11-25,0.166346,0.155162
1152,2020-11-26,0.155107,0.138281
1153,2020-11-27,0.138292,0.141028
1154,2020-11-28,0.141074,0.164791
1155,2020-11-29,0.164923,0.166639
1156,2020-11-30,0.16663,0.171308
1157,2020-12-01,0.171367,0.155983
1158,2020-12-02,0.155956,0.158557
1159,2020-12-03,0.158592,0.164212
1160,2020-12-04,0.164209,0.148241
1161,2020-12-05,0.148164,0.159668
1162,2020-12-06,0.159659,0.158867
1163,2020-12-07,0.158876,0.15413
1164,2020-12-08,0.154127,0.140928
1165,2020-12-09,0.140942,0.148165
1166,2020-12-10,0.14817,0.141994
1167,2020-12-11,0.142022,0.139449
1168,2020-12-12,0.139423,0.14446
1169,2020-12-13,0.144503,0.153964
1170,2020-12-14,0.154016,0.157992
1171,2020-12-15,0.158065,0.154305
1172,2020-12-16,0.154312,0.167589
1173,2020-12-17,0.167571,0.163483
1174,2020-12-18,0.163449,0.164988
1175,2020-12-19,0.16498,0.164714
1176,2020-12-20,0.164728,0.161988
1177,2020-12-21,0.162004,0.152656
1178,2020-12-22,0.152634,0.156179
1179,2020-12-23,0.156226,0.136394
1180,2020-12-24,0.136457,0.152883
1181,2020-12-25,0.152886,0.157564
1182,2020-12-26,0.157556,0.157824
1183,2020-12-27,0.157835,0.154422
1184,2020-12-28,0.15444,0.176735
1185,2020-12-29,0.176709,0.192164
1186,2020-12-30,0.192022,0.18404
1187,2020-12-31,0.184034,0.181397
1188,2021-01-01,0.181382,0.17535
1189,2021-01-02,0.175359,0.177423
1190,2021-01-03,0.177382,0.204995
1191,2021-01-04,0.205236,0.224762
1192,2021-01-05,0.224817,0.258314
1193,2021-01-06,0.258549,0.331898
1194,2021-01-07,0.332272,0.29998
1195,2021-01-08,0.300387,0.305597
1196,2021-01-09,0.305611,0.332973
1197,2021-01-10,0.332961,0.304895
1198,2021-01-11,0.304996,0.275466
1199,2021-01-12,0.275249,0.287003
1200,2021-01-13,0.286688,0.313609
1201,2021-01-14,0.313546,0.310396
1202,2021-01-15,0.310554,0.30253
1203,2021-01-16,0.302512,0.352444
1204,2021-01-17,0.352337,0.379852
1205,2021-01-18,0.379735,0.371428
1206,2021-01-19,0.371457,0.369137
1207,2021-01-20,0.368936,0.375394
1208,2021-01-21,0.375449,0.310209
1209,2021-01-22,0.310054,0.349577
1210,2021-01-23,0.349332,0.345643
1211,2021-01-24,0.345586,0.353881
1212,2021-01-25,0.35385,0.343886
1213,2021-01-26,0.343841,0.344234
1214,2021-01-27,0.344218,0.31308
1215,2021-01-28,0.313021,0.333303
1216,2021-01-29,0.352348,0.348131
1217,2021-01-30,0.348078,0.362619
1218,2021-01-31,0.362608,0.344898
1219,2021-02-01,0.344817,0.402033
1220,2021-02-02,0.402952,0.426247
1221,2021-02-03,0.425959,0.4414
1222,2021-02-04,0.441357,0.441051
1223,2021-02-05,0.441142,0.537874
1224,2021-02-06,0.537758,0.627886
1225,2021-02-07,0.628832,0.663238
1226,2021-02-08,0.66238,0.682511
1227,2021-02-09,0.682145,0.703516
1228,2021-02-10,0.703548,0.930318
1229,2021-02-11,0.930823,0.927741
1230,2021-02-12,0.927095,0.925587
1231,2021-02-13,0.925421,0.905719
1232,2021-02-14,0.90633,0.848419
1233,2021-02-15,0.847825,0.861012
1234,2021-02-16,0.860703,0.870951
1235,2021-02-17,0.87091,0.89092
1236,2021-02-18,0.890869,0.914119
1237,2021-02-19,0.914256,0.927649
1238,2021-02-20,0.927462,1.122958
1239,2021-02-21,1.121584,1.10052
1240,2021-02-22,1.100406,1.099151
1241,2021-02-23,1.098769,0.954709
1242,2021-02-24,0.954958,1.051657
1243,2021-02-25,1.051349,1.079116
1244,2021-02-26,1.080828,1.241105
1245,2021-02-27,1.242145,1.32486
1246,2021-02-28,1.323619,1.308059
1247,2021-03-01,1.309792,1.292388
1248,2021-03-02,1.293609,1.225582
1249,2021-03-03,1.225719,1.216593
1250,2021-03-04,1.216445,1.114868
1251,2021-03-05,1.114639,1.168523
1252,2021-03-06,1.167456,1.131012
1253,2021-03-07,1.130849,1.133367
1254,2021-03-08,1.132939,1.118053
1255,2021-03-09,1.118145,1.195161
1256,2021-03-10,1.195103,1.135003
1257,2021-03-11,1.134413,1.12479
1258,2021-03-12,1.124823,1.039144
1259,2021-03-13,1.038894,1.103314
1260,2021-03-14,1.102982,1.059154
1261,2021-03-15,1.058601,1.033539
1262,2021-03-16,1.033242,1.242953
1263,2021-03-17,1.243555,1.378673
1264,2021-03-18,1.378416,1.239006
1265,2021-03-19,1.238559,1.30217
1266,2021-03-20,1.301472,1.206541
1267,2021-03-21,1.206431,1.18914
1268,2021-03-22,1.189203,1.109874
1269,2021-03-23,1.109343,1.121552
1270,2021-03-24,1.121345,1.075002
1271,2021-03-25,1.074466,1.101574
1272,2021-03-26,1.101425,1.213969
1273,2021-03-27,1.214082,1.176577
1274,2021-03-28,1.17682,1.191124
1275,2021-03-29,1.190976,1.202541
1276,2021-03-30,1.202562,1.213317
1277,2021-03-31,1.213675,1.193264
1278,2021-04-01,1.193553,1.189244
1279,2021-04-02,1.189208,1.196509
1280,2021-04-03,1.196326,1.173277
1281,2021-04-04,1.172973,1.19142
1282,2021-04-05,1.191552,1.2143
1283,2021-04-06,1.214279,1.255354
1284,2021-04-07,1.255457,1.175149
1285,2021-04-08,1.176132,1.219436
1286,2021-04-09,1.219454,1.20354
1287,2021-04-10,1.203533,1.218758
1288,2021-04-11,1.218359,1.266735
1289,2021-04-12,1.266206,1.316127
1290,2021-04-13,1.314895,1.411786
1291,2021-04-14,1.410999,1.45542
1292,2021-04-15,1.453804,1.481588
1293,2021-04-16,1.479627,1.416949
1294,2021-04-17,1.413843,1.384869
1295,2021-04-18,1.386181,1.275501
1296,2021-04-19,1.278005,1.197959
1297,2021-04-20,1.194609,1.265934
1298,2021-04-21,1.267735,1.206735
1299,2021-04-22,1.203901,1.147017
1300,2021-04-23,1.145824,1.155702
1301,2021-04-24,1.158783,1.101355
1302,2021-04-25,1.102703,1.08825
1303,2021-04-26,1.090186,1.234019
1304,2021-04-27,1.237595,1.306927
1305,2021-04-28,1.305966,1.335666
1306,2021-04-29,1.337107,1.308014
1307,2021-04-30,1.306196,1.352449
1308,2021-05-01,1.352431,1.353071
1309,2021-05-02,1.351402,1.326812
1310,2021-05-03,1.326938,1.36203
1311,2021-05-04,1.362939,1.274111
1312,2021-05-05,1.270986,1.475529
1313,2021-05-06,1.47811,1.650124
1314,2021-05-07,1.648683,1.653453
1315,2021-05-08,1.654544,1.619554
1316,2021-05-09,1.620347,1.770562
1317,2021-05-10,1.766068,1.644696
1318,2021-05-11,1.641717,1.764077
1319,2021-05-12,1.763505,1.552775
1320,2021-05-13,1.56845,1.933668
1321,2021-05-14,1.927283,2.004796
1322,2021-05-15,2.006624,2.174027
1323,2021-05-16,2.171434,2.309113
1324,2021-05-17,2.30019,2.032226
1325,2021-05-18,2.028103,2.003662
1326,2021-05-19,2.006584,1.482521
1327,2021-05-20,1.471961,1.810469
1328,2021-05-21,1.802594,1.552277
1329,2021-05-22,1.553113,1.463622
1330,2021-05-23,1.46568,1.325436
1331,2021-05-24,1.316236,1.549485
1332,2021-05-25,1.550373,1.555369
1333,2021-05-26,1.554463,1.782702
1334,2021-05-27,1.781137,1.64596
1335,2021-05-28,1.650636,1.511987
1336,2021-05-29,1.513623,1.406232
1337,2021-05-30,1.404303,1.577279
1338,2021-05-31,1.575644,1.742778
1339,2021-06-01,1.738447,1.734753
1340,2021-06-02,1.736103,1.752824
1341,2021-06-03,1.754643,1.840471
1342,2021-06-04,1.846715,1.710908
1343,2021-06-05,1.709916,1.659009
1344,2021-06-06,1.656461,1.678248
1345,2021-06-07,1.677226,1.564106
1346,2021-06-08,1.567051,1.58803
1347,2021-06-09,1.583486,1.624826
1348,2021-06-10,1.627778,1.531857
1349,2021-06-11,1.533137,1.436378
1350,2021-06-12,1.437721,1.48022
1351,2021-06-13,1.480494,1.558359
1352,2021-06-14,1.557019,1.57511
1353,2021-06-15,1.57387,1.597756
1354,2021-06-16,1.55658,1.482573
1355,2021-06-17,1.484558,1.482194
1356,2021-06-18,1.482789,1.415396
1357,2021-06-19,1.417603,1.39057
1358,2021-06-20,1.387408,1.429188
1359,2021-06-21,1.427028,1.17748
1360,2021-06-22,1.175233,1.153254
1361,2021-06-23,1.155804,1.252896
1362,2021-06-24,1.25141,1.356087
1363,2021-06-25,1.359522,1.256478
1364,2021-06-26,1.254301,1.25044
1365,2021-06-27,1.251827,1.335202
1366,2021-06-28,1.337114,1.324752
1367,2021-06-29,1.325513,1.368437
1368,2021-06-30,1.372968,1.383472
1369,2021-07-01,1.383814,1.335611
1370,2021-07-02,1.332942,1.394397
1371,2021-07-03,1.394152,1.406836
1372,2021-07-04,1.404008,1.458184
1373,2021-07-05,1.461221,1.404898
1374,2021-07-06,1.404712,1.418053
1375,2021-07-07,1.416153,1.403118
1376,2021-07-08,1.404964,1.330146
1377,2021-07-09,1.327267,1.349474
1378,2021-07-10,1.350715,1.336085
1379,2021-07-11,1.335172,1.348145
1380,2021-07-12,1.348264,1.315099
1381,2021-07-13,1.313973,1.265083
1382,2021-07-14,1.264938,1.262258
1383,2021-07-15,1.263694,1.223192
1384,2021-07-16,1.22505,1.173715
1385,2021-07-17,1.171585,1.172302
1386,2021-07-18,1.172851,1.183698
1387,2021-07-19,1.181999,1.121116
1388,2021-07-20,1.12276,1.056291
1389,2021-07-21,1.054299,1.168098
1390,2021-07-22,1.170252,1.186161
1391,2021-07-23,1.18625,1.206307
1392,2021-07-24,1.207072,1.233497
1393,2021-07-25,1.233566,1.228501
1394,2021-07-26,1.228722,1.258493
1395,2021-07-27,1.255928,1.278446
1396,2021-07-28,1.280826,1.283504
1397,2021-07-29,1.286494,1.284084
1398,2021-07-30,1.285791,1.308952
1399,2021-07-31,1.309885,1.322345
1400,2021-08-01,1.319958,1.31773
1401,2021-08-02,1.31577,1.310068
1402,2021-08-03,1.30939,1.365026
1403,2021-08-04,1.369783,1.376564
1404,2021-08-05,1.376939,1.386145
1405,2021-08-06,1.386193,1.401786
1406,2021-08-07,1.402523,1.470677
1407,2021-08-08,1.473097,1.42783
1408,2021-08-09,1.426617,1.47764
1409,2021-08-10,1.475262,1.672566
1410,2021-08-11,1.677949,1.798038
1411,2021-08-12,1.795803,1.823878
1412,2021-08-13,1.83276,2.136079
1413,2021-08-14,2.138287,2.191687
1414,2021-08-15,2.189896,2.169153
1415,2021-08-16,2.167868,2.079417
1416,2021-08-17,2.072315,1.926601
1417,2021-08-18,1.92448,2.10856
1418,2021-08-19,2.105524,2.42814
1419,2021-08-20,2.437795,2.457702
1420,2021-08-21,2.457214,2.435435
1421,2021-08-22,2.436862,2.713725
1422,2021-08-23,2.708616,2.917386
1423,2021-08-24,2.920038,2.721091
1424,2021-08-25,2.725629,2.738132
1425,2021-08-26,2.741166,2.535528
1426,2021-08-27,2.531772,2.944197
1427,2021-08-28,2.947338,2.84749
1428,2021-08-29,2.850029,2.855986
1429,2021-08-30,2.850741,2.73316
1430,2021-08-31,2.737641,2.772475
1431,2021-09-01,2.769947,2.870767
1432,2021-09-02,2.86975,2.963438
1433,2021-09-03,2.959315,2.968239
1434,2021-09-04,2.96639,2.832807
1435,2021-09-05,2.831425,2.910824
1436,2021-09-06,2.911581,2.831897
1437,2021-09-07,2.832807,2.502491
1438,2021-09-08,2.506859,2.474989
1439,2021-09-09,2.406712,2.517666
1440,2021-09-10,2.517666,2.385911
1441,2021-09-11,2.385186,2.63395
1442,2021-09-12,2.641341,2.581727
1443,2021-09-13,2.582778,2.400663
1444,2021-09-14,2.403186,2.395638
1445,2021-09-15,2.397332,2.501635
1446,2021-09-16,2.503889,2.420969
1447,2021-09-17,2.418439,2.346419
1448,2021-09-18,2.347429,2.369978
1449,2021-09-19,2.369956,2.282299
1450,2021-09-20,2.283438,2.063989
1451,2021-09-21,2.079772,1.987028
1452,2021-09-22,1.984266,2.266182
1453,2021-09-23,2.259691,2.330941
1454,2021-09-24,2.329006,2.281269
1455,2021-09-25,2.279395,2.301541
1456,2021-09-26,2.302443,2.208495
1457,2021-09-27,2.212038,2.135905
1458,2021-09-28,2.133217,2.039139
1459,2021-09-29,2.039015,2.065688
1460,2021-09-30,2.066589,2.114452
1461,2021-10-01,2.116249,2.258127
1462,2021-10-02,2.254531,2.251459
1463,2021-10-03,2.249317,2.252873
1464,2021-10-04,2.251848,2.189235
1465,2021-10-05,2.189178,2.233124
1466,2021-10-06,2.234698,2.247169
