,date,nas_open,nas_close
0,09/15/21,15071.34,15161.53
1,09/14/21,15168.45,15037.76
2,09/13/21,15211.43,15105.58
3,09/10/21,15332.92,15115.49
4,09/09/21,15296.06,15248.25
5,09/08/21,15360.35,15286.64
6,09/07/21,15375.98,15374.33
7,09/03/21,15313.41,15363.52
8,09/02/21,15358.47,15331.18
9,09/01/21,15308.98,15309.38
10,08/31/21,15262.88,15259.24
11,08/30/21,15165.94,15265.89
12,08/27/21,14969.76,15129.5
13,08/26/21,15025.17,14945.81
14,08/25/21,15039.03,15041.86
15,08/24/21,14978.14,15019.8
16,08/23/21,14776.98,14942.65
17,08/20/21,14571.53,14714.66
18,08/19/21,14423.16,14541.79
19,08/18/21,14636.24,14525.91
20,08/17/21,14670.56,14656.18
21,08/16/21,14771.53,14793.76
22,08/13/21,14825.07,14822.9
23,08/12/21,14751.36,14816.26
24,08/11/21,14834.38,14765.14
25,08/10/21,14887.75,14788.09
26,08/09/21,14855.75,14860.18
27,08/06/21,14864.22,14835.76
28,08/05/21,14794.08,14895.12
29,08/04/21,14747.21,14780.53
30,08/03/21,14714.0,14761.29
31,08/02/21,14758.6,14681.07
32,07/30/21,14615.85,14672.68
33,07/29/21,14771.17,14778.26
34,07/28/21,14715.66,14762.58
35,07/27/21,14807.95,14660.58
36,07/26/21,14821.03,14840.71
37,07/23/21,14753.06,14836.99
38,07/22/21,14652.72,14684.6
39,07/21/21,14508.75,14631.95
40,07/20/21,14330.46,14498.88
41,07/19/21,14235.98,14274.98
42,07/16/21,14597.51,14427.24
43,07/15/21,14635.78,14543.13
44,07/14/21,14780.9,14644.95
45,07/13/21,14715.13,14677.65
46,07/12/21,14743.86,14733.24
47,07/09/21,14578.43,14701.92
48,07/08/21,14409.2,14559.78
49,07/07/21,14753.42,14665.06
50,07/06/21,14661.55,14663.64
51,07/02/21,14582.98,14639.33
52,07/01/21,14493.69,14522.38
53,06/30/21,14509.85,14503.95
54,06/29/21,14509.19,14528.33
55,06/28/21,14417.81,14500.51
56,06/25/21,14400.81,14360.39
57,06/24/21,14357.26,14369.71
58,06/23/21,14263.38,14271.73
59,06/22/21,14138.29,14253.27
60,06/21/21,14047.42,14141.48
61,06/18/21,14096.93,14030.38
62,06/17/21,13999.13,14161.35
63,06/16/21,14085.55,14039.68
64,06/15/21,14166.64,14072.86
65,06/14/21,14083.47,14174.14
66,06/11/21,14030.85,14069.42
67,06/10/21,13933.88,14020.33
68,06/09/21,13980.23,13911.75
69,06/08/21,13946.32,13924.91
70,06/07/21,13802.82,13881.72
71,06/04/21,13697.25,13814.49
72,06/03/21,13655.75,13614.51
73,06/02/21,13743.24,13756.33
74,06/01/21,13829.06,13736.48
75,05/28/21,13792.05,13748.74
76,05/27/21,13742.58,13736.28
77,05/26/21,13693.94,13738.0
78,05/25/21,13721.54,13657.17
79,05/24/21,13557.21,13661.17
80,05/21/21,13616.19,13470.99
81,05/20/21,13356.63,13535.74
82,05/19/21,13078.19,13299.74
83,05/18/21,13416.9,13303.64
84,05/17/21,13368.8,13379.05
85,05/14/21,13255.65,13429.98
86,05/13/21,13150.94,13124.99
87,05/12/21,13215.49,13031.68
88,05/11/21,13115.85,13389.43
89,05/10/21,13687.59,13401.86
90,05/07/21,13723.09,13752.24
91,05/06/21,13557.83,13632.84
92,05/05/21,13731.13,13582.42
93,05/04/21,13774.51,13633.5
94,05/03/21,14031.77,13895.12
95,04/30/21,13970.73,13962.68
96,04/29/21,14204.51,14082.55
97,04/28/21,14082.78,14051.03
98,04/27/21,14170.91,14090.22
99,04/26/21,14052.38,14138.78
100,04/23/21,13861.37,14016.81
101,04/22/21,13952.57,13818.41
102,04/21/21,13745.77,13950.22
103,04/20/21,13894.46,13786.27
104,04/19/21,13984.58,13914.77
105,04/16/21,14059.11,14052.34
106,04/15/21,13983.23,14038.76
107,04/14/21,14004.08,13857.84
108,04/13/21,13902.45,13996.1
109,04/12/21,13854.44,13850.0
110,04/09/21,13787.01,13900.19
111,04/08/21,13796.89,13829.31
112,04/07/21,13675.3,13688.84
113,04/06/21,13681.67,13698.38
114,04/05/21,13705.59,13705.59
115,04/01/21,13414.32,13480.11
116,03/31/21,13122.57,13246.87
117,03/30/21,13008.8,13045.39
118,03/29/21,13103.97,13059.65
119,03/26/21,12996.03,13138.72
120,03/25/21,12844.58,12977.68
121,03/24/21,13289.24,12961.89
122,03/23/21,13381.43,13227.7
123,03/22/21,13278.78,13377.54
124,03/19/21,13119.9,13215.24
125,03/18/21,13349.2,13116.17
126,03/17/21,13336.92,13525.2
127,03/16/21,13523.17,13471.57
128,03/15/21,13323.47,13459.71
129,03/12/21,13222.81,13319.86
130,03/11/21,13273.31,13398.67
131,03/10/21,13234.73,13068.83
132,03/09/21,12923.07,13073.82
133,03/08/21,12904.26,12609.16
134,03/05/21,12860.04,12920.15
135,03/04/21,12953.99,12723.47
136,03/03/21,13336.25,12997.75
137,03/02/21,13599.45,13358.79
138,03/01/21,13406.16,13588.83
139,02/26/21,13232.9,13192.35
140,02/25/21,13512.64,13119.43
141,02/24/21,13400.25,13597.97
142,02/23/21,13262.61,13465.2
143,02/22/21,13714.2,13533.05
144,02/19/21,13929.2,13874.46
145,02/18/21,13814.67,13865.36
146,02/17/21,13911.65,13965.49
147,02/16/21,14152.22,14047.5
148,02/12/21,13979.21,14095.47
149,02/11/21,14045.21,14025.77
150,02/10/21,14093.35,13972.53
151,02/09/21,13966.82,14007.7
152,02/08/21,13937.06,13987.64
153,02/05/21,13824.88,13856.3
154,02/04/21,13674.06,13777.74
155,02/03/21,13718.32,13610.54
156,02/02/21,13543.1,13612.78
157,02/01/21,13226.18,13403.39
158,01/29/21,13284.72,13070.69
159,01/28/21,13323.3,13337.16
160,01/27/21,13486.58,13270.6
161,01/26/21,13681.72,13626.06
162,01/25/21,13681.21,13635.99
163,01/22/21,13474.81,13543.06
164,01/21/21,13521.48,13530.91
165,01/20/21,13342.55,13457.25
166,01/19/21,13132.73,13197.18
167,01/15/21,13099.9,12998.5
168,01/14/21,13174.75,13112.64
169,01/13/21,13088.01,13128.95
170,01/12/21,13062.06,13072.43
171,01/11/21,13048.78,13036.43
172,01/08/21,13160.22,13201.98
173,01/07/21,12867.34,13067.48
174,01/06/21,12666.15,12740.79
175,01/05/21,12665.65,12818.96
176,01/04/21,12958.52,12698.45
177,12/31/20,12877.09,12888.28
178,12/30/20,12906.51,12870.0
179,12/29/20,12965.39,12850.22
180,12/28/20,12914.64,12899.42
181,12/24/20,12791.54,12804.73
182,12/23/20,12834.94,12771.11
183,12/22/20,12785.22,12807.92
184,12/21/20,12596.14,12742.52
185,12/18/20,12804.93,12755.64
186,12/17/20,12730.78,12764.75
187,12/16/20,12611.04,12658.19
188,12/15/20,12543.26,12595.06
189,12/14/20,12447.44,12440.04
190,12/11/20,12336.79,12377.87
191,12/10/20,12247.55,12405.81
192,12/09/20,12591.68,12338.95
193,12/08/20,12503.17,12582.77
194,12/07/20,12461.0,12519.95
195,12/04/20,12399.32,12464.23
196,12/03/20,12369.26,12377.18
197,12/02/20,12285.75,12349.37
198,12/01/20,12313.36,12355.11
199,11/30/20,12224.25,12198.74
200,11/27/20,12159.18,12205.85
201,11/25/20,12053.89,12094.4
202,11/24/20,11939.33,12036.79
203,11/23/20,11916.76,11880.63
204,11/20/20,11892.7,11854.97
205,11/19/20,11779.03,11904.71
206,11/18/20,11896.06,11801.6
207,11/17/20,11913.35,11899.34
208,11/16/20,11847.11,11924.13
209,11/13/20,11794.94,11829.29
210,11/12/20,11802.5,11709.59
211,11/11/20,11656.65,11786.43
212,11/10/20,11622.44,11553.86
213,11/09/20,12046.66,11713.78
214,11/06/20,11869.9,11895.23
215,11/05/20,11816.33,11890.93
216,11/04/20,11443.77,11590.78
217,11/03/20,11038.66,11160.57
218,11/02/20,11010.45,10957.61
219,10/30/20,11103.47,10911.59
220,10/29/20,11064.47,11185.59
221,10/28/20,11230.9,11004.87
222,10/27/20,11409.34,11431.35
223,10/26/20,11440.64,11358.94
224,10/23/20,11536.0,11548.28
225,10/22/20,11526.98,11506.01
226,10/21/20,11530.39,11484.69
227,10/20/20,11531.83,11516.49
228,10/19/20,11732.34,11478.88
229,10/16/20,11761.83,11671.56
230,10/15/20,11559.88,11713.87
231,10/14/20,11889.07,11768.73
232,10/13/20,11901.76,11863.9
233,10/12/20,11732.33,11876.26
234,10/09/20,11487.6,11579.94
235,10/08/20,11443.35,11420.98
236,10/07/20,11271.68,11364.6
237,10/06/20,11314.53,11154.6
238,10/05/20,11169.1,11332.49
239,10/02/20,11082.53,11075.02
240,10/01/20,11291.99,11326.51
241,09/30/20,11092.9,11167.51
242,09/29/20,11109.0,11085.25
243,09/28/20,11084.38,11117.53
244,09/25/20,10680.46,10913.56
245,09/24/20,10551.02,10672.27
246,09/23/20,10950.83,10632.99
247,09/22/20,10873.3,10963.64
248,09/21/20,10610.14,10778.8
249,09/18/20,10973.45,10793.28
250,09/17/20,10796.05,10910.28
251,09/16/20,11222.08,11050.47
252,09/15/20,11193.96,11190.32
253,09/14/20,11010.14,11056.65
254,09/11/20,11010.07,10853.55
255,09/10/20,11235.53,10919.59
256,09/09/20,11064.76,11141.56
257,09/08/20,10900.69,10847.69
258,09/04/20,11396.24,11313.13
259,09/03/20,11861.9,11458.1
260,09/02/20,12047.26,12056.44
261,09/01/20,11850.96,11939.67
262,08/31/20,11718.81,11775.46
263,08/28/20,11689.28,11695.63
264,08/27/20,11688.19,11625.34
265,08/26/20,11516.62,11665.06
266,08/25/20,11370.23,11466.47
267,08/24/20,11449.25,11379.72
268,08/21/20,11258.44,11311.8
269,08/20/20,11096.4,11264.95
270,08/19/20,11214.8,11146.46
271,08/18/20,11170.75,11210.84
272,08/17/20,11083.25,11129.73
273,08/14/20,11042.24,11019.3
274,08/13/20,11026.86,11042.5
275,08/12/20,10878.11,11012.24
276,08/11/20,10942.66,10782.82
277,08/10/20,11033.73,10968.36
278,08/07/20,11072.53,11010.98
279,08/06/20,10989.98,11108.07
280,08/05/20,10967.87,10998.4
281,08/04/20,10897.89,10941.17
282,08/03/20,10848.64,10902.8
283,07/31/20,10741.47,10745.27
284,07/30/20,10450.12,10587.81
285,07/29/20,10474.7,10542.94
286,07/28/20,10509.2,10402.09
287,07/27/20,10421.7,10536.27
288,07/24/20,10294.41,10363.18
289,07/23/20,10689.5,10461.42
290,07/22/20,10687.58,10706.13
291,07/21/20,10837.88,10680.36
292,07/20/20,10526.02,10767.09
293,07/17/20,10500.52,10503.19
294,07/16/20,10443.87,10473.83
295,07/15/20,10576.72,10550.49
296,07/14/20,10310.25,10488.58
297,07/13/20,10729.92,10390.84
298,07/10/20,10545.91,10617.44
299,07/09/20,10563.72,10547.75
300,07/08/20,10409.35,10492.5
301,07/07/20,10412.46,10343.89
302,07/06/20,10360.38,10433.65
303,07/02/20,10268.67,10207.63
304,07/01/20,10063.67,10154.63
305,06/30/20,9875.28,10058.77
306,06/29/20,9771.72,9874.15
307,06/26/20,9995.12,9757.22
308,06/25/20,9899.36,10017.0
309,06/24/20,10092.92,9909.17
310,06/23/20,10130.83,10131.37
311,06/22/20,9945.49,10056.47
312,06/19/20,10042.13,9946.12
313,06/18/20,9892.48,9943.05
314,06/17/20,9943.31,9910.53
315,06/16/20,9949.78,9895.87
316,06/15/20,9426.9,9726.02
317,06/12/20,9715.87,9588.81
318,06/11/20,9791.24,9492.73
319,06/10/20,10012.32,10020.35
320,06/09/20,9867.19,9953.75
321,06/08/20,9823.44,9924.74
322,06/05/20,9703.54,9814.08
323,06/04/20,9649.65,9615.81
324,06/03/20,9651.86,9682.91
325,06/02/20,9566.53,9608.37
326,06/01/20,9471.42,9552.05
327,05/29/20,9382.35,9489.87
328,05/28/20,9392.99,9368.99
329,05/27/20,9346.12,9412.36
330,05/26/20,9501.21,9340.22
331,05/22/20,9278.55,9324.59
332,05/21/20,9375.19,9284.88
333,05/20/20,9305.62,9375.78
334,05/19/20,9227.46,9185.1
335,05/18/20,9177.15,9234.83
336,05/15/20,8839.99,9014.56
337,05/14/20,8788.04,8943.72
338,05/13/20,9006.05,8863.17
339,05/12/20,9225.15,9002.55
340,05/11/20,9054.91,9192.34
341,05/08/20,9056.89,9121.32
342,05/07/20,8973.78,8979.66
343,05/06/20,8874.7,8854.39
344,05/05/20,8809.66,8809.12
345,05/04/20,8555.32,8710.71
346,05/01/20,8681.29,8604.95
347,04/30/20,8911.01,8889.55
348,04/29/20,8802.7,8914.71
349,04/28/20,8825.68,8607.73
350,04/27/20,8717.98,8730.16
351,04/24/20,8530.08,8634.52
352,04/23/20,8528.84,8494.75
353,04/22/20,8434.55,8495.38
354,04/21/20,8460.69,8263.23
355,04/20/20,8553.38,8560.73
356,04/17/20,8667.48,8650.14
357,04/16/20,8479.11,8532.36
358,04/15/20,8355.96,8393.18
359,04/14/20,8353.21,8515.74
360,04/13/20,8127.69,8192.42
361,04/09/20,8169.01,8153.58
362,04/08/20,7975.72,8090.9
363,04/07/20,8129.99,7887.26
364,04/06/20,7660.17,7913.24
365,04/03/20,7477.27,7373.08
366,04/02/20,7317.45,7487.31
367,04/01/20,7459.5,7360.58
368,03/31/20,7740.06,7700.1
369,03/30/20,7583.46,7774.15
370,03/27/20,7554.25,7502.38
371,03/26/20,7462.21,7797.54
372,03/25/20,7421.36,7384.3
373,03/24/20,7196.15,7417.86
374,03/23/20,6847.28,6860.67
375,03/20/20,7248.07,6879.52
376,03/19/20,6996.45,7150.58
377,03/18/20,6902.32,6989.84
378,03/17/20,7072.0,7334.78
379,03/16/20,7392.73,6904.59
380,03/13/20,7610.39,7874.88
381,03/12/20,7398.58,7201.8
382,03/11/20,8136.25,7952.05
383,03/10/20,8219.76,8344.25
384,03/09/20,7957.93,7950.68
385,03/06/20,8469.01,8575.62
386,03/05/20,8790.09,8738.6
387,03/04/20,8834.1,9018.09
388,03/03/20,8965.1,8684.09
389,03/02/20,8667.14,8952.16
390,02/28/20,8269.74,8567.37
391,02/27/20,8744.03,8566.48
392,02/26/20,9011.55,8980.77
393,02/25/20,9301.2,8965.61
394,02/24/20,9188.44,9221.28
395,02/21/20,9708.01,9576.59
396,02/20/20,9799.2,9750.96
397,02/19/20,9782.81,9817.18
398,02/18/20,9679.04,9732.74
399,02/14/20,9728.9,9731.18
400,02/13/20,9657.04,9711.97
401,02/12/20,9688.6,9725.96
402,02/11/20,9680.89,9638.94
403,02/10/20,9493.63,9628.39
404,02/07/20,9526.64,9520.51
405,02/06/20,9540.98,9572.15
406,02/05/20,9574.1,9508.68
407,02/04/20,9398.39,9467.97
408,02/03/20,9190.72,9273.4
409,01/31/20,9324.33,9150.94
410,01/30/20,9211.15,9298.93
411,01/29/20,9318.26,9275.16
412,01/28/20,9201.82,9269.68
413,01/27/20,9092.46,9139.31
414,01/24/20,9446.2,9314.91
415,01/23/20,9377.72,9402.48
416,01/22/20,9413.61,9383.77
417,01/21/20,9361.07,9370.81
418,01/17/20,9392.37,9388.94
419,01/16/20,9313.44,9357.13
420,01/15/20,9253.76,9258.7
421,01/14/20,9270.61,9251.33
422,01/13/20,9213.72,9273.93
423,01/10/20,9232.94,9178.86
424,01/09/20,9202.27,9203.43
425,01/08/20,9068.03,9129.24
426,01/07/20,9076.65,9068.58
427,01/06/20,8943.5,9071.46
428,01/03/20,8976.43,9020.77
429,01/02/20,9039.46,9092.19
430,12/31/19,8918.74,8972.6
431,12/30/19,9004.45,8945.99
432,12/27/19,9049.47,9006.62
433,12/26/19,8970.21,9022.39
434,12/24/19,8955.01,8952.88
435,12/23/19,8950.2,8945.65
436,12/20/19,8911.84,8924.96
437,12/19/19,8838.97,8887.22
438,12/18/19,8834.65,8827.73
439,12/17/19,8829.47,8823.36
440,12/16/19,8791.31,8814.23
441,12/13/19,8713.91,8734.88
442,12/12/19,8645.36,8717.32
443,12/11/19,8631.12,8654.05
444,12/10/19,8623.56,8616.18
445,12/09/19,8650.86,8621.83
446,12/06/19,8634.25,8656.53
447,12/05/19,8587.93,8570.7
448,12/04/19,8557.44,8566.67
449,12/03/19,8460.72,8520.64
450,12/02/19,8672.84,8567.99
451,11/29/19,8682.01,8665.47
452,11/27/19,8669.59,8705.18
453,11/26/19,8635.4,8647.93
454,11/25/19,8559.65,8632.49
455,11/22/19,8530.54,8519.88
456,11/21/19,8527.87,8506.21
457,11/20/19,8543.57,8526.73
458,11/19/19,8578.02,8570.66
459,11/18/19,8529.16,8549.94
460,11/15/19,8524.48,8540.83
461,11/14/19,8461.06,8479.02
462,11/13/19,8455.02,8482.1
463,11/12/19,8471.07,8486.09
464,11/11/19,8431.26,8464.28
465,11/08/19,8422.67,8475.31
466,11/07/19,8455.11,8434.52
467,11/06/19,8426.57,8410.63
468,11/05/19,8446.62,8434.68
469,11/04/19,8445.5,8433.2
470,11/01/19,8335.05,8386.4
471,10/31/19,8314.38,8292.36
472,10/30/19,8284.28,8303.98
473,10/29/19,8313.35,8276.85
474,10/28/19,8285.77,8325.99
475,10/25/19,8150.59,8243.12
476,10/24/19,8180.04,8185.8
477,10/23/19,8090.24,8119.79
478,10/22/19,8188.12,8104.3
479,10/21/19,8137.42,8162.99
480,10/18/19,8149.85,8089.54
481,10/17/19,8176.91,8156.85
482,10/16/19,8119.81,8124.18
483,10/15/19,8074.85,8148.71
484,10/14/19,8044.35,8048.65
485,10/11/19,8047.34,8057.04
486,10/10/19,7904.56,7950.78
487,10/09/19,7895.96,7903.74
488,10/08/19,7898.27,7823.78
489,10/07/19,7956.41,7956.29
490,10/04/19,7908.44,7982.47
491,10/03/19,7787.02,7872.26
492,10/02/19,7851.14,7785.25
493,10/01/19,8026.83,7908.68
494,09/30/19,7964.09,7999.34
495,09/27/19,8047.11,7939.63
496,09/26/19,8070.12,8030.66
497,09/25/19,7990.66,8077.38
498,09/24/19,8147.23,7993.63
499,09/23/19,8106.49,8112.46
500,09/20/19,8184.88,8117.67
501,09/19/19,8193.59,8182.88
502,09/18/19,8174.62,8177.39
503,09/17/19,8148.65,8186.02
504,09/16/19,8121.64,8153.54
505,09/13/19,8190.57,8176.71
506,09/12/19,8206.58,8194.47
507,09/11/19,8091.68,8169.68
508,09/10/19,8049.98,8084.16
509,09/09/19,8130.91,8087.44
510,09/06/19,8125.58,8103.07
511,09/05/19,8061.29,8116.83
512,09/04/19,7949.81,7976.88
513,09/03/19,7906.44,7874.16
514,08/30/19,8015.16,7962.88
515,08/29/19,7945.78,7973.39
516,08/28/19,7798.35,7856.88
517,08/27/19,7908.78,7826.95
518,08/26/19,7829.58,7853.74
519,08/23/19,7943.65,7751.77
520,08/22/19,8038.79,7991.39
521,08/21/19,8017.07,8020.21
522,08/20/19,7989.36,7948.56
523,08/19/19,8006.18,8002.81
524,08/16/19,7828.35,7895.99
525,08/15/19,7790.2,7766.62
526,08/14/19,7877.33,7773.94
527,08/13/19,7852.37,8016.36
528,08/12/19,7907.49,7863.41
529,08/09/19,7997.19,7959.14
530,08/08/19,7921.59,8039.16
531,08/07/19,7747.27,7862.83
532,08/06/19,7804.51,7833.27
533,08/05/19,7823.33,7726.04
534,08/02/19,8056.42,8004.07
535,08/01/19,8190.56,8111.12
536,07/31/19,8290.8,8175.42
537,07/30/19,8231.77,8273.61
538,07/29/19,8325.1,8293.33
539,07/26/19,8294.3,8330.21
540,07/25/19,8294.68,8238.54
541,07/24/19,8227.36,8321.5
542,07/23/19,8242.5,8251.4
543,07/22/19,8171.99,8204.14
544,07/19/19,8241.34,8146.49
545,07/18/19,8151.76,8207.24
546,07/17/19,8224.0,8185.21
547,07/16/19,8251.66,8222.8
548,07/15/19,8263.18,8258.19
549,07/12/19,8209.2,8244.14
550,07/11/19,8219.28,8196.04
551,07/10/19,8183.19,8202.53
552,07/09/19,8061.41,8141.73
553,07/08/19,8112.91,8098.38
554,07/05/19,8123.28,8161.79
555,07/03/19,8129.57,8170.23
556,07/02/19,8086.65,8109.09
557,07/01/19,8145.85,8091.16
558,06/28/19,7988.76,8006.24
559,06/27/19,7939.36,7967.76
560,06/26/19,7933.93,7909.97
561,06/25/19,8005.27,7884.72
562,06/24/19,8040.58,8005.7
563,06/21/19,8028.69,8031.71
564,06/20/19,8087.45,8051.34
565,06/19/19,7970.26,7987.32
566,06/18/19,7920.98,7953.88
567,06/17/19,7819.43,7845.02
568,06/14/19,7807.19,7796.66
569,06/13/19,7822.56,7837.13
570,06/12/19,7803.13,7792.72
571,06/11/19,7901.04,7822.57
572,06/10/19,7798.87,7823.17
573,06/07/19,7652.97,7742.1
574,06/06/19,7582.24,7615.55
575,06/05/19,7585.68,7575.48
576,06/04/19,7413.94,7527.12
577,06/03/19,7441.22,7333.02
578,05/31/19,7470.95,7453.15
579,05/30/19,7565.46,7567.72
580,05/29/19,7553.02,7547.31
581,05/28/19,7655.66,7607.35
582,05/24/19,7675.57,7637.01
583,05/23/19,7660.72,7628.28
584,05/22/19,7749.81,7750.84
585,05/21/19,7765.57,7785.72
586,05/20/19,7714.06,7702.38
587,05/17/19,7829.03,7816.28
588,05/16/19,7832.58,7898.05
589,05/15/19,7682.8,7822.15
590,05/14/19,7689.66,7734.49
591,05/13/19,7720.07,7647.02
592,05/10/19,7881.31,7916.94
593,05/09/19,7853.21,7910.59
594,05/08/19,7946.24,7943.32
595,05/07/19,8043.52,7963.76
596,05/06/19,7981.85,8123.29
597,05/03/19,8092.88,8164.0
598,05/02/19,8046.48,8036.77
599,05/01/19,8132.93,8049.64
600,04/30/19,8104.91,8095.39
601,04/29/19,8147.65,8149.39
602,04/26/19,8100.28,8133.96
603,04/25/19,8150.85,8106.29
604,04/24/19,8122.88,8102.01
605,04/23/19,8026.74,8120.82
606,04/22/19,7969.37,8015.27
607,04/18/19,7998.45,7998.06
608,04/17/19,8044.97,7996.08
609,04/16/19,8000.57,8000.23
610,04/15/19,7987.16,7976.01
611,04/12/19,7984.15,7984.16
612,04/11/19,7975.2,7947.36
613,04/10/19,7922.73,7964.24
614,04/09/19,7924.77,7909.28
615,04/08/19,7924.89,7953.88
616,04/05/19,7914.51,7938.69
617,04/04/19,7894.26,7891.78
618,04/03/19,7891.18,7895.55
619,04/02/19,7824.61,7848.69
620,04/01/19,7800.24,7828.91
621,03/29/19,7726.71,7729.32
622,03/28/19,7660.07,7669.17
623,03/27/19,7702.05,7643.38
624,03/26/19,7700.0,7691.52
625,03/25/19,7618.98,7637.54
626,03/22/19,7800.25,7642.67
627,03/21/19,7705.43,7838.96
628,03/20/19,7721.95,7728.97
629,03/19/19,7747.4,7723.95
630,03/18/19,7696.38,7714.48
631,03/15/19,7658.41,7688.53
632,03/14/19,7644.79,7630.91
633,03/13/19,7621.38,7643.41
634,03/12/19,7571.85,7591.03
635,03/11/19,7442.56,7558.06
636,03/08/19,7334.35,7408.14
637,03/07/19,7483.79,7421.46
638,03/06/19,7575.38,7505.92
639,03/05/19,7582.29,7576.36
640,03/04/19,7636.62,7577.57
641,03/01/19,7587.45,7595.35
642,02/28/19,7533.31,7532.53
643,02/27/19,7526.42,7554.51
644,02/26/19,7535.29,7549.3
645,02/25/19,7585.3,7554.46
646,02/22/19,7481.63,7527.54
647,02/21/19,7475.41,7459.71
648,02/20/19,7490.31,7489.07
649,02/19/19,7450.75,7486.77
650,02/15/19,7468.57,7472.41
651,02/14/19,7390.25,7426.95
652,02/13/19,7437.46,7420.38
653,02/12/19,7358.85,7414.62
654,02/11/19,7327.37,7307.9
655,02/08/19,7232.3,7298.2
656,02/07/19,7316.5,7288.35
657,02/06/19,7400.44,7375.28
658,02/05/19,7356.34,7402.08
659,02/04/19,7266.28,7347.54
660,02/01/19,7256.37,7263.87
661,01/31/19,7208.17,7281.74
662,01/30/19,7094.79,7183.08
663,01/29/19,7087.49,7028.29
664,01/28/19,7075.01,7085.68
665,01/25/19,7128.19,7164.86
666,01/24/19,7042.25,7073.46
667,01/23/19,7061.65,7025.77
668,01/22/19,7109.57,7020.36
669,01/18/19,7134.1,7157.23
670,01/17/19,7010.13,7084.46
671,01/16/19,7033.75,7034.69
672,01/15/19,6931.39,7023.83
673,01/14/19,6908.03,6905.92
674,01/11/19,6947.46,6971.48
675,01/10/19,6908.65,6986.07
676,01/09/19,6923.06,6957.08
677,01/08/19,6893.44,6897.0
678,01/07/19,6757.53,6823.47
679,01/04/19,6567.14,6738.86
680,01/03/19,6584.77,6463.5
681,01/02/19,6506.91,6665.94
682,12/31/18,6649.52,6635.28
683,12/28/18,6616.79,6584.52
684,12/27/18,6457.19,6579.49
685,12/26/18,6257.86,6554.36
686,12/24/18,6278.49,6192.92
687,12/21/18,6573.48,6332.99
688,12/20/18,6607.76,6528.41
689,12/19/18,6777.59,6636.83
690,12/18/18,6809.81,6783.91
691,12/17/18,6886.46,6753.73
692,12/14/18,6986.37,6910.66
693,12/13/18,7135.28,7070.33
694,12/12/18,7127.0,7098.31
695,12/11/18,7121.65,7031.83
696,12/10/18,6959.63,7020.52
697,12/07/18,7163.49,6969.25
698,12/06/18,7017.06,7188.26
699,12/04/18,7407.95,7158.43
700,12/03/18,7486.13,7441.51
701,11/30/18,7279.3,7330.54
702,11/29/18,7267.37,7273.08
703,11/28/18,7135.08,7291.59
704,11/27/18,7041.23,7082.7
705,11/26/18,7026.5,7081.85
706,11/23/18,6919.52,6938.98
707,11/21/18,6985.51,6972.25
708,11/20/18,6867.43,6908.82
709,11/19/18,7217.24,7028.48
710,11/16/18,7193.6,7247.87
711,11/15/18,7112.83,7259.03
712,11/14/18,7265.39,7136.39
713,11/13/18,7230.69,7200.87
714,11/12/18,7364.05,7200.87
715,11/09/18,7468.51,7406.9
716,11/08/18,7544.17,7530.88
717,11/07/18,7446.09,7570.75
718,11/06/18,7326.07,7375.96
719,11/05/18,7344.08,7328.85
720,11/02/18,7424.02,7356.99
721,11/01/18,7327.82,7434.06
722,10/31/18,7276.62,7305.9
723,10/30/18,7017.87,7161.65
724,10/29/18,7272.42,7050.29
725,10/26/18,7125.18,7167.21
726,10/25/18,7197.49,7318.34
727,10/24/18,7423.21,7108.4
728,10/23/18,7328.55,7437.54
729,10/22/18,7486.74,7468.63
730,10/19/18,7530.15,7449.03
731,10/18/18,7616.47,7485.14
732,10/17/18,7669.26,7642.7
733,10/16/18,7501.78,7645.49
734,10/15/18,7473.33,7430.74
735,10/12/18,7507.84,7496.89
736,10/11/18,7388.07,7329.06
737,10/10/18,7694.08,7422.05
738,10/09/18,7728.51,7738.02
739,10/08/18,7747.1,7735.95
740,10/05/18,7874.76,7788.45
741,10/04/18,7993.33,7879.51
742,10/03/18,8034.65,8025.09
743,10/02/18,8024.48,7999.55
744,10/01/18,8091.5,8037.3
745,09/28/18,8024.5,8046.35
746,09/27/18,8021.22,8041.97
747,09/26/18,8011.68,7990.37
748,09/25/18,8001.59,8007.47
749,09/24/18,7939.38,7993.25
750,09/21/18,8041.69,7986.96
751,09/20/18,7993.53,8028.23
752,09/19/18,7962.55,7950.04
753,09/18/18,7903.57,7956.11
754,09/17/18,7992.21,7895.79
755,09/14/18,8026.16,8010.04
756,09/13/18,7999.93,8013.71
757,09/12/18,7958.87,7954.23
758,09/11/18,7894.87,7972.47
759,09/10/18,7939.57,7924.16
760,09/07/18,7878.79,7902.54
761,09/06/18,7998.27,7922.73
762,09/05/18,8073.53,7995.17
763,09/04/18,8087.95,8091.25
764,08/31/18,8079.31,8109.54
765,08/30/18,8094.2,8088.36
766,08/29/18,8044.34,8109.69
767,08/28/18,8039.01,8030.04
768,08/27/18,7989.64,8017.9
769,08/24/18,7907.81,7945.98
770,08/23/18,7886.47,7878.46
771,08/22/18,7844.04,7889.1
772,08/21/18,7840.09,7859.17
773,08/20/18,7834.37,7821.01
774,08/17/18,7786.64,7816.33
775,08/16/18,7826.95,7806.52
776,08/15/18,7810.02,7774.12
777,08/14/18,7847.88,7870.89
778,08/13/18,7848.0,7819.71
779,08/10/18,7834.71,7839.11
780,08/09/18,7886.52,7891.78
781,08/08/18,7880.0,7888.33
782,08/07/18,7878.62,7883.66
783,08/06/18,7809.54,7859.68
784,08/03/18,7819.23,7812.01
785,08/02/18,7659.52,7802.69
786,08/01/18,7701.82,7707.29
787,07/31/18,7654.59,7671.79
788,07/30/18,7735.27,7630.0
789,07/27/18,7889.75,7737.42
790,07/26/18,7848.04,7852.18
791,07/25/18,7839.09,7932.24
792,07/24/18,7914.35,7840.77
793,07/23/18,7806.93,7841.87
794,07/20/18,7843.08,7820.2
795,07/19/18,7829.8,7825.3
796,07/18/18,7859.43,7854.44
797,07/17/18,7751.98,7855.12
798,07/16/18,7831.74,7805.72
799,07/13/18,7827.62,7825.98
800,07/12/18,7752.71,7823.92
801,07/11/18,7698.51,7716.61
802,07/10/18,7770.63,7759.2
803,07/09/18,7731.74,7756.2
804,07/06/18,7595.93,7688.39
805,07/05/18,7550.65,7586.43
806,07/03/18,7593.63,7502.67
807,07/02/18,7451.9,7567.69
808,06/29/18,7544.13,7510.3
809,06/28/18,7438.11,7503.68
810,06/27/18,7586.33,7445.08
811,06/26/18,7553.74,7561.63
812,06/25/18,7631.12,7532.01
813,06/22/18,7739.69,7692.82
814,06/21/18,7800.3,7712.95
815,06/20/18,7764.15,7781.51
816,06/19/18,7658.47,7725.59
817,06/18/18,7692.96,7747.03
818,06/15/18,7725.03,7746.38
819,06/14/18,7723.53,7761.04
820,06/13/18,7713.9,7695.7
821,06/12/18,7673.87,7703.79
822,06/11/18,7647.23,7659.93
823,06/08/18,7607.73,7645.51
824,06/07/18,7697.41,7635.07
825,06/06/18,7652.81,7689.24
826,06/05/18,7621.36,7637.86
827,06/04/18,7570.08,7606.46
828,06/01/18,7487.66,7554.33
829,05/31/18,7455.58,7442.12
830,05/30/18,7428.41,7462.45
831,05/29/18,7398.51,7396.59
832,05/25/18,7422.2,7433.85
833,05/24/18,7421.99,7424.43
834,05/23/18,7335.03,7425.96
835,05/22/18,7420.85,7378.46
836,05/21/18,7406.34,7394.04
837,05/18/18,7364.34,7354.34
838,05/17/18,7379.58,7382.47
839,05/16/18,7356.22,7398.3
840,05/15/18,7361.3,7351.63
841,05/14/18,7429.45,7411.32
842,05/11/18,7393.97,7402.88
843,05/10/18,7355.9,7404.97
844,05/09/18,7281.53,7339.91
845,05/08/18,7255.34,7266.9
846,05/07/18,7241.82,7265.21
847,05/04/18,7065.67,7209.62
848,05/03/18,7065.03,7088.15
849,05/02/18,7138.45,7100.9
850,05/01/18,7053.65,7130.7
851,04/30/18,7133.95,7066.27
852,04/27/18,7195.52,7119.8
853,04/26/18,7080.49,7118.68
854,04/25/18,7009.99,7003.74
855,04/24/18,7160.77,7007.35
856,04/23/18,7173.99,7128.6
857,04/20/18,7220.64,7146.13
858,04/19/18,7258.61,7238.06
859,04/18/18,7292.38,7295.24
860,04/17/18,7215.12,7281.1
861,04/16/18,7153.87,7156.28
862,04/13/18,7179.62,7106.65
863,04/12/18,7112.02,7140.25
864,04/11/18,7055.0,7069.03
865,04/10/18,7060.99,7094.3
866,04/09/18,6971.44,6950.34
867,04/06/18,6999.57,6915.11
868,04/05/18,7099.25,7076.55
869,04/04/18,6811.77,7042.11
870,04/03/18,6924.35,6941.28
871,04/02/18,7016.17,6870.12
872,03/29/18,6984.65,7063.44
873,03/28/18,6978.3,6949.23
874,03/27/18,7255.47,7008.81
875,03/26/18,7125.2,7220.54
876,03/23/18,7170.68,6992.67
877,03/22/18,7257.55,7166.68
878,03/21/18,7347.5,7345.29
879,03/20/18,7353.25,7364.3
880,03/19/18,7419.2,7344.24
881,03/16/18,7504.37,7481.99
882,03/15/18,7509.24,7481.74
883,03/14/18,7539.78,7496.81
884,03/13/18,7627.52,7511.01
885,03/12/18,7581.04,7588.32
886,03/09/18,7475.98,7560.81
887,03/08/18,7422.77,7427.95
888,03/07/18,7311.73,7396.65
889,03/06/18,7366.61,7372.01
890,03/05/18,7222.89,7330.7
891,03/02/18,7099.54,7257.87
892,03/01/18,7274.75,7180.56
893,02/28/18,7371.41,7273.01
894,02/27/18,7416.17,7330.35
895,02/26/18,7373.3,7421.46
896,02/23/18,7261.35,7337.39
897,02/22/18,7252.47,7210.09
898,02/21/18,7258.48,7218.23
899,02/20/18,7209.03,7234.31
900,02/16/18,7236.52,7239.47
901,02/15/18,7200.75,7256.43
902,02/14/18,6979.24,7143.62
903,02/13/18,6942.16,7013.51
904,02/12/18,6936.68,6981.96
905,02/09/18,6863.34,6874.49
906,02/08/18,7067.3,6777.16
907,02/07/18,7086.2,7051.98
908,02/06/18,6837.56,7115.88
909,02/05/18,7165.96,6967.53
910,02/02/18,7347.59,7240.95
911,02/01/18,7377.17,7385.86
912,01/31/18,7443.25,7411.48
913,01/30/18,7388.89,7402.48
914,01/29/18,7484.47,7466.51
915,01/26/18,7448.33,7505.77
916,01/25/18,7457.94,7411.16
917,01/24/18,7474.16,7415.06
918,01/23/18,7424.95,7460.29
919,01/22/18,7338.04,7408.03
920,01/19/18,7312.0,7336.38
921,01/18/18,7293.65,7296.05
922,01/17/18,7257.77,7298.28
923,01/16/18,7307.19,7223.69
924,01/12/18,7208.17,7261.06
925,01/11/18,7168.73,7211.78
926,01/10/18,7129.83,7153.57
927,01/09/18,7174.19,7163.58
928,01/08/18,7135.38,7157.39
929,01/05/18,7105.74,7136.56
930,01/04/18,7089.5,7077.91
931,01/03/18,7017.07,7065.53
932,01/02/18,6937.65,7006.9
933,12/29/17,6952.61,6903.39
934,12/28/17,6953.38,6950.16
935,12/27/17,6941.45,6939.34
936,12/26/17,6928.92,6936.25
937,12/22/17,6958.02,6959.96
938,12/21/17,6972.88,6965.36
939,12/20/17,6991.26,6960.96
940,12/19/17,6991.25,6963.85
941,12/18/17,6980.4,6994.76
942,12/15/17,6871.55,6936.58
943,12/14/17,6887.39,6856.53
944,12/13/17,6880.41,6875.8
945,12/12/17,6872.72,6862.32
946,12/11/17,6847.64,6875.08
947,12/08/17,6859.94,6840.08
948,12/07/17,6785.74,6812.84
949,12/06/17,6742.07,6776.38
950,12/05/17,6759.14,6762.21
951,12/04/17,6897.14,6775.37
952,12/01/17,6844.04,6847.59
953,11/30/17,6852.8,6873.97
954,11/29/17,6907.28,6824.39
955,11/28/17,6893.72,6912.36
956,11/27/17,6889.91,6878.52
957,11/24/17,6878.11,6889.16
958,11/22/17,6869.53,6867.36
959,11/21/17,6820.55,6862.48
960,11/20/17,6789.28,6790.71
961,11/17/17,6794.45,6782.79
962,11/16/17,6742.34,6793.29
963,11/15/17,6700.68,6706.21
964,11/14/17,6733.87,6737.87
965,11/13/17,6727.39,6757.6
966,11/10/17,6736.39,6750.94
967,11/09/17,6737.45,6750.05
968,11/08/17,6764.85,6789.12
969,11/07/17,6785.44,6767.78
970,11/06/17,6763.3,6786.44
971,11/03/17,6737.09,6764.44
972,11/02/17,6709.39,6714.94
973,11/01/17,6758.64,6716.53
974,10/31/17,6713.71,6727.67
975,10/30/17,6693.77,6698.96
976,10/27/17,6635.03,6701.26
977,10/26/17,6567.59,6556.77
978,10/25/17,6587.22,6563.89
979,10/24/17,6598.6,6598.43
980,10/23/17,6641.57,6586.83
981,10/20/17,6633.37,6629.05
982,10/19/17,6583.7,6605.07
983,10/18/17,6634.26,6624.22
984,10/17/17,6621.42,6623.66
985,10/16/17,6622.55,6624.0
986,10/13/17,6613.21,6605.8
987,10/12/17,6594.76,6591.51
988,10/11/17,6586.73,6603.55
989,10/10/17,6602.49,6587.25
990,10/09/17,6597.37,6579.73
991,10/06/17,6566.95,6590.18
992,10/05/17,6552.87,6585.36
993,10/04/17,6521.96,6534.63
994,10/03/17,6523.74,6531.71
995,10/02/17,6506.08,6516.72
996,09/29/17,6461.28,6495.96
997,09/28/17,6437.96,6453.45
998,09/27/17,6414.37,6453.26
999,09/26/17,6391.85,6380.16
1000,09/25/17,6403.11,6370.59
1001,09/22/17,6401.44,6426.92
1002,09/21/17,6448.57,6422.69
1003,09/20/17,6459.74,6456.04
1004,09/19/17,6465.57,6461.32
1005,09/18/17,6460.1,6454.64
1006,09/15/17,6426.16,6448.47
1007,09/14/17,6439.46,6429.08
1008,09/13/17,6440.72,6460.19
1009,09/12/17,6448.81,6454.28
1010,09/11/17,6411.18,6432.26
1011,09/08/17,6389.65,6360.19
1012,09/07/17,6402.94,6397.87
1013,09/06/17,6394.35,6393.31
1014,09/05/17,6414.82,6375.57
1015,09/01/17,6442.17,6435.33
1016,08/31/17,6385.8,6428.66
1017,08/30/17,6308.68,6368.31
1018,08/29/17,6228.9,6301.89
1019,08/28/17,6286.01,6283.02
1020,08/25/17,6293.81,6265.64
1021,08/24/17,6294.82,6271.33
1022,08/23/17,6263.47,6278.41
1023,08/22/17,6241.21,6297.48
1024,08/21/17,6216.32,6213.13
1025,08/18/17,6222.46,6216.53
1026,08/17/17,6322.72,6221.91
1027,08/16/17,6348.11,6345.11
1028,08/15/17,6350.51,6333.01
1029,08/14/17,6306.11,6340.23
1030,08/11/17,6222.18,6256.56
1031,08/10/17,6312.65,6216.87
1032,08/09/17,6322.92,6352.33
1033,08/08/17,6373.33,6370.46
1034,08/07/17,6361.06,6383.77
1035,08/04/17,6350.79,6351.56
1036,08/03/17,6366.24,6340.34
1037,08/02/17,6393.1,6362.65
1038,08/01/17,6372.16,6362.94
1039,07/31/17,6394.69,6348.12
1040,07/28/17,6350.27,6374.68
1041,07/27/17,6459.76,6382.19
1042,07/26/17,6425.93,6422.75
1043,07/25/17,6407.59,6412.17
1044,07/24/17,6387.82,6410.81
1045,07/21/17,6383.05,6387.75
1046,07/20/17,6396.46,6390.0
1047,07/19/17,6363.24,6385.04
1048,07/18/17,6304.82,6344.31
1049,07/17/17,6320.35,6314.43
1050,07/14/17,6289.08,6312.47
1051,07/13/17,6269.1,6274.44
1052,07/12/17,6238.9,6261.17
1053,07/11/17,6171.25,6193.3
1054,07/10/17,6156.03,6176.39
1055,07/07/17,6111.21,6153.08
1056,07/06/17,6109.6,6089.46
1057,07/05/17,6122.06,6150.86
1058,07/03/17,6173.29,6110.06
1059,06/30/17,6166.84,6140.42
1060,06/29/17,6215.49,6144.35
1061,06/28/17,6173.1,6234.41
1062,06/27/17,6227.9,6146.62
1063,06/26/17,6292.73,6247.15
1064,06/23/17,6234.35,6265.25
1065,06/22/17,6239.15,6236.69
1066,06/21/17,6202.75,6233.95
1067,06/20/17,6229.62,6188.03
1068,06/19/17,6196.85,6239.01
1069,06/16/17,6154.28,6151.76
1070,06/15/17,6127.05,6165.5
1071,06/14/17,6237.46,6194.89
1072,06/13/17,6206.11,6220.37
1073,06/12/17,6153.56,6175.46
1074,06/09/17,6330.25,6207.92
1075,06/08/17,6311.73,6321.76
1076,06/07/17,6290.44,6297.38
1077,06/06/17,6281.88,6275.06
1078,06/05/17,6305.47,6295.68
1079,06/02/17,6261.59,6305.8
1080,06/01/17,6215.91,6246.83
1081,05/31/17,6221.63,6198.52
1082,05/30/17,6204.18,6203.19
1083,05/26/17,6207.04,6210.19
1084,05/25/17,6183.02,6205.26
1085,05/24/17,6154.18,6163.02
1086,05/23/17,6149.55,6138.71
1087,05/22/17,6098.25,6133.62
1088,05/19/17,6070.23,6083.7
1089,05/18/17,5998.46,6055.13
1090,05/17/17,6108.62,6011.24
1091,05/16/17,6160.52,6169.87
1092,05/15/17,6128.11,6149.67
1093,05/12/17,6119.27,6121.23
1094,05/11/17,6110.05,6115.96
1095,05/10/17,6121.64,6129.14
1096,05/09/17,6111.82,6120.59
1097,05/08/17,6100.66,6102.66
1098,05/05/17,6091.69,6100.76
1099,05/04/17,6075.06,6075.34
1100,05/03/17,6075.04,6072.55
1101,05/02/17,6102.51,6095.37
1102,05/01/17,6067.56,6091.6
1103,04/28/17,6072.87,6047.61
1104,04/27/17,6038.47,6048.94
1105,04/26/17,6028.12,6025.23
1106,04/25/17,6004.16,6025.49
1107,04/24/17,5979.96,5983.82
1108,04/21/17,5919.02,5910.52
1109,04/20/17,5887.87,5916.78
1110,04/19/17,5874.43,5863.03
1111,04/18/17,5838.59,5849.47
1112,04/17/17,5821.55,5856.79
1113,04/13/17,5828.37,5805.15
1114,04/12/17,5863.59,5836.16
1115,04/11/17,5871.16,5866.77
1116,04/10/17,5883.44,5880.93
1117,04/07/17,5873.94,5877.81
1118,04/06/17,5870.52,5878.95
1119,04/05/17,5911.92,5864.48
1120,04/04/17,5878.76,5898.61
1121,04/03/17,5917.31,5894.68
1122,03/31/17,5905.63,5911.74
1123,03/30/17,5896.15,5914.34
1124,03/29/17,5875.35,5897.55
1125,03/28/17,5836.5,5875.14
1126,03/27/17,5776.33,5840.37
1127,03/24/17,5839.33,5828.74
1128,03/23/17,5812.31,5817.69
1129,03/22/17,5790.59,5821.64
1130,03/21/17,5923.43,5793.83
1131,03/20/17,5898.81,5901.53
1132,03/17/17,5898.58,5901.0
1133,03/16/17,5907.86,5900.76
1134,03/15/17,5869.97,5900.05
1135,03/14/17,5860.07,5856.82
1136,03/13/17,5863.48,5875.78
1137,03/10/17,5867.16,5861.73
1138,03/09/17,5834.67,5838.81
1139,03/08/17,5838.44,5837.55
1140,03/07/17,5836.12,5833.93
1141,03/06/17,5846.42,5849.17
1142,03/03/17,5854.27,5870.75
1143,03/02/17,5897.01,5861.22
1144,03/01/17,5874.86,5904.03
1145,02/28/17,5852.79,5825.44
1146,02/27/17,5835.04,5861.9
1147,02/24/17,5802.33,5845.31
1148,02/23/17,5866.82,5835.51
1149,02/22/17,5857.56,5860.63
1150,02/21/17,5850.2,5865.95
1151,02/17/17,5807.31,5838.58
1152,02/16/17,5823.01,5814.9
1153,02/15/17,5777.9,5819.44
1154,02/14/17,5756.51,5782.57
1155,02/13/17,5753.19,5763.96
1156,02/10/17,5726.18,5734.13
1157,02/09/17,5688.02,5715.18
1158,02/08/17,5662.95,5682.45
1159,02/07/17,5674.86,5674.22
1160,02/06/17,5656.95,5663.55
1161,02/03/17,5650.73,5666.77
1162,02/02/17,5627.15,5636.2
1163,02/01/17,5654.51,5642.65
1164,01/31/17,5592.87,5614.79
1165,01/30/17,5635.86,5613.71
1166,01/27/17,5664.88,5660.78
1167,01/26/17,5666.28,5655.18
1168,01/25/17,5635.86,5656.34
1169,01/24/17,5568.27,5600.96
1170,01/23/17,5546.64,5552.94
1171,01/20/17,5556.87,5555.33
1172,01/19/17,5560.61,5540.08
1173,01/18/17,5546.94,5555.65
1174,01/17/17,5555.16,5538.73
1175,01/13/17,5557.57,5574.12
1176,01/12/17,5542.56,5547.49
1177,01/11/17,5550.72,5563.65
1178,01/10/17,5536.54,5551.82
1179,01/09/17,5527.57,5531.82
1180,01/06/17,5499.08,5521.06
1181,01/05/17,5474.39,5487.94
1182,01/04/17,5440.91,5477.0
1183,01/03/17,5425.62,5429.08
1184,12/30/16,5440.17,5383.12
1185,12/29/16,5437.51,5432.09
1186,12/28/16,5497.44,5438.56
1187,12/27/16,5470.76,5487.44
1188,12/23/16,5441.76,5462.69
1189,12/22/16,5472.01,5447.42
1190,12/21/16,5482.63,5471.43
1191,12/20/16,5473.53,5483.94
1192,12/19/16,5441.2,5457.44
1193,12/16/16,5467.82,5437.16
1194,12/15/16,5443.51,5456.85
1195,12/14/16,5465.69,5436.67
1196,12/13/16,5433.57,5463.83
1197,12/12/16,5428.22,5412.54
1198,12/09/16,5436.11,5444.5
1199,12/08/16,5394.15,5417.36
1200,12/07/16,5322.67,5393.76
1201,12/06/16,5317.74,5333.0
1202,12/05/16,5283.58,5308.89
1203,12/02/16,5249.02,5255.65
1204,12/01/16,5323.88,5251.11
1205,11/30/16,5391.35,5323.68
1206,11/29/16,5370.98,5379.92
1207,11/28/16,5387.92,5368.81
1208,11/25/16,5388.49,5398.92
1209,11/23/16,5366.55,5380.68
1210,11/22/16,5384.75,5386.35
1211,11/21/16,5336.78,5368.86
1212,11/18/16,5340.97,5321.51
1213,11/17/16,5295.07,5333.97
1214,11/16/16,5253.73,5294.58
1215,11/15/16,5241.35,5275.62
1216,11/14/16,5246.33,5218.4
1217,11/11/16,5191.82,5237.11
1218,11/10/16,5283.48,5208.8
1219,11/09/16,5143.86,5251.07
1220,11/08/16,5154.99,5193.49
1221,11/07/16,5128.99,5166.17
1222,11/04/16,5034.41,5046.37
1223,11/03/16,5104.7,5058.41
1224,11/02/16,5147.27,5105.57
1225,11/01/16,5199.77,5153.58
1226,10/31/16,5205.09,5189.13
1227,10/28/16,5203.7,5190.1
1228,10/27/16,5272.19,5215.97
1229,10/26/16,5256.4,5250.27
1230,10/25/16,5306.47,5283.4
1231,10/24/16,5290.31,5309.83
1232,10/21/16,5238.65,5257.4
1233,10/20/16,5238.2,5241.83
1234,10/19/16,5240.33,5246.41
1235,10/18/16,5255.32,5243.84
1236,10/17/16,5213.69,5199.82
1237,10/14/16,5241.26,5214.16
1238,10/13/16,5200.3,5213.33
1239,10/12/16,5247.91,5239.02
1240,10/11/16,5321.82,5246.79
1241,10/10/16,5318.46,5328.67
1242,10/07/16,5314.92,5292.4
1243,10/06/16,5306.59,5306.85
1244,10/05/16,5305.28,5316.02
1245,10/04/16,5313.49,5289.66
1246,10/03/16,5300.29,5300.87
1247,09/30/16,5288.87,5312.0
1248,09/29/16,5311.31,5269.15
1249,09/28/16,5312.73,5318.55
1250,09/27/16,5254.18,5305.71
1251,09/26/16,5275.73,5257.49
1252,09/23/16,5327.43,5305.75
1253,09/22/16,5323.26,5339.52
1254,09/21/16,5263.65,5295.18
1255,09/20/16,5256.19,5241.35
1256,09/19/16,5263.55,5235.03
1257,09/16/16,5238.71,5244.57
1258,09/15/16,5178.1,5249.69
1259,09/14/16,5160.21,5173.77
1260,09/13/16,5181.14,5155.25
1261,09/12/16,5098.03,5211.89
1262,09/09/16,5217.95,5125.91
1263,09/08/16,5269.96,5259.48
1264,09/07/16,5274.23,5283.93
1265,09/06/16,5259.99,5275.91
1266,09/02/16,5249.66,5249.9
1267,09/01/16,5218.28,5227.21
1268,08/31/16,5216.42,5213.22
1269,08/30/16,5229.88,5222.99
1270,08/29/16,5223.8,5232.33
1271,08/26/16,5219.05,5218.92
1272,08/25/16,5207.61,5212.2
1273,08/24/16,5254.42,5217.69
1274,08/23/16,5265.78,5260.08
1275,08/22/16,5231.46,5244.6
1276,08/19/16,5229.87,5238.38
1277,08/18/16,5226.45,5240.15
1278,08/17/16,5228.44,5228.66
1279,08/16/16,5247.96,5227.11
1280,08/15/16,5242.18,5262.02
1281,08/12/16,5219.66,5232.89
1282,08/11/16,5222.15,5228.4
1283,08/10/16,5227.95,5204.58
1284,08/09/16,5216.21,5225.48
1285,08/08/16,5223.54,5213.14
1286,08/05/16,5190.71,5221.12
1287,08/04/16,5158.02,5166.25
1288,08/03/16,5133.24,5159.74
1289,08/02/16,5177.53,5137.73
1290,08/01/16,5167.42,5184.2
1291,07/29/16,5162.15,5162.13
1292,07/28/16,5144.82,5154.98
1293,07/27/16,5143.84,5139.81
1294,07/26/16,5095.61,5110.05
1295,07/25/16,5096.99,5097.63
1296,07/22/16,5078.12,5100.16
1297,07/21/16,5093.97,5073.9
1298,07/20/16,5061.6,5089.93
1299,07/19/16,5038.22,5036.37
1300,07/18/16,5034.99,5055.78
1301,07/15/16,5041.19,5029.59
1302,07/14/16,5041.95,5034.06
1303,07/13/16,5036.32,5005.73
1304,07/12/16,5017.99,5022.82
1305,07/11/16,4976.54,4988.64
1306,07/08/16,4906.66,4956.76
1307,07/07/16,4867.47,4876.81
1308,07/06/16,4799.32,4859.16
1309,07/05/16,4837.06,4822.9
1310,07/01/16,4837.18,4862.57
1311,06/30/16,4793.75,4842.67
1312,06/29/16,4732.93,4779.25
1313,06/28/16,4643.93,4691.87
1314,06/27/16,4664.43,4594.44
1315,06/24/16,4715.8,4707.98
1316,06/23/16,4872.19,4910.04
1317,06/22/16,4846.68,4833.32
1318,06/21/16,4845.09,4843.76
1319,06/20/16,4856.69,4837.21
1320,06/17/16,4835.02,4800.34
1321,06/16/16,4809.69,4844.91
1322,06/15/16,4855.08,4834.93
1323,06/14/16,4836.67,4843.55
1324,06/13/16,4868.51,4848.44
1325,06/10/16,4915.15,4894.55
1326,06/09/16,4954.15,4958.62
1327,06/08/16,4970.01,4974.64
1328,06/07/16,4972.14,4961.75
1329,06/06/16,4950.46,4968.71
1330,06/03/16,4958.1,4942.52
1331,06/02/16,4941.25,4971.36
1332,06/01/16,4928.97,4952.25
1333,05/31/16,4938.48,4948.05
1334,05/27/16,4904.05,4933.5
1335,05/26/16,4897.78,4901.77
1336,05/25/16,4877.18,4894.89
1337,05/24/16,4792.85,4861.06
1338,05/23/16,4771.57,4765.78
1339,05/20/16,4729.44,4769.56
1340,05/19/16,4717.36,4712.53
1341,05/18/16,4705.78,4739.12
1342,05/17/16,4768.85,4715.73
1343,05/16/16,4728.86,4775.46
1344,05/13/16,4731.07,4717.68
1345,05/12/16,4778.19,4737.33
1346,05/11/16,4799.3,4760.69
1347,05/10/16,4768.91,4809.88
1348,05/09/16,4736.35,4750.21
1349,05/06/16,4695.9,4736.16
1350,05/05/16,4742.42,4717.09
1351,05/04/16,4735.28,4725.64
1352,05/03/16,4780.88,4763.22
1353,05/02/16,4786.55,4817.59
1354,04/29/16,4805.79,4775.36
1355,04/28/16,4857.6,4805.29
1356,04/27/16,4855.38,4863.14
1357,04/26/16,4903.81,4888.28
1358,04/25/16,4891.48,4895.79
1359,04/22/16,4898.24,4906.23
1360,04/21/16,4949.12,4945.89
1361,04/20/16,4941.99,4948.13
1362,04/19/16,4968.3,4940.33
1363,04/18/16,4919.36,4960.02
1364,04/15/16,4938.83,4938.22
1365,04/14/16,4947.62,4945.89
1366,04/13/16,4904.79,4947.42
1367,04/12/16,4838.81,4872.09
1368,04/11/16,4873.39,4833.4
1369,04/08/16,4883.99,4850.69
1370,04/07/16,4893.57,4848.37
1371,04/06/16,4849.57,4920.72
1372,04/05/16,4855.9,4843.93
1373,04/04/16,4911.22,4891.8
1374,04/01/16,4842.55,4914.54
1375,03/31/16,4869.57,4869.85
1376,03/30/16,4875.46,4869.29
1377,03/29/16,4756.55,4846.62
1378,03/28/16,4785.25,4766.79
1379,03/24/16,4743.36,4773.5
1380,03/23/16,4813.87,4768.86
1381,03/22/16,4783.6,4821.66
1382,03/21/16,4787.31,4808.87
1383,03/18/16,4784.63,4795.65
1384,03/17/16,4752.62,4774.99
1385,03/16/16,4717.88,4763.97
1386,03/15/16,4731.14,4728.67
1387,03/14/16,4733.39,4750.28
1388,03/11/16,4712.38,4748.47
1389,03/10/16,4691.2,4662.16
1390,03/09/16,4666.42,4674.38
1391,03/08/16,4676.22,4648.82
1392,03/07/16,4690.88,4708.25
1393,03/04/16,4715.77,4717.02
1394,03/03/16,4698.38,4707.42
1395,03/02/16,4683.8,4703.42
1396,03/01/16,4596.01,4689.6
1397,02/29/16,4585.3,4557.95
1398,02/26/16,4615.14,4590.47
1399,02/25/16,4554.73,4582.2
1400,02/24/16,4453.93,4542.61
1401,02/23/16,4550.05,4503.58
1402,02/22/16,4548.31,4570.61
1403,02/19/16,4464.67,4504.43
1404,02/18/16,4548.1,4487.54
1405,02/17/16,4471.66,4534.06
1406,02/16/16,4397.95,4435.96
1407,02/12/16,4307.29,4337.51
1408,02/11/16,4218.81,4266.84
1409,02/10/16,4318.28,4283.59
1410,02/09/16,4224.87,4268.76
1411,02/08/16,4288.02,4283.75
1412,02/05/16,4491.48,4363.14
1413,02/04/16,4492.48,4509.56
1414,02/03/16,4543.82,4504.24
1415,02/02/16,4588.69,4516.95
1416,02/01/16,4587.59,4620.37
1417,01/29/16,4512.09,4613.95
1418,01/28/16,4533.81,4506.68
1419,01/27/16,4548.87,4468.17
1420,01/26/16,4537.04,4567.67
1421,01/25/16,4574.6,4518.49
1422,01/22/16,4557.39,4591.18
1423,01/21/16,4480.7,4472.06
1424,01/20/16,4405.22,4471.69
1425,01/19/16,4548.05,4476.95
1426,01/15/16,4464.37,4488.42
1427,01/14/16,4545.37,4615.0
1428,01/13/16,4706.02,4526.06
1429,01/12/16,4681.54,4685.92
1430,01/11/16,4673.44,4637.99
1431,01/08/16,4722.02,4643.63
1432,01/07/16,4736.4,4689.43
1433,01/06/16,4813.76,4835.76
1434,01/05/16,4917.84,4891.43
1435,01/04/16,4897.65,4903.09
1436,12/31/15,5047.04,5007.41
1437,12/30/15,5101.18,5065.85
1438,12/29/15,5066.52,5107.94
1439,12/28/15,5032.29,5040.99
1440,12/24/15,5046.19,5048.49
1441,12/23/15,5025.55,5045.93
1442,12/22/15,4988.68,5001.11
1443,12/21/15,4957.53,4968.92
1444,12/18/15,4982.58,4923.08
1445,12/17/15,5087.17,5002.55
1446,12/16/15,5033.48,5071.13
1447,12/15/15,4991.21,4995.36
1448,12/14/15,4932.61,4952.23
1449,12/11/15,4979.77,4933.47
1450,12/10/15,5026.3,5045.17
1451,12/09/15,5077.21,5022.87
1452,12/08/15,5050.52,5098.24
1453,12/07/15,5139.46,5101.81
1454,12/04/15,5050.93,5142.27
1455,12/03/15,5143.15,5037.53
1456,12/02/15,5158.82,5123.22
1457,12/01/15,5129.64,5156.31
1458,11/30/15,5139.58,5108.67
1459,11/27/15,5121.93,5127.52
1460,11/25/15,5106.87,5116.14
1461,11/24/15,5070.66,5102.81
1462,11/23/15,5106.72,5102.48
1463,11/20/15,5096.96,5104.92
1464,11/19/15,5078.68,5073.64
1465,11/18/15,5004.6,5075.2
1466,11/17/15,4991.71,4986.01
1467,11/16/15,4916.14,4984.62
1468,11/13/15,4980.86,4927.88
1469,11/12/15,5043.1,5005.08
1470,11/11/15,5098.13,5067.02
1471,11/10/15,5068.55,5083.24
1472,11/09/15,5128.94,5095.3
1473,11/06/15,5124.04,5147.12
1474,11/05/15,5144.15,5127.74
1475,11/04/15,5155.62,5142.48
1476,11/03/15,5114.31,5145.13
1477,11/02/15,5065.64,5127.15
1478,10/30/15,5079.76,5053.75
1479,10/29/15,5071.04,5074.27
1480,10/28/15,5040.38,5095.69
1481,10/27/15,5018.99,5030.15
1482,10/26/15,5030.8,5034.7
1483,10/23/15,5024.38,5031.86
1484,10/22/15,4875.96,4920.05
1485,10/21/15,4903.98,4840.12
1486,10/20/15,4900.02,4880.97
1487,10/19/15,4873.54,4905.47
1488,10/16/15,4872.36,4886.69
1489,10/15/15,4799.43,4870.1
1490,10/14/15,4801.35,4782.85
1491,10/13/15,4809.24,4796.61
1492,10/12/15,4839.79,4838.64
1493,10/09/15,4817.28,4830.47
1494,10/08/15,4775.06,4810.79
1495,10/07/15,4775.05,4791.15
1496,10/06/15,4767.63,4748.36
1497,10/05/15,4742.13,4781.26
1498,10/02/15,4566.13,4707.78
1499,10/01/15,4624.47,4627.08
1500,09/30/15,4574.38,4620.16
1501,09/29/15,4551.04,4517.32
1502,09/28/15,4665.06,4543.97
1503,09/25/15,4782.41,4686.5
1504,09/24/15,4717.89,4734.48
1505,09/23/15,4764.69,4752.74
1506,09/22/15,4762.29,4756.72
1507,09/21/15,4851.98,4828.95
1508,09/18/15,4828.71,4827.23
1509,09/17/15,4884.11,4893.95
1510,09/16/15,4860.44,4889.24
1511,09/15/15,4819.32,4860.52
1512,09/14/15,4831.98,4805.76
1513,09/11/15,4770.73,4822.34
1514,09/10/15,4749.96,4796.25
1515,09/09/15,4856.27,4756.53
1516,09/08/15,4769.72,4811.93
1517,09/04/15,4670.35,4683.92
1518,09/03/15,4763.1,4733.5
1519,09/02/15,4704.42,4749.98
1520,09/01/15,4673.61,4636.1
1521,08/31/15,4798.68,4776.51
1522,08/28/15,4792.11,4828.32
1523,08/27/15,4761.05,4812.71
1524,08/26/15,4633.51,4697.54
1525,08/25/15,4687.27,4506.49
1526,08/24/15,4351.61,4526.25
1527,08/21/15,4801.04,4706.04
1528,08/20/15,4973.49,4877.49
1529,08/19/15,5039.03,5019.05
1530,08/18/15,5082.18,5059.35
1531,08/17/15,5032.34,5091.7
1532,08/14/15,5025.92,5048.24
1533,08/13/15,5050.94,5033.56
1534,08/12/15,4994.52,5044.39
1535,08/11/15,5069.16,5036.79
1536,08/10/15,5081.72,5101.8
1537,08/07/15,5043.97,5043.54
1538,08/06/15,5146.63,5056.44
1539,08/05/15,5132.77,5139.94
1540,08/04/15,5110.96,5105.55
1541,08/03/15,5134.34,5115.38
1542,07/31/15,5148.18,5128.28
1543,07/30/15,5100.3,5128.78
1544,07/29/15,5097.86,5111.73
1545,07/28/15,5063.44,5089.21
1546,07/27/15,5055.93,5039.78
1547,07/24/15,5166.91,5088.63
1548,07/23/15,5180.33,5146.41
1549,07/22/15,5146.03,5171.77
1550,07/21/15,5219.2,5208.12
1551,07/20/15,5223.18,5218.86
1552,07/17/15,5196.11,5210.14
1553,07/16/15,5138.18,5163.18
1554,07/15/15,5111.11,5098.94
1555,07/14/15,5077.12,5104.89
1556,07/13/15,5037.27,5071.51
1557,07/10/15,4981.24,4997.7
1558,07/09/15,4976.15,4922.4
1559,07/08/15,4953.98,4909.76
1560,07/07/15,4993.76,4997.46
1561,07/06/15,4963.8,4991.94
1562,07/02/15,5024.3,5009.21
1563,07/01/15,5029.05,5013.12
1564,06/30/15,5000.15,4986.87
1565,06/29/15,5021.21,4958.47
1566,06/26/15,5113.26,5080.51
1567,06/25/15,5139.48,5112.19
1568,06/24/15,5151.38,5122.41
1569,06/23/15,5161.68,5160.09
1570,06/22/15,5147.87,5153.97
1571,06/19/15,5139.77,5117.0
1572,06/18/15,5082.06,5132.95
1573,06/17/15,5067.68,5064.88
1574,06/16/15,5023.58,5055.55
1575,06/15/15,5011.79,5029.97
1576,06/12/15,5060.24,5051.1
1577,06/11/15,5088.26,5082.51
1578,06/10/15,5029.41,5076.69
1579,06/09/15,5013.13,5013.87
1580,06/08/15,5066.65,5021.63
1581,06/05/15,5057.04,5068.46
1582,06/04/15,5078.22,5059.12
1583,06/03/15,5098.48,5099.23
1584,06/02/15,5063.47,5076.52
1585,06/01/15,5094.94,5082.93
1586,05/29/15,5093.1,5070.03
1587,05/28/15,5096.34,5097.98
1588,05/27/15,5047.86,5106.59
1589,05/26/15,5076.91,5032.75
1590,05/22/15,5085.39,5089.36
1591,05/21/15,5065.94,5090.79
1592,05/20/15,5072.44,5071.74
1593,05/19/15,5080.44,5070.03
1594,05/18/15,5040.92,5078.44
1595,05/15/15,5059.15,5048.29
1596,05/14/15,5016.68,5050.8
1597,05/13/15,4991.42,4981.69
1598,05/12/15,4966.44,4976.19
1599,05/11/15,5003.26,4993.57
1600,05/08/15,4991.63,5003.55
1601,05/07/15,4917.75,4945.54
1602,05/06/15,4956.7,4919.64
1603,05/05/15,5000.19,4939.33
1604,05/04/15,5018.35,5016.93
1605,05/01/15,4966.32,5005.39
1606,04/30/15,4996.99,4941.42
1607,04/29/15,5028.45,5023.64
1608,04/28/15,5063.26,5055.42
1609,04/27/15,5104.36,5060.25
1610,04/24/15,5096.34,5092.08
1611,04/23/15,5020.22,5056.06
1612,04/22/15,5026.57,5035.17
1613,04/21/15,5023.96,5014.1
1614,04/20/15,4958.07,4994.6
1615,04/17/15,4966.11,4931.81
1616,04/16/15,4999.36,5007.79
1617,04/15/15,4992.62,5011.02
1618,04/14/15,4988.82,4977.29
1619,04/13/15,5001.56,4988.25
1620,04/10/15,4977.03,4995.98
1621,04/09/15,4950.84,4974.56
1622,04/08/15,4914.15,4950.82
1623,04/07/15,4917.5,4910.23
1624,04/06/15,4855.94,4917.32
1625,04/02/15,4885.41,4886.94
1626,04/01/15,4894.36,4880.23
1627,03/31/15,4925.91,4900.88
1628,03/30/15,4921.78,4947.44
1629,03/27/15,4863.74,4891.22
1630,03/26/15,4835.72,4863.36
1631,03/25/15,5002.83,4876.52
1632,03/24/15,5010.1,4994.73
1633,03/23/15,5020.6,5010.97
1634,03/20/15,5033.47,5026.42
1635,03/19/15,4982.02,4992.38
1636,03/18/15,4926.83,4982.83
1637,03/17/15,4912.65,4937.43
1638,03/16/15,4897.27,4929.51
1639,03/13/15,4885.54,4871.76
1640,03/12/15,4853.98,4893.29
1641,03/11/15,4866.94,4849.94
1642,03/10/15,4899.51,4859.79
1643,03/09/15,4936.08,4942.44
1644,03/06/15,4967.24,4927.37
1645,03/05/15,4979.95,4982.81
1646,03/04/15,4961.24,4967.14
1647,03/03/15,4990.7,4979.9
1648,03/02/15,4973.43,5008.1
1649,02/27/15,4985.03,4963.53
1650,02/26/15,4969.27,4987.89
1651,02/25/15,4960.36,4967.14
1652,02/24/15,4956.21,4968.12
1653,02/23/15,4953.1,4960.97
1654,02/20/15,4919.78,4955.97
1655,02/19/15,4901.51,4924.7
1656,02/18/15,4890.84,4906.36
1657,02/17/15,4889.98,4899.27
1658,02/13/15,4869.73,4893.84
1659,02/12/15,4828.08,4857.61
1660,02/11/15,4788.37,4801.18
1661,02/10/15,4754.63,4787.64
1662,02/09/15,4723.73,4726.01
1663,02/06/15,4768.85,4744.4
1664,02/05/15,4729.65,4765.1
1665,02/04/15,4699.81,4716.7
1666,02/03/15,4693.25,4727.74
1667,02/02/15,4650.6,4676.69
1668,01/30/15,4671.2,4635.24
1669,01/29/15,4635.73,4683.41
1670,01/28/15,4740.69,4637.99
1671,01/27/15,4698.23,4681.5
1672,01/26/15,4752.36,4771.76
1673,01/23/15,4748.19,4757.88
1674,01/22/15,4690.93,4750.4
1675,01/21/15,4641.95,4667.42
1676,01/20/15,4655.84,4654.85
1677,01/16/15,4566.38,4634.38
1678,01/15/15,4657.46,4570.82
1679,01/14/15,4610.76,4639.32
1680,01/13/15,4708.74,4661.5
1681,01/12/15,4714.07,4664.71
1682,01/09/15,4744.47,4704.07
1683,01/08/15,4689.54,4736.19
1684,01/07/15,4626.84,4650.47
1685,01/06/15,4666.85,4592.74
1686,01/05/15,4700.34,4652.57
1687,01/02/15,4760.24,4726.81
1688,12/31/14,4790.53,4736.05
1689,12/30/14,4793.61,4777.44
1690,12/29/14,4801.26,4806.91
1691,12/26/14,4788.06,4806.86
1692,12/24/14,4770.12,4773.47
1693,12/23/14,4798.03,4765.42
1694,12/22/14,4759.04,4781.42
1695,12/19/14,4752.6,4765.38
1696,12/18/14,4712.39,4748.4
1697,12/17/14,4556.9,4644.31
1698,12/16/14,4572.79,4547.83
1699,12/15/14,4679.67,4605.16
1700,12/12/14,4665.35,4653.6
1701,12/11/14,4704.65,4708.16
1702,12/10/14,4754.42,4684.03
1703,12/09/14,4685.2,4766.47
1704,12/08/14,4769.76,4740.69
1705,12/05/14,4776.57,4780.76
1706,12/04/14,4772.0,4769.44
1707,12/03/14,4761.31,4774.47
1708,12/02/14,4732.97,4755.81
1709,12/01/14,4777.73,4727.35
1710,11/28/14,4797.1,4791.63
1711,11/26/14,4760.23,4787.32
1712,11/25/14,4762.39,4758.25
1713,11/24/14,4725.17,4754.89
1714,11/21/14,4751.01,4712.97
1715,11/20/14,4655.2,4701.87
1716,11/19/14,4694.78,4675.71
1717,11/18/14,4674.84,4702.44
1718,11/17/14,4678.44,4671.0
1719,11/14/14,4679.85,4688.54
1720,11/13/14,4681.56,4680.14
1721,11/12/14,4644.63,4675.13
1722,11/11/14,4649.19,4660.56
1723,11/10/14,4635.1,4651.62
1724,11/07/14,4636.89,4632.53
1725,11/06/14,4616.78,4638.47
1726,11/05/14,4649.47,4620.72
1727,11/04/14,4623.77,4623.64
1728,11/03/14,4633.71,4638.91
1729,10/31/14,4639.45,4630.74
1730,10/30/14,4532.1,4566.14
1731,10/29/14,4551.37,4549.23
1732,10/28/14,4505.73,4564.29
1733,10/27/14,4469.02,4485.93
1734,10/24/14,4459.46,4483.72
1735,10/23/14,4427.44,4452.79
1736,10/22/14,4429.16,4382.85
1737,10/21/14,4359.17,4419.48
1738,10/20/14,4254.16,4316.07
1739,10/17/14,4275.09,4258.44
1740,10/16/14,4133.25,4217.39
1741,10/15/14,4154.1,4215.32
1742,10/14/14,4246.23,4227.17
1743,10/13/14,4274.9,4213.66
1744,10/10/14,4354.63,4276.24
1745,10/09/14,4458.29,4378.34
1746,10/08/14,4385.7,4468.59
1747,10/07/14,4433.91,4385.2
1748,10/06/14,4492.4,4454.8
1749,10/03/14,4456.81,4475.62
1750,10/02/14,4421.25,4430.19
1751,10/01/14,4486.65,4422.09
1752,09/30/14,4512.64,4493.39
1753,09/29/14,4465.84,4505.85
1754,09/26/14,4476.48,4512.19
1755,09/25/14,4540.82,4466.75
1756,09/24/14,4514.92,4555.22
1757,09/23/14,4511.32,4508.69
1758,09/22/14,4568.45,4527.69
1759,09/19/14,4606.13,4579.79
1760,09/18/14,4575.74,4593.43
1761,09/17/14,4553.96,4562.19
1762,09/16/14,4502.11,4552.76
1763,09/15/14,4567.45,4518.9
1764,09/12/14,4588.77,4567.6
1765,09/11/14,4567.64,4591.81
1766,09/10/14,4554.15,4586.52
1767,09/09/14,4588.83,4552.29
1768,09/08/14,4579.06,4592.29
1769,09/05/14,4560.63,4582.9
1770,09/04/14,4581.52,4562.29
1771,09/03/14,4610.14,4572.57
1772,09/02/14,4592.42,4598.19
1773,08/29/14,4571.76,4580.27
1774,08/28/14,4552.55,4557.69
1775,08/27/14,4574.35,4569.62
1776,08/26/14,4563.81,4570.64
1777,08/25/14,4563.72,4557.35
1778,08/22/14,4534.87,4538.55
1779,08/21/14,4526.72,4532.1
1780,08/20/14,4517.75,4526.48
1781,08/19/14,4514.26,4527.51
1782,08/18/14,4490.53,4508.31
1783,08/15/14,4479.64,4464.93
1784,08/14/14,4438.13,4453.0
1785,08/13/14,4407.86,4434.13
1786,08/12/14,4394.69,4389.25
1787,08/11/14,4387.38,4401.33
1788,08/08/14,4340.88,4370.9
1789,08/07/14,4373.24,4334.97
1790,08/06/14,4326.28,4355.05
1791,08/05/14,4364.59,4352.84
1792,08/04/14,4365.62,4383.89
1793,08/01/14,4363.39,4352.64
1794,07/31/14,4421.29,4369.77
1795,07/30/14,4468.44,4462.9
1796,07/29/14,4456.07,4442.7
1797,07/28/14,4451.12,4444.91
1798,07/25/14,4448.06,4449.56
1799,07/24/14,4481.61,4472.11
1800,07/23/14,4468.16,4473.7
1801,07/22/14,4444.94,4456.02
1802,07/21/14,4421.2,4424.7
1803,07/18/14,4379.94,4432.15
1804,07/17/14,4411.52,4363.45
1805,07/16/14,4446.17,4425.97
1806,07/15/14,4444.91,4416.39
1807,07/14/14,4441.39,4440.42
1808,07/11/14,4401.05,4415.49
1809,07/10/14,4352.03,4396.2
1810,07/09/14,4403.03,4419.03
1811,07/08/14,4442.87,4391.46
1812,07/07/14,4477.74,4451.53
1813,07/03/14,4472.89,4485.93
1814,07/02/14,4457.86,4457.73
1815,07/01/14,4424.71,4458.65
1816,06/30/14,4398.37,4408.18
1817,06/27/14,4371.8,4397.93
1818,06/26/14,4379.44,4379.05
1819,06/25/14,4341.82,4379.76
1820,06/24/14,4367.9,4350.36
1821,06/23/14,4368.95,4368.68
1822,06/20/14,4365.37,4368.04
1823,06/19/14,4370.14,4359.33
1824,06/18/14,4341.18,4362.84
1825,06/17/14,4316.01,4337.23
1826,06/16/14,4303.93,4321.11
1827,06/13/14,4315.31,4310.65
1828,06/12/14,4323.11,4297.63
1829,06/11/14,4322.92,4331.93
1830,06/10/14,4329.2,4338.0
1831,06/09/14,4324.35,4336.24
1832,06/06/14,4312.76,4321.4
1833,06/05/14,4259.12,4296.23
1834,06/04/14,4222.21,4251.64
1835,06/03/14,4222.04,4234.08
1836,06/02/14,4247.96,4237.2
1837,05/30/14,4251.49,4242.62
1838,05/29/14,4238.04,4247.95
1839,05/28/14,4234.96,4225.07
1840,05/27/14,4206.44,4237.07
1841,05/23/14,4159.78,4185.81
1842,05/22/14,4136.09,4154.34
1843,05/21/14,4105.96,4131.54
1844,05/20/14,4121.11,4096.89
1845,05/19/14,4080.33,4125.82
1846,05/16/14,4070.35,4090.59
1847,05/15/14,4096.53,4069.29
1848,05/14/14,4122.08,4100.63
1849,05/13/14,4144.9,4130.17
1850,05/12/14,4092.84,4143.86
1851,05/09/14,4043.44,4071.87
1852,05/08/14,4053.28,4051.5
1853,05/07/14,4085.49,4067.67
1854,05/06/14,4128.22,4080.76
1855,05/05/14,4099.25,4138.06
1856,05/02/14,4138.63,4123.9
1857,05/01/14,4121.25,4127.45
1858,04/30/14,4085.19,4114.56
1859,04/29/14,4089.51,4103.54
1860,04/28/14,4091.81,4074.4
1861,04/25/14,4125.16,4075.56
1862,04/24/14,4174.61,4148.34
1863,04/23/14,4160.9,4126.97
1864,04/22/14,4132.06,4161.46
1865,04/21/14,4105.36,4121.55
1866,04/17/14,4080.3,4095.52
1867,04/16/14,4066.82,4086.23
1868,04/15/14,4032.63,4034.16
1869,04/14/14,4038.06,4022.69
1870,04/11/14,4015.07,3999.73
1871,04/10/14,4181.21,4054.11
1872,04/09/14,4129.63,4183.9
1873,04/08/14,4085.18,4112.99
1874,04/07/14,4110.92,4079.75
1875,04/04/14,4263.94,4127.73
1876,04/03/14,4282.18,4237.74
1877,04/02/14,4281.61,4276.46
1878,04/01/14,4219.87,4268.04
1879,03/31/14,4185.63,4198.99
1880,03/28/14,4163.18,4155.76
1881,03/27/14,4169.35,4151.23
1882,03/26/14,4254.98,4173.58
1883,03/25/14,4252.65,4234.27
1884,03/24/14,4289.49,4226.39
1885,03/21/14,4339.9,4276.79
1886,03/20/14,4297.99,4319.29
1887,03/19/14,4331.46,4307.6
1888,03/18/14,4286.22,4333.31
1889,03/17/14,4274.22,4279.95
1890,03/14/14,4250.45,4245.4
1891,03/13/14,4338.26,4260.42
1892,03/12/14,4288.6,4323.33
1893,03/11/14,4342.93,4307.19
1894,03/10/14,4332.62,4334.45
1895,03/07/14,4370.98,4336.22
1896,03/06/14,4368.81,4352.13
1897,03/05/14,4352.76,4357.97
1898,03/04/14,4327.85,4351.97
1899,03/03/14,4261.42,4277.3
1900,02/28/14,4323.52,4308.12
1901,02/27/14,4291.47,4318.93
1902,02/26/14,4300.45,4292.06
1903,02/25/14,4298.48,4287.59
1904,02/24/14,4273.32,4292.97
1905,02/21/14,4282.17,4263.41
1906,02/20/14,4241.46,4267.55
1907,02/19/14,4260.74,4237.95
1908,02/18/14,4253.71,4272.78
1909,02/14/14,4237.0,4244.03
1910,02/13/14,4171.58,4240.67
1911,02/12/14,4196.85,4201.29
1912,02/11/14,4154.65,4191.04
1913,02/10/14,4125.12,4148.17
1914,02/07/14,4081.82,4125.86
1915,02/06/14,4022.66,4057.12
1916,02/05/14,4015.5,4011.55
1917,02/04/14,4019.44,4031.52
1918,02/03/14,4105.06,3996.96
1919,01/31/14,4068.63,4103.88
1920,01/30/14,4098.81,4123.13
1921,01/29/14,4060.61,4051.43
1922,01/28/14,4067.86,4097.96
1923,01/27/14,4132.22,4083.61
1924,01/24/14,4194.97,4128.17
1925,01/23/14,4224.36,4218.87
1926,01/22/14,4234.58,4243.0
1927,01/21/14,4222.98,4225.76
1928,01/17/14,4207.82,4197.58
1929,01/16/14,4209.59,4218.69
1930,01/15/14,4196.53,4214.88
1931,01/14/14,4129.6,4183.02
1932,01/13/14,4167.41,4113.3
1933,01/10/14,4168.94,4174.66
1934,01/09/14,4179.04,4156.19
1935,01/08/14,4154.28,4165.61
1936,01/07/14,4128.57,4153.18
1937,01/06/14,4137.03,4113.68
1938,01/03/14,4148.56,4131.91
1939,01/02/14,4160.03,4143.07
