,date,snp_open,snp_close
0,09/15/2021,4472.0,4472.0
1,09/14/2021,4396.4,4396.4
2,09/13/2021,4423.3,4423.3
3,09/10/2021,4412.0,4412.0
4,09/09/2021,4492.3,4492.3
5,09/08/2021,4514.9,4512.6
6,09/07/2021,4538.6,4519.3
7,09/03/2021,4534.4,4534.4
8,09/02/2021,4517.8,4535.2
9,09/01/2021,4530.3,4521.3
10,08/31/2021,4524.7,4520.5
11,08/30/2021,4513.1,4525.2
12,08/27/2021,4483.2,4483.2
13,08/26/2021,4483.2,4483.2
14,08/25/2021,4483.2,4483.2
15,08/24/2021,4483.2,4483.2
16,08/23/2021,4505.6,4505.6
17,08/20/2021,4396.4,4436.9
18,08/19/2021,4401.4,4401.4
19,08/18/2021,4394.5,4394.5
20,08/17/2021,4443.6,4443.6
21,08/16/2021,4474.0,4474.0
22,08/13/2021,4454.6,4454.6
23,08/12/2021,4454.6,4454.6
24,08/11/2021,4433.8,4462.5
25,08/10/2021,4429.9,4429.9
26,08/09/2021,4422.9,4425.7
27,08/06/2021,4429.4,4429.4
28,08/05/2021,4405.8,4421.6
29,08/04/2021,4406.7,4394.7
30,08/03/2021,4396.0,4415.1
31,08/02/2021,4410.7,4379.7
32,07/30/2021,4386.1,4389.5
33,07/29/2021,4399.6,4411.8
34,07/28/2021,4396.2,4393.8
35,07/27/2021,4394.6,4394.6
36,07/26/2021,4388.8,4414.3
37,07/23/2021,4359.5,4359.5
38,07/22/2021,4359.5,4359.5
39,07/21/2021,4324.6,4403.1
40,07/20/2021,4269.3,4315.6
41,07/19/2021,4352.0,4352.0
42,07/16/2021,4352.0,4352.0
43,07/15/2021,4352.0,4352.0
44,07/14/2021,4368.6,4251.2
45,07/13/2021,4331.9,4331.9
46,07/11/2021,4331.9,4331.9
47,07/09/2021,4328.7,4361.2
48,07/08/2021,4326.2,4312.9
49,07/07/2021,4349.7,4349.7
50,07/06/2021,4342.8,4342.8
51,07/02/2021,4342.8,4342.8
52,07/01/2021,4294.7,4333.9
53,06/30/2021,4282.0,4282.0
54,06/29/2021,4282.0,4282.0
55,06/28/2021,4270.2,4288.6
56,06/25/2021,4211.0,4211.0
57,06/24/2021,4211.0,4211.0
58,06/23/2021,4211.0,4211.0
59,06/22/2021,4211.0,4211.0
60,06/20/2021,4211.0,4211.0
61,06/18/2021,4271.3,4271.3
62,06/17/2021,4163.9,4163.9
63,06/16/2021,4165.5,4165.5
64,06/15/2021,4185.7,4185.7
65,06/14/2021,4194.5,4194.5
66,06/11/2021,4186.6,4186.6
67,06/10/2021,4221.4,4238.1
68,06/09/2021,4218.6,4218.6
69,06/08/2021,4233.0,4225.8
70,06/07/2021,4230.1,4225.5
71,06/04/2021,4208.2,4228.3
72,06/03/2021,4191.3,4191.3
73,06/02/2021,4196.8,4206.2
74,06/01/2021,4219.7,4198.6
75,05/28/2021,4210.0,4202.4
76,05/27/2021,4169.1,4169.1
77,05/26/2021,4169.1,4169.1
78,05/25/2021,4169.1,4169.1
79,05/23/2021,4169.1,4169.1
80,05/21/2021,4172.6,4199.0
81,05/20/2021,4108.4,4154.2
82,05/19/2021,4118.7,4111.6
83,05/18/2021,4129.6,4129.6
84,05/16/2021,4129.6,4129.6
85,05/14/2021,4129.7,4123.1
86,05/13/2021,4107.1,4107.1
87,05/12/2021,4116.5,4058.7
88,05/11/2021,4166.4,4146.2
89,05/10/2021,4232.8,4183.4
90,05/07/2021,4225.2,4225.2
91,05/06/2021,4155.6,4194.2
92,05/05/2021,4157.7,4159.9
93,05/04/2021,4180.8,4158.3
94,05/03/2021,4185.8,4185.8
95,04/30/2021,4179.1,4174.4
96,04/29/2021,4199.3,4203.4
97,04/28/2021,4184.2,4176.3
98,04/27/2021,4180.1,4178.9
99,04/25/2021,4136.3,4136.3
100,04/23/2021,4128.3,4171.5
101,04/22/2021,4165.8,4179.4
102,04/21/2021,4125.4,4164.8
103,04/20/2021,4126.6,4126.6
104,04/19/2021,4167.8,4155.5
105,04/16/2021,4176.3,4176.3
106,04/15/2021,4121.8,4162.4
107,04/14/2021,4133.1,4117.9
108,04/13/2021,4089.0,4089.0
109,04/12/2021,4089.0,4089.0
110,04/09/2021,4089.0,4089.0
111,04/08/2021,4089.0,4089.0
112,04/07/2021,4058.3,4132.8
113,04/06/2021,4009.9,4009.9
114,04/05/2021,4009.9,4009.9
115,04/01/2021,4009.9,4009.9
116,03/31/2021,3947.3,4064.0
117,03/30/2021,3949.3,3947.7
118,03/29/2021,3943.6,3958.9
119,03/26/2021,3964.8,3964.8
120,03/25/2021,3900.5,3900.5
121,03/24/2021,3907.5,3907.5
122,03/23/2021,3907.5,3907.5
123,03/21/2021,3907.5,3907.5
124,03/19/2021,3909.2,3880.8
125,03/18/2021,3906.0,3906.0
126,03/17/2021,3884.0,3884.0
127,03/16/2021,3873.3,3873.3
128,03/15/2021,3879.5,3879.5
129,03/12/2021,3853.0,3853.0
130,03/11/2021,3873.3,3873.3
131,03/10/2021,3873.3,3873.3
132,03/09/2021,3873.3,3873.3
133,03/08/2021,3813.8,3936.7
134,03/05/2021,3798.8,3798.8
135,03/04/2021,3798.8,3798.8
136,03/03/2021,3839.0,3839.0
137,03/02/2021,3895.9,3867.6
138,03/01/2021,3846.7,3898.8
139,02/26/2021,3839.9,3809.2
140,02/25/2021,3828.0,3828.0
141,02/24/2021,3884.4,3922.6
142,02/23/2021,3918.8,3918.8
143,02/21/2021,3918.8,3918.8
144,02/19/2021,3918.6,3877.9
145,02/18/2021,3928.0,3928.0
146,02/17/2021,3928.0,3928.0
147,02/16/2021,3950.3,3909.5
148,02/12/2021,3931.1,3931.1
149,02/11/2021,3931.1,3931.1
150,02/10/2021,3931.1,3931.1
151,02/09/2021,3931.1,3931.1
152,02/08/2021,3931.1,3931.1
153,02/05/2021,3882.6,3931.1
154,02/04/2021,3864.6,3864.6
155,02/03/2021,3828.8,3823.6
156,02/02/2021,3765.0,3765.0
157,01/31/2021,3765.0,3765.0
158,01/29/2021,3748.0,3818.3
159,01/28/2021,3737.2,3779.3
160,01/27/2021,3744.2,3744.2
161,01/26/2021,3842.6,3842.6
162,01/25/2021,3847.3,3848.4
163,01/22/2021,3840.3,3834.2
164,01/21/2021,3846.0,3846.0
165,01/20/2021,3798.9,3845.0
166,01/19/2021,3811.8,3811.8
167,01/15/2021,3811.8,3811.8
168,01/14/2021,3811.8,3811.8
169,01/13/2021,3790.6,3790.6
170,01/12/2021,3794.5,3794.5
171,01/10/2021,3807.3,3807.3
172,01/08/2021,3807.3,3792.0
173,01/07/2021,3681.5,3681.5
174,01/06/2021,3681.5,3681.5
175,01/05/2021,3681.5,3681.5
176,01/04/2021,3681.5,3681.5
177,12/31/2020,3681.5,3681.5
178,12/30/2020,3681.5,3681.5
179,12/29/2020,3681.5,3681.5
180,12/28/2020,3681.5,3681.5
181,12/24/2020,3681.5,3681.5
182,12/23/2020,3681.5,3681.5
183,12/22/2020,3694.7,3795.6
184,12/21/2020,3637.2,3685.8
185,12/18/2020,3708.8,3706.2
186,12/17/2020,3712.8,3712.8
187,12/16/2020,3605.1,3605.1
188,12/15/2020,3598.6,3598.6
189,12/14/2020,3554.3,3554.3
190,12/11/2020,3567.5,3567.5
191,12/10/2020,3572.7,3572.7
192,12/09/2020,3706.8,3672.4
193,12/08/2020,3702.0,3702.0
194,12/07/2020,3690.8,3690.8
195,12/04/2020,3697.9,3697.9
196,12/03/2020,3668.4,3664.6
197,12/02/2020,3660.5,3660.5
198,12/01/2020,3660.5,3660.5
199,11/30/2020,3644.4,3667.3
200,11/27/2020,3632.0,3636.5
201,11/25/2020,3640.3,3627.3
202,11/24/2020,3632.7,3632.7
203,11/23/2020,3577.3,3576.0
204,11/20/2020,3554.2,3554.2
205,11/19/2020,3550.4,3580.1
206,11/18/2020,3564.9,3564.9
207,11/17/2020,3611.2,3606.8
208,11/16/2020,3618.8,3623.0
209,11/13/2020,3581.9,3581.9
210,11/12/2020,3556.7,3532.5
211,11/11/2020,3567.2,3568.1
212,11/10/2020,3539.4,3541.0
213,11/09/2020,3629.3,3544.0
214,11/06/2020,3466.7,3500.7
215,11/05/2020,3491.2,3504.8
216,11/04/2020,3344.9,3434.9
217,11/03/2020,3337.0,3361.6
218,11/02/2020,3303.9,3300.5
219,10/30/2020,3252.7,3264.7
220,10/29/2020,3286.3,3302.3
221,10/28/2020,3367.3,3263.5
222,10/27/2020,3396.8,3383.1
223,10/26/2020,3417.3,3393.5
224,10/23/2020,3428.3,3428.3
225,10/22/2020,3428.3,3428.3
226,10/21/2020,3428.3,3451.8
227,10/20/2020,3483.0,3483.0
228,10/18/2020,3483.0,3483.0
229,10/16/2020,3483.0,3432.2
230,10/15/2020,3445.3,3475.4
231,10/14/2020,3500.7,3480.9
232,10/13/2020,3511.8,3504.8
233,10/12/2020,3484.3,3532.8
234,10/09/2020,3450.3,3473.3
235,10/08/2020,3426.7,3424.8
236,10/07/2020,3363.8,3406.8
237,10/06/2020,3353.2,3353.2
238,10/05/2020,3392.9,3392.9
239,10/02/2020,3361.2,3339.2
240,10/01/2020,3367.7,3367.7
241,09/30/2020,3316.3,3352.0
242,09/29/2020,3297.9,3297.9
243,09/28/2020,3297.9,3297.9
244,09/25/2020,3238.8,3287.3
245,09/24/2020,3228.4,3238.0
246,09/23/2020,3295.3,3231.2
247,09/22/2020,3299.3,3299.3
248,09/21/2020,3310.8,3275.1
249,09/18/2020,3346.7,3316.2
250,09/17/2020,3347.1,3351.0
251,09/16/2020,3394.2,3379.4
252,09/15/2020,3382.0,3395.0
253,09/13/2020,3347.3,3347.3
254,09/11/2020,3372.2,3372.2
255,09/10/2020,3387.0,3340.6
256,09/09/2020,3345.7,3400.3
257,09/08/2020,3401.0,3335.5
258,09/04/2020,3446.7,3417.6
259,09/03/2020,3567.1,3461.5
260,09/02/2020,3539.4,3579.2
261,09/01/2020,3504.6,3526.9
262,08/31/2020,3498.9,3498.9
263,08/28/2020,3504.4,3504.4
264,08/27/2020,3485.3,3485.3
265,08/26/2020,3444.7,3480.3
266,08/25/2020,3442.9,3442.9
267,08/24/2020,3420.4,3427.5
268,08/21/2020,3372.7,3372.7
269,08/20/2020,3372.7,3372.7
270,08/19/2020,3372.7,3372.7
271,08/18/2020,3386.3,3392.6
272,08/16/2020,3372.7,3372.7
273,08/14/2020,3372.7,3379.8
274,08/13/2020,3370.1,3370.1
275,08/12/2020,3370.1,3370.1
276,08/11/2020,3375.6,3367.7
277,08/10/2020,3346.2,3352.7
278,08/07/2020,3341.3,3344.8
279,08/06/2020,3344.3,3344.3
280,08/05/2020,3315.0,3316.0
281,08/04/2020,3288.9,3299.9
282,08/03/2020,3288.4,3288.4
283,07/31/2020,3258.7,3263.5
284,07/30/2020,3244.6,3248.8
285,07/29/2020,3217.6,3252.4
286,07/28/2020,3213.0,3213.0
287,07/27/2020,3217.1,3232.2
288,07/24/2020,3203.9,3203.9
289,07/23/2020,3266.7,3227.6
290,07/22/2020,3265.6,3265.6
291,07/21/2020,3270.0,3251.3
292,07/20/2020,3213.9,3213.9
293,07/17/2020,3213.9,3213.9
294,07/16/2020,3222.2,3245.2
295,07/15/2020,3206.1,3227.2
296,07/14/2020,3183.6,3183.6
297,07/13/2020,3183.7,3148.2
298,07/10/2020,3127.3,3178.4
299,07/09/2020,3141.1,3141.1
300,07/08/2020,3146.3,3163.4
301,07/07/2020,3146.8,3136.4
302,07/05/2020,3143.0,3143.0
303,07/02/2020,3099.7,3171.9
304,07/01/2020,3079.2,3079.4
305,06/30/2020,3090.2,3090.2
306,06/29/2020,3019.6,3047.7
307,06/26/2020,3006.9,3006.9
308,06/25/2020,3031.7,3040.7
309,06/24/2020,3126.8,3049.0
310,06/23/2020,3134.2,3118.5
311,06/22/2020,3079.0,3110.7
312,06/19/2020,3111.3,3059.4
313,06/18/2020,3097.9,3097.9
314,06/17/2020,3135.8,3107.1
315,06/16/2020,3040.9,3040.9
316,06/15/2020,2988.0,2988.0
317,06/12/2020,2953.3,2953.3
318,06/11/2020,3184.7,3010.3
319,06/10/2020,3211.2,3186.0
320,06/09/2020,3224.7,3205.4
321,06/08/2020,3196.2,3227.5
322,06/05/2020,3114.4,3186.8
323,06/04/2020,3113.9,3110.5
324,06/03/2020,3076.8,3117.7
325,06/02/2020,3051.3,3076.9
326,06/01/2020,3033.5,3054.0
327,05/29/2020,3035.3,3042.0
328,05/28/2020,3035.4,3038.1
329,05/27/2020,2992.9,3035.4
330,05/26/2020,2985.4,2994.4
331,05/22/2020,2941.8,2952.9
332,05/21/2020,2971.5,2936.9
333,05/20/2020,2910.8,2968.5
334,05/19/2020,2945.3,2918.8
335,05/18/2020,2854.9,2947.9
336,05/15/2020,2847.2,2846.4
337,05/14/2020,2821.9,2846.9
338,05/13/2020,2837.9,2813.1
339,05/12/2020,2920.1,2852.6
340,05/11/2020,2918.1,2922.8
341,05/08/2020,2898.4,2928.4
342,05/07/2020,2835.8,2880.0
343,05/06/2020,2862.7,2833.4
344,05/05/2020,2831.7,2858.3
345,05/04/2020,2786.6,2825.3
346,05/01/2020,2869.2,2821.7
347,04/30/2020,2954.4,2902.4
348,04/29/2020,2864.3,2941.0
349,04/28/2020,2865.4,2867.2
350,04/27/2020,2833.8,2868.9
351,04/24/2020,2777.1,2829.5
352,04/23/2020,2786.4,2780.8
353,04/22/2020,2737.0,2788.4
354,04/21/2020,2815.6,2732.1
355,04/20/2020,2855.7,2806.5
356,04/17/2020,2864.4,2870.1
357,04/16/2020,2770.9,2787.4
358,04/15/2020,2840.2,2775.1
359,04/14/2020,2762.2,2843.1
360,04/13/2020,2787.0,2759.2
361,04/09/2020,2733.3,2779.8
362,04/08/2020,2640.6,2734.9
363,04/07/2020,2642.3,2642.0
364,04/06/2020,2506.0,2644.6
365,04/03/2020,2509.4,2482.7
366,04/02/2020,2458.8,2516.4
367,04/01/2020,2556.7,2448.0
368,03/31/2020,2612.5,2569.7
369,03/30/2020,2467.4,2611.2
370,03/27/2020,2619.6,2524.1
371,03/26/2020,2467.0,2608.0
372,03/25/2020,2440.2,2467.0
373,03/24/2020,2246.9,2438.1
374,03/23/2020,2197.2,2220.4
375,03/20/2020,2348.0,2288.5
376,03/19/2020,2393.7,2389.1
377,03/18/2020,2479.0,2401.4
378,03/17/2020,2420.8,2485.5
379,03/16/2020,2603.8,2405.3
380,03/13/2020,2446.1,2683.9
381,03/12/2020,2746.6,2468.9
382,03/11/2020,2866.4,2740.3
383,03/10/2020,2717.4,2865.8
384,03/09/2020,2878.5,2747.7
385,03/06/2020,3021.4,2964.1
386,03/05/2020,3090.0,3015.5
387,03/04/2020,2989.9,3114.7
388,03/03/2020,3079.3,2997.1
389,03/02/2020,2905.1,3065.1
390,02/28/2020,2952.6,2951.1
391,02/27/2020,3075.4,2956.9
392,02/26/2020,3098.3,3110.2
393,02/25/2020,3221.3,3132.6
394,02/24/2020,3305.8,3226.3
395,02/21/2020,3357.6,3339.3
396,02/20/2020,3394.9,3369.2
397,02/19/2020,3378.4,3387.2
398,02/18/2020,3375.1,3369.3
399,02/14/2020,3378.2,3380.9
400,02/13/2020,3382.0,3377.4
401,02/12/2020,3360.9,3380.5
402,02/11/2020,3352.0,3357.6
403,02/10/2020,3321.1,3353.0
404,02/07/2020,3340.9,3325.5
405,02/06/2020,3343.4,3345.2
406,02/05/2020,3292.5,3335.0
407,02/04/2020,3239.1,3299.5
408,02/03/2020,3231.6,3245.6
409,01/31/2020,3288.8,3224.0
410,01/30/2020,3268.5,3289.7
411,01/29/2020,3274.8,3272.4
412,01/28/2020,3245.0,3278.3
413,01/27/2020,3260.0,3239.6
414,01/24/2020,3335.3,3293.5
415,01/23/2020,3317.2,3326.0
416,01/22/2020,3332.4,3319.8
417,01/21/2020,3313.0,3319.5
418,01/17/2020,3323.0,3324.9
419,01/16/2020,3299.1,3316.4
420,01/15/2020,3280.2,3293.8
421,01/14/2020,3279.0,3287.9
422,01/13/2020,3273.8,3289.7
423,01/10/2020,3282.2,3264.7
424,01/09/2020,3263.9,3275.9
425,01/08/2020,3221.7,3260.2
426,01/07/2020,3249.7,3235.3
427,01/06/2020,3217.5,3243.6
428,01/03/2020,3249.0,3235.4
429,01/02/2020,3243.3,3259.0
430,12/31/2019,3224.4,3231.1
431,12/30/2019,3241.9,3223.4
432,12/27/2019,3249.2,3237.6
433,12/26/2019,3244.4,3244.4
434,12/24/2019,3229.8,3225.7
435,12/23/2019,3227.7,3227.2
436,12/20/2019,3211.5,3225.7
437,12/19/2019,3198.6,3211.7
438,12/18/2019,3196.9,3199.3
439,12/17/2019,3198.2,3195.4
440,12/16/2019,3183.7,3198.4
441,12/13/2019,3181.1,3175.2
442,12/12/2019,3146.7,3167.9
443,12/11/2019,3133.8,3143.1
444,12/10/2019,3122.8,3136.0
445,12/09/2019,3143.8,3134.5
446,12/06/2019,3125.0,3146.1
447,12/05/2019,3116.1,3117.7
448,12/04/2019,3084.0,3111.1
449,12/03/2019,3115.3,3091.1
450,12/02/2019,3146.3,3114.2
451,11/29/2019,3146.4,3143.7
452,11/27/2019,3144.9,3153.8
453,11/26/2019,3144.1,3143.7
454,11/25/2019,3116.0,3132.7
455,11/22/2019,3114.0,3111.6
456,11/21/2019,3100.2,3103.9
457,11/20/2019,3112.0,3109.0
458,11/19/2019,3117.5,3118.5
459,11/18/2019,3125.1,3121.8
460,11/15/2019,3097.8,3118.3
461,11/14/2019,3098.0,3096.9
462,11/13/2019,3087.5,3095.6
463,11/12/2019,3092.0,3091.9
464,11/11/2019,3091.4,3087.4
465,11/08/2019,3089.9,3090.6
466,11/07/2019,3076.5,3085.9
467,11/06/2019,3070.7,3075.6
468,11/05/2019,3078.9,3071.9
469,11/04/2019,3072.1,3075.7
470,11/01/2019,3042.5,3063.2
471,10/31/2019,3049.2,3035.8
472,10/30/2019,3034.3,3047.8
473,10/29/2019,3037.2,3035.7
474,10/28/2019,3023.8,3036.3
475,10/25/2019,3004.9,3020.3
476,10/24/2019,3012.0,3004.2
477,10/23/2019,2985.0,3005.7
478,10/22/2019,3008.7,2994.5
479,10/21/2019,2985.0,3006.5
480,10/18/2019,2996.5,2988.2
481,10/17/2019,2992.9,2997.9
482,10/16/2019,2996.2,2991.4
483,10/15/2019,2969.8,2997.7
484,10/14/2019,2975.3,2965.5
485,10/11/2019,2948.0,2970.8
486,10/10/2019,2914.7,2941.1
487,10/09/2019,2893.5,2918.9
488,10/08/2019,2946.2,2892.6
489,10/07/2019,2929.0,2937.5
490,10/04/2019,2907.7,2951.0
491,10/03/2019,2888.0,2911.8
492,10/02/2019,2942.0,2880.6
493,10/01/2019,2991.0,2937.8
494,09/30/2019,2974.0,2978.5
495,09/27/2019,2973.3,2963.8
496,09/26/2019,2983.0,2980.5
497,09/25/2019,2971.3,2986.3
498,09/24/2019,3007.4,2970.2
499,09/23/2019,3003.0,2997.1
500,09/20/2019,3010.5,2989.5
501,09/19/2019,3008.3,3007.9
502,09/18/2019,3004.2,3008.6
503,09/17/2019,3005.5,3007.9
504,09/16/2019,2994.4,3001.5
505,09/13/2019,3019.7,3008.6
506,09/12/2019,3002.4,3011.8
507,09/11/2019,2985.7,3002.0
508,09/10/2019,2972.8,2978.5
509,09/09/2019,2984.7,2978.2
510,09/06/2019,2979.0,2980.8
511,09/05/2019,2938.0,2972.0
512,09/04/2019,2902.8,2938.5
513,09/03/2019,2898.5,2905.9
514,08/30/2019,2922.4,2942.0
515,08/29/2019,2884.2,2926.7
516,08/28/2019,2872.6,2889.8
517,08/27/2019,2882.0,2865.4
518,08/26/2019,2820.7,2883.3
519,08/23/2019,2923.5,2855.6
520,08/22/2019,2933.3,2922.3
521,08/21/2019,2897.7,2929.2
522,08/20/2019,2921.8,2898.2
523,08/19/2019,2904.2,2923.7
524,08/16/2019,2851.3,2891.5
525,08/15/2019,2836.6,2848.6
526,08/14/2019,2930.0,2840.7
527,08/13/2019,2882.1,2932.0
528,08/12/2019,2922.8,2880.3
529,08/09/2019,2930.2,2919.7
530,08/08/2019,2883.7,2940.1
531,08/07/2019,2875.3,2880.6
532,08/06/2019,2812.1,2876.0
533,08/05/2019,2927.8,2830.1
534,08/02/2019,2951.2,2932.4
535,08/01/2019,2970.8,2951.9
536,07/31/2019,3015.1,2982.3
537,07/30/2019,3026.0,3012.3
538,07/29/2019,3025.1,3021.8
539,07/26/2019,3008.0,3024.5
540,07/25/2019,3023.2,3006.5
541,07/24/2019,3006.5,3021.6
542,07/23/2019,2992.5,3008.0
543,07/22/2019,2974.6,2989.0
544,07/19/2019,3008.0,2976.9
545,07/18/2019,2983.8,2997.6
546,07/17/2019,3008.8,2985.0
547,07/16/2019,3016.9,3007.0
548,07/15/2019,3012.9,3017.3
549,07/12/2019,3006.0,3015.4
550,07/11/2019,2996.0,3003.9
551,07/10/2019,2984.0,2997.4
552,07/09/2019,2967.8,2982.1
553,07/08/2019,2993.9,2978.6
554,07/05/2019,3004.0,2990.4
555,07/03/2019,3004.0,3000.3
556,07/02/2019,2963.5,2979.6
557,07/01/2019,2957.2,2967.7
558,06/28/2019,2937.0,2944.2
559,06/27/2019,2916.0,2930.9
560,06/26/2019,2925.1,2917.9
561,06/25/2019,2952.0,2922.1
562,06/24/2019,2952.0,2952.1
563,06/21/2019,2957.2,2950.6
564,06/20/2019,2931.7,2960.0
565,06/19/2019,2924.9,2933.4
566,06/18/2019,2891.0,2926.2
567,06/17/2019,2897.6,2896.3
568,06/14/2019,2896.7,2894.8
569,06/13/2019,2883.7,2894.4
570,06/12/2019,2885.7,2881.0
571,06/11/2019,2891.3,2886.9
572,06/10/2019,2887.0,2889.2
573,06/07/2019,2839.5,2874.9
574,06/06/2019,2818.7,2845.7
575,06/05/2019,2812.3,2827.7
576,06/04/2019,2754.9,2804.9
577,06/03/2019,2749.0,2749.6
578,05/31/2019,2786.4,2752.6
579,05/30/2019,2781.5,2790.4
580,05/29/2019,2802.3,2780.1
581,05/28/2019,2831.2,2805.1
582,05/24/2019,2834.0,2831.8
583,05/23/2019,2854.0,2819.4
584,05/22/2019,2864.8,2857.4
585,05/21/2019,2849.4,2866.1
586,05/20/2019,2865.5,2843.9
587,05/17/2019,2879.7,2862.0
588,05/16/2019,2853.0,2878.6
589,05/15/2019,2841.5,2855.0
590,05/14/2019,2803.5,2839.2
591,05/13/2019,2873.9,2807.1
592,05/10/2019,2871.0,2886.9
593,05/09/2019,2882.2,2872.7
594,05/08/2019,2890.1,2887.2
595,05/07/2019,2912.5,2890.8
596,05/06/2019,2927.8,2932.4
597,05/03/2019,2922.0,2947.6
598,05/02/2019,2919.0,2917.6
599,05/01/2019,2953.8,2923.1
600,04/30/2019,2941.1,2948.5
601,04/29/2019,2943.0,2942.9
602,04/26/2019,2925.4,2941.5
603,04/25/2019,2930.5,2926.3
604,04/24/2019,2937.7,2930.8
605,04/23/2019,2909.0,2938.1
606,04/22/2019,2913.9,2912.6
607,04/18/2019,2895.6,2909.9
608,04/17/2019,2910.7,2900.4
609,04/16/2019,2914.0,2911.4
610,04/15/2019,2911.0,2909.5
611,04/12/2019,2892.1,2912.5
612,04/11/2019,2897.5,2891.8
613,04/10/2019,2883.0,2894.5
614,04/09/2019,2894.7,2882.6
615,04/08/2019,2896.3,2898.3
616,04/05/2019,2884.0,2896.0
617,04/04/2019,2881.0,2882.7
618,04/03/2019,2869.0,2879.8
619,04/02/2019,2865.8,2867.1
620,04/01/2019,2841.1,2870.5
621,03/29/2019,2822.2,2837.8
622,03/28/2019,2807.5,2821.0
623,03/27/2019,2821.8,2810.5
624,03/26/2019,2807.0,2823.0
625,03/25/2019,2817.2,2807.0
626,03/22/2019,2862.0,2810.7
627,03/21/2019,2828.0,2862.6
628,03/20/2019,2838.0,2827.0
629,03/19/2019,2842.7,2836.5
630,03/18/2019,2826.5,2840.6
631,03/15/2019,2815.0,2829.8
632,03/14/2019,2821.8,2812.3
633,03/13/2019,2792.4,2819.6
634,03/12/2019,2790.4,2797.2
635,03/11/2019,2750.1,2789.0
636,03/08/2019,2756.1,2751.9
637,03/07/2019,2767.0,2750.0
638,03/06/2019,2787.0,2771.4
639,03/05/2019,2790.3,2791.5
640,03/04/2019,2810.0,2791.6
641,03/01/2019,2785.3,2805.0
642,02/28/2019,2787.1,2784.7
643,02/27/2019,2790.8,2795.1
644,02/26/2019,2794.0,2791.5
645,02/25/2019,2801.8,2797.1
646,02/22/2019,2779.3,2791.2
647,02/21/2019,2785.4,2774.2
648,02/20/2019,2777.0,2787.0
649,02/19/2019,2779.8,2778.7
650,02/15/2019,2779.8,2777.1
651,02/14/2019,2754.0,2743.4
652,02/13/2019,2749.0,2749.6
653,02/12/2019,2718.2,2744.8
654,02/11/2019,2709.5,2708.3
655,02/08/2019,2699.3,2706.3
656,02/07/2019,2726.1,2704.1
657,02/06/2019,2732.1,2729.4
658,02/05/2019,2719.7,2731.1
659,02/04/2019,2706.9,2721.2
660,02/01/2019,2707.4,2704.2
661,01/31/2019,2683.7,2704.5
662,01/30/2019,2646.6,2682.5
663,01/29/2019,2636.1,2640.3
664,01/28/2019,2659.5,2641.9
665,01/25/2019,2635.5,2663.5
666,01/24/2019,2637.9,2634.0
667,01/23/2019,2631.5,2638.3
668,01/22/2019,2671.4,2631.9
669,01/18/2019,2671.4,2671.6
670,01/17/2019,2608.0,2635.2
671,01/16/2019,2605.6,2613.2
672,01/15/2019,2581.6,2605.4
673,01/14/2019,2589.9,2580.5
674,01/11/2019,2592.5,2595.1
675,01/10/2019,2580.9,2594.1
676,01/09/2019,2570.8,2582.6
677,01/08/2019,2550.7,2572.4
678,01/07/2019,2536.7,2550.6
679,01/04/2019,2453.4,2531.3
680,01/03/2019,2480.9,2447.7
681,01/02/2019,2511.4,2511.0
682,12/31/2018,2502.3,2505.2
683,12/28/2018,2489.3,2486.0
684,12/27/2018,2469.0,2494.9
685,12/26/2018,2348.8,2470.9
686,12/24/2018,2405.8,2341.7
687,12/21/2018,2484.0,2413.5
688,12/20/2018,2501.0,2486.2
689,12/19/2018,2536.1,2504.4
690,12/18/2018,2557.9,2537.9
691,12/17/2018,2599.5,2555.7
692,12/14/2018,2648.0,2605.4
693,12/13/2018,2658.2,2645.6
694,12/12/2018,2633.9,2652.4
695,12/11/2018,2638.6,2641.2
696,12/10/2018,2617.5,2643.1
697,12/07/2018,2694.2,2636.0
698,12/06/2018,2713.0,2691.1
699,12/04/2018,2699.5,2701.7
700,12/03/2018,2787.0,2790.7
701,11/30/2018,2737.6,2758.3
702,11/29/2018,2738.7,2744.2
703,11/28/2018,2686.6,2741.5
704,11/27/2018,2659.7,2683.5
705,11/26/2018,2632.0,2669.9
706,11/23/2018,2651.2,2629.5
707,11/21/2018,2651.2,2649.0
708,11/20/2018,2696.2,2639.9
709,11/19/2018,2730.2,2696.3
710,11/16/2018,2728.3,2742.9
711,11/15/2018,2700.5,2734.5
712,11/14/2018,2731.6,2698.6
713,11/13/2018,2734.3,2727.6
714,11/12/2018,2775.4,2727.8
715,11/09/2018,2804.3,2778.9
716,11/08/2018,2815.3,2808.7
717,11/07/2018,2754.5,2816.4
718,11/06/2018,2740.5,2759.0
719,11/05/2018,2722.8,2739.6
720,11/02/2018,2728.8,2724.3
721,11/01/2018,2707.5,2738.1
722,10/31/2018,2688.7,2711.1
723,10/30/2018,2639.6,2685.3
724,10/29/2018,2667.4,2643.6
725,10/26/2018,2675.0,2669.6
726,10/25/2018,2668.3,2688.2
727,10/24/2018,2742.1,2664.3
728,10/23/2018,2753.0,2746.2
729,10/22/2018,2760.8,2756.5
730,10/19/2018,2773.4,2767.5
731,10/18/2018,2810.0,2772.2
732,10/17/2018,2817.2,2816.2
733,10/16/2018,2747.1,2817.8
734,10/15/2018,2764.6,2749.1
735,10/12/2018,2751.6,2768.4
736,10/11/2018,2776.0,2745.4
737,10/10/2018,2888.5,2781.1
738,10/09/2018,2890.0,2888.2
739,10/08/2018,2896.5,2893.7
740,10/05/2018,2913.5,2894.1
741,10/04/2018,2925.3,2907.7
742,10/03/2018,2933.3,2931.6
743,10/02/2018,2929.8,2928.5
744,10/01/2018,2926.1,2930.1
745,09/28/2018,2922.5,2919.0
746,09/27/2018,2914.0,2919.9
747,09/26/2018,2926.2,2911.5
748,09/25/2018,2926.2,2921.3
749,09/24/2018,2927.0,2925.4
750,09/21/2018,2939.0,2933.7
751,09/20/2018,2915.0,2939.4
752,09/19/2018,2913.3,2915.1
753,09/18/2018,2890.2,2911.8
754,09/17/2018,2905.7,2896.0
755,09/14/2018,2910.7,2911.4
756,09/13/2018,2890.0,2905.3
757,09/12/2018,2890.0,2888.4
758,09/11/2018,2884.5,2889.8
759,09/10/2018,2878.4,2880.3
760,09/07/2018,2878.2,2874.7
761,09/06/2018,2888.5,2879.1
762,09/05/2018,2896.3,2888.3
763,09/04/2018,2906.8,2898.3
764,08/31/2018,2906.8,2902.1
765,08/30/2018,2916.0,2902.0
766,08/29/2018,2901.7,2914.7
767,08/28/2018,2901.0,2899.3
768,08/27/2018,2881.0,2898.4
769,08/24/2018,2857.8,2876.7
770,08/23/2018,2864.0,2858.0
771,08/22/2018,2853.4,2861.2
772,08/21/2018,2858.0,2861.7
773,08/20/2018,2851.7,2858.6
774,08/17/2018,2840.8,2852.2
775,08/16/2018,2818.0,2844.7
776,08/15/2018,2841.7,2821.2
777,08/14/2018,2828.6,2841.0
778,08/13/2018,2830.4,2825.5
779,08/10/2018,2847.0,2836.8
780,08/09/2018,2855.3,2853.8
781,08/08/2018,2860.8,2855.3
782,08/07/2018,2851.5,2859.7
783,08/06/2018,2842.2,2850.1
784,08/03/2018,2830.3,2839.5
785,08/02/2018,2813.8,2828.4
786,08/01/2018,2814.3,2810.8
787,07/31/2018,2803.7,2817.1
788,07/30/2018,2810.6,2803.2
789,07/27/2018,2844.8,2817.5
790,07/26/2018,2836.8,2842.5
791,07/25/2018,2816.0,2841.3
792,07/24/2018,2812.9,2821.0
793,07/23/2018,2799.8,2812.0
794,07/20/2018,2807.2,2800.8
795,07/19/2018,2815.7,2805.3
796,07/18/2018,2814.3,2816.0
797,07/17/2018,2796.8,2811.3
798,07/16/2018,2808.0,2796.5
799,07/13/2018,2801.0,2803.2
800,07/12/2018,2776.1,2798.5
801,07/11/2018,2782.9,2774.1
802,07/10/2018,2787.2,2796.7
803,07/09/2018,2763.6,2787.4
804,07/06/2018,2735.3,2762.9
805,07/05/2018,2711.7,2738.6
806,07/03/2018,2711.7,2713.3
807,07/02/2018,2723.7,2727.3
808,06/29/2018,2720.9,2721.6
809,06/28/2018,2704.8,2719.5
810,06/27/2018,2727.3,2704.9
811,06/26/2018,2723.9,2728.5
812,06/25/2018,2757.5,2722.3
813,06/22/2018,2750.2,2759.5
814,06/21/2018,2783.0,2752.5
815,06/20/2018,2767.3,2772.0
816,06/19/2018,2774.4,2766.2
817,06/18/2018,2781.0,2779.7
818,06/15/2018,2785.3,2784.4
819,06/14/2018,2780.7,2788.4
820,06/13/2018,2791.1,2779.0
821,06/12/2018,2788.7,2788.2
822,06/11/2018,2778.0,2786.8
823,06/08/2018,2774.8,2782.5
824,06/07/2018,2772.0,2772.2
825,06/06/2018,2751.9,2772.2
826,06/05/2018,2742.9,2751.6
827,06/04/2018,2732.2,2745.5
828,06/01/2018,2706.0,2733.8
829,05/31/2018,2720.2,2705.5
830,05/30/2018,2690.7,2724.6
831,05/29/2018,2726.9,2692.2
832,05/25/2018,2726.9,2718.3
833,05/24/2018,2728.7,2727.6
834,05/23/2018,2724.7,2730.7
835,05/22/2018,2731.6,2726.1
836,05/21/2018,2732.1,2733.1
837,05/18/2018,2715.9,2713.0
838,05/17/2018,2723.8,2718.7
839,05/16/2018,2708.9,2722.9
840,05/15/2018,2728.6,2709.0
841,05/14/2018,2733.5,2730.9
842,05/11/2018,2718.3,2729.4
843,05/10/2018,2700.0,2718.7
844,05/09/2018,2667.4,2696.0
845,05/08/2018,2667.3,2670.3
846,05/07/2018,2665.6,2670.0
847,05/04/2018,2633.4,2663.1
848,05/03/2018,2630.0,2631.8
849,05/02/2018,2645.1,2627.4
850,05/01/2018,2643.3,2652.2
851,04/30/2018,2675.5,2647.0
852,04/27/2018,2673.1,2671.4
853,04/26/2018,2651.8,2674.6
854,04/25/2018,2634.8,2644.5
855,04/24/2018,2671.9,2635.3
856,04/23/2018,2681.6,2671.3
857,04/20/2018,2693.0,2671.6
858,04/19/2018,2711.1,2693.1
859,04/18/2018,2705.2,2709.7
860,04/17/2018,2682.0,2706.6
861,04/16/2018,2673.6,2681.7
862,04/13/2018,2659.8,2657.3
863,04/12/2018,2645.5,2664.0
864,04/11/2018,2651.3,2641.1
865,04/10/2018,2617.2,2655.1
866,04/09/2018,2612.7,2619.1
867,04/06/2018,2657.6,2605.7
868,04/05/2018,2647.6,2661.8
869,04/04/2018,2608.5,2647.0
870,04/03/2018,2582.5,2613.2
871,04/02/2018,2636.9,2575.0
872,03/29/2018,2610.4,2643.0
873,03/28/2018,2610.7,2622.4
874,03/27/2018,2661.2,2615.7
875,03/26/2018,2599.3,2659.5
876,03/23/2018,2644.4,2597.8
877,03/22/2018,2718.3,2643.3
878,03/21/2018,2726.3,2718.3
879,03/20/2018,2724.1,2723.6
880,03/19/2018,2753.5,2722.8
881,03/16/2018,2757.9,2755.9
882,03/15/2018,2756.7,2755.6
883,03/14/2018,2764.7,2753.9
884,03/13/2018,2788.1,2772.8
885,03/12/2018,2796.3,2789.1
886,03/09/2018,2747.6,2788.8
887,03/08/2018,2721.8,2739.3
888,03/07/2018,2695.5,2723.3
889,03/06/2018,2720.5,2723.9
890,03/05/2018,2682.2,2718.4
891,03/02/2018,2682.2,2690.2
892,03/01/2018,2719.7,2678.2
893,02/28/2018,2750.1,2714.4
894,02/27/2018,2782.5,2747.5
895,02/26/2018,2751.5,2784.4
896,02/23/2018,2712.7,2748.8
897,02/22/2018,2697.4,2711.5
898,02/21/2018,2718.4,2698.7
899,02/20/2018,2739.2,2714.1
900,02/16/2018,2739.2,2735.0
901,02/15/2018,2693.5,2733.9
902,02/14/2018,2662.6,2696.9
903,02/13/2018,2655.2,2661.7
904,02/12/2018,2627.0,2655.2
905,02/09/2018,2595.3,2619.1
906,02/08/2018,2667.3,2593.4
907,02/07/2018,2688.6,2668.2
908,02/06/2018,2626.6,2694.3
909,02/05/2018,2758.0,2607.7
910,02/02/2018,2829.8,2756.7
911,02/01/2018,2832.2,2822.4
912,01/31/2018,2824.2,2825.8
913,01/30/2018,2854.2,2824.5
914,01/29/2018,2873.9,2853.6
915,01/26/2018,2842.4,2874.5
916,01/25/2018,2839.3,2841.2
917,01/24/2018,2837.8,2841.0
918,01/23/2018,2835.3,2839.6
919,01/22/2018,2804.3,2835.2
920,01/19/2018,2797.7,2811.0
921,01/18/2018,2803.7,2796.2
922,01/17/2018,2785.9,2803.7
923,01/16/2018,2792.0,2782.6
924,01/12/2018,2792.0,2788.7
925,01/11/2018,2752.0,2769.5
926,01/10/2018,2751.0,2750.6
927,01/09/2018,2747.0,2752.3
928,01/08/2018,2746.0,2746.8
929,01/05/2018,2726.0,2742.6
930,01/04/2018,2710.1,2723.8
931,01/03/2018,2693.0,2710.9
932,01/02/2018,2678.4,2692.9
933,12/29/2017,2689.1,2676.0
934,12/28/2017,2686.9,2685.7
935,12/27/2017,2688.2,2685.4
936,12/26/2017,2686.0,2687.1
937,12/22/2017,2689.5,2686.1
938,12/21/2017,2682.1,2687.8
939,12/20/2017,2691.0,2681.6
940,12/19/2017,2696.0,2684.1
941,12/18/2017,2687.5,2694.4
942,12/15/2017,2660.5,2682.0
943,12/14/2017,2669.2,2655.9
944,12/13/2017,2666.0,2669.1
945,12/12/2017,2665.0,2667.8
946,12/11/2017,2655.4,2664.5
947,12/08/2017,2645.3,2653.9
948,12/07/2017,2631.4,2639.5
949,12/06/2017,2629.1,2629.2
950,12/05/2017,2637.0,2628.3
951,12/04/2017,2659.6,2638.2
952,12/01/2017,2641.9,2643.9
953,11/30/2017,2625.0,2647.9
954,11/29/2017,2625.6,2625.1
955,11/28/2017,2601.0,2626.0
956,11/27/2017,2603.0,2601.8
957,11/24/2017,2594.5,2601.0
958,11/22/2017,2595.0,2594.6
959,11/21/2017,2582.8,2596.3
960,11/20/2017,2574.4,2582.1
961,11/17/2017,2582.2,2576.3
962,11/16/2017,2564.3,2585.0
963,11/15/2017,2572.0,2565.1
964,11/14/2017,2581.3,2577.9
965,11/13/2017,2581.4,2581.9
966,11/10/2017,2582.8,2579.6
967,11/09/2017,2590.9,2583.9
968,11/08/2017,2582.2,2590.9
969,11/07/2017,2588.2,2586.8
970,11/06/2017,2581.3,2588.7
971,11/03/2017,2577.0,2582.7
972,11/02/2017,2571.9,2576.7
973,11/01/2017,2573.1,2574.8
974,10/31/2017,2567.2,2572.7
975,10/30/2017,2575.0,2568.3
976,10/27/2017,2559.0,2578.4
977,10/26/2017,2558.7,2561.6
978,10/25/2017,2566.3,2558.5
979,10/24/2017,2563.5,2567.3
980,10/23/2017,2575.0,2563.4
981,10/20/2017,2560.7,2574.0
982,10/19/2017,2559.6,2560.5
983,10/18/2017,2557.6,2560.1
984,10/17/2017,2555.2,2556.9
985,10/16/2017,2556.0,2556.2
986,10/13/2017,2547.8,2552.8
987,10/12/2017,2552.1,2549.4
988,10/11/2017,2548.4,2553.0
989,10/10/2017,2543.3,2548.5
990,10/09/2017,2543.8,2543.8
991,10/06/2017,2548.6,2545.1
992,10/05/2017,2535.7,2549.9
993,10/04/2017,2531.5,2536.2
994,10/03/2017,2526.5,2532.8
995,10/02/2017,2520.6,2526.3
996,09/29/2017,2507.0,2516.1
997,09/28/2017,2502.8,2507.7
998,09/27/2017,2495.1,2504.5
999,09/26/2017,2496.1,2495.6
1000,09/25/2017,2502.9,2497.0
1001,09/22/2017,2500.4,2499.4
1002,09/21/2017,2505.0,2500.9
1003,09/20/2017,2502.3,2505.2
1004,09/19/2017,2502.3,2504.7
1005,09/18/2017,2498.2,2502.7
1006,09/15/2017,2490.8,2497.2
1007,09/14/2017,2492.2,2494.3
1008,09/13/2017,2494.9,2494.7
1009,09/12/2017,2485.7,2494.2
1010,09/11/2017,2471.0,2485.8
1011,09/08/2017,2465.0,2461.0
1012,09/07/2017,2461.0,2466.4
1013,09/06/2017,2459.3,2465.5
1014,09/05/2017,2463.0,2459.7
1015,09/01/2017,2463.0,2474.2
1016,08/31/2017,2458.0,2470.1
1017,08/30/2017,2446.5,2455.8
1018,08/29/2017,2429.3,2447.1
1019,08/28/2017,2442.8,2443.7
1020,08/25/2017,2442.1,2442.5
1021,08/24/2017,2439.3,2440.8
1022,08/23/2017,2453.1,2441.5
1023,08/22/2017,2429.4,2452.8
1024,08/21/2017,2431.2,2428.0
1025,08/18/2017,2425.9,2426.8
1026,08/17/2017,2465.6,2429.5
1027,08/16/2017,2464.8,2467.5
1028,08/15/2017,2463.1,2463.7
1029,08/14/2017,2447.0,2463.5
1030,08/11/2017,2436.1,2440.1
1031,08/10/2017,2473.7,2437.6
1032,08/09/2017,2468.6,2473.0
1033,08/08/2017,2476.1,2472.8
1034,08/07/2017,2476.1,2477.4
1035,08/04/2017,2470.7,2472.1
1036,08/03/2017,2472.3,2471.7
1037,08/02/2017,2474.1,2473.5
1038,08/01/2017,2468.0,2472.3
1039,07/31/2017,2474.0,2468.0
1040,07/28/2017,2462.6,2470.3
1041,07/27/2017,2477.4,2471.9
1042,07/26/2017,2473.0,2473.3
1043,07/25/2017,2468.2,2474.1
1044,07/24/2017,2466.0,2468.4
1045,07/21/2017,2471.3,2469.4
1046,07/20/2017,2470.0,2471.2
1047,07/19/2017,2459.1,2471.4
1048,07/18/2017,2458.5,2457.8
1049,07/17/2017,2457.1,2458.6
1050,07/14/2017,2446.0,2456.1
1051,07/13/2017,2444.2,2445.6
1052,07/12/2017,2422.9,2440.1
1053,07/11/2017,2424.0,2424.5
1054,07/10/2017,2426.0,2424.6
1055,07/07/2017,2410.5,2422.6
1056,07/06/2017,2428.0,2408.4
1057,07/05/2017,2427.0,2428.0
1058,07/03/2017,2427.0,2425.0
1059,06/30/2017,2421.1,2420.9
1060,06/29/2017,2443.9,2420.0
1061,06/28/2017,2419.0,2438.4
1062,06/27/2017,2437.1,2420.6
1063,06/26/2017,2435.5,2436.0
1064,06/23/2017,2432.0,2434.9
1065,06/22/2017,2430.0,2431.8
1066,06/21/2017,2436.0,2433.6
1067,06/20/2017,2449.0,2437.5
1068,06/19/2017,2433.5,2447.5
1069,06/16/2017,2432.4,2431.0
1070,06/15/2017,2432.1,2432.1
1071,06/14/2017,2437.1,2435.3
1072,06/13/2017,2429.2,2438.0
1073,06/12/2017,2427.9,2426.4
1074,06/09/2017,2424.4,2428.3
1075,06/08/2017,2431.4,2432.5
1076,06/07/2017,2431.9,2431.9
1077,06/06/2017,2433.0,2430.8
1078,06/05/2017,2434.0,2434.5
1079,06/02/2017,2429.6,2437.7
1080,06/01/2017,2413.1,2429.6
1081,05/31/2017,2411.0,2411.1
1082,05/30/2017,2415.9,2410.7
1083,05/26/2017,2412.9,2413.8
1084,05/25/2017,2404.0,2413.4
1085,05/24/2017,2396.0,2401.9
1086,05/23/2017,2390.8,2398.0
1087,05/22/2017,2382.1,2392.7
1088,05/19/2017,2364.1,2381.5
1089,05/18/2017,2356.7,2363.6
1090,05/17/2017,2392.4,2357.5
1091,05/16/2017,2398.1,2397.1
1092,05/15/2017,2389.0,2398.4
1093,05/12/2017,2390.8,2388.7
1094,05/11/2017,2394.4,2391.1
1095,05/10/2017,2389.4,2395.3
1096,05/09/2017,2395.4,2393.3
1097,05/08/2017,2401.6,2395.0
1098,05/05/2017,2379.4,2397.7
1099,05/04/2017,2385.9,2385.5
1100,05/03/2017,2384.2,2383.2
1101,05/02/2017,2385.6,2385.8
1102,05/01/2017,2377.9,2386.9
1103,04/28/2017,2385.2,2380.5
1104,04/27/2017,2381.6,2386.1
1105,04/26/2017,2384.5,2382.2
1106,04/25/2017,2371.9,2385.0
1107,04/24/2017,2364.5,2370.0
1108,04/21/2017,2352.9,2347.4
1109,04/20/2017,2334.0,2352.1
1110,04/19/2017,2340.0,2333.7
1111,04/18/2017,2344.1,2337.3
1112,04/17/2017,2325.0,2345.0
1113,04/13/2017,2339.0,2327.4
1114,04/12/2017,2348.0,2340.8
1115,04/11/2017,2353.0,2351.1
1116,04/10/2017,2352.9,2352.5
1117,04/07/2017,2349.0,2352.2
1118,04/06/2017,2343.0,2353.7
1119,04/05/2017,2353.9,2346.6
1120,04/04/2017,2351.2,2356.6
1121,04/03/2017,2358.8,2356.1
1122,03/31/2017,2365.0,2359.2
1123,03/30/2017,2357.7,2364.6
1124,03/29/2017,2353.0,2357.0
1125,03/28/2017,2340.4,2351.4
1126,03/27/2017,2336.8,2338.4
1127,03/24/2017,2348.7,2344.8
1128,03/23/2017,2344.6,2340.0
1129,03/22/2017,2337.4,2342.6
1130,03/21/2017,2368.0,2342.2
1131,03/20/2017,2373.0,2370.3
1132,03/17/2017,2375.8,2375.2
1133,03/16/2017,2383.0,2379.1
1134,03/15/2017,2364.0,2380.6
1135,03/14/2017,2370.2,2363.1
1136,03/13/2017,2366.8,2371.8
1137,03/10/2017,2366.1,2368.6
1138,03/09/2017,2363.2,2366.3
1139,03/08/2017,2362.5,2364.1
1140,03/07/2017,2372.8,2366.4
1141,03/06/2017,2375.3,2375.4
1142,03/03/2017,2379.9,2381.2
1143,03/02/2017,2393.5,2381.9
1144,03/01/2017,2365.0,2393.5
1145,02/28/2017,2366.0,2362.8
1146,02/27/2017,2368.5,2368.3
1147,02/24/2017,2359.4,2364.9
1148,02/23/2017,2363.1,2362.8
1149,02/22/2017,2360.0,2360.9
1150,02/21/2017,2347.4,2360.0
1151,02/17/2017,2347.4,2347.9
1152,02/16/2017,2345.0,2347.9
1153,02/15/2017,2348.5,2345.6
1154,02/14/2017,2335.8,2350.4
1155,02/13/2017,2325.5,2337.0
1156,02/10/2017,2304.0,2312.7
1157,02/09/2017,2290.7,2304.3
1158,02/08/2017,2293.0,2290.2
1159,02/07/2017,2286.0,2288.4
1160,02/06/2017,2290.9,2286.5
1161,02/03/2017,2273.5,2291.0
1162,02/02/2017,2270.7,2275.4
1163,02/01/2017,2276.0,2274.5
1164,01/31/2017,2276.0,2274.5
1165,01/30/2017,2283.1,2276.0
1166,01/27/2017,2292.1,2289.1
1167,01/26/2017,2292.7,2294.1
1168,01/25/2017,2276.9,2293.9
1169,01/24/2017,2260.8,2274.6
1170,01/23/2017,2262.3,2262.0
1171,01/20/2017,2261.9,2265.9
1172,01/19/2017,2266.0,2261.6
1173,01/18/2017,2263.2,2266.6
1174,01/17/2017,2266.2,2262.7
1175,01/13/2017,2264.5,2272.5
1176,01/12/2017,2268.2,2263.4
1177,01/11/2017,2264.2,2270.6
1178,01/10/2017,2263.0,2263.7
1179,01/09/2017,2272.0,2265.0
1180,01/06/2017,2265.3,2271.5
1181,01/05/2017,2264.5,2264.3
1182,01/04/2017,2252.7,2264.3
1183,01/03/2017,2251.8,2252.6
1184,12/30/2016,2246.4,2236.2
1185,12/29/2016,2246.0,2245.1
1186,12/28/2016,2262.1,2245.3
1187,12/27/2016,2258.7,2260.9
1188,12/23/2016,2259.0,2260.0
1189,12/22/2016,2258.6,2258.7
1190,12/21/2016,2267.0,2260.4
1191,12/20/2016,2262.2,2266.5
1192,12/19/2016,2257.0,2260.1
1193,12/16/2016,2260.0,2255.3
1194,12/15/2016,2253.0,2258.4
1195,12/14/2016,2267.8,2252.0
1196,12/13/2016,2250.6,2267.8
1197,12/12/2016,2258.8,2250.4
1198,12/09/2016,2242.8,2254.7
1199,12/08/2016,2235.0,2242.4
1200,12/07/2016,2210.9,2236.7
1201,12/06/2016,2204.2,2210.1
1202,12/05/2016,2181.8,2204.2
1203,12/02/2016,2190.8,2192.1
1204,12/01/2016,2192.0,2192.1
1205,11/30/2016,2204.1,2198.8
1206,11/29/2016,2200.0,2203.8
1207,11/28/2016,2207.5,2200.8
1208,11/25/2016,2201.1,2211.3
1209,11/23/2016,2200.5,2200.8
1210,11/22/2016,2193.4,2200.3
1211,11/21/2016,2179.9,2192.9
1212,11/18/2016,2181.1,2180.8
1213,11/17/2016,2172.6,2184.3
1214,11/16/2016,2178.6,2172.8
1215,11/15/2016,2161.5,2179.3
1216,11/14/2016,2164.5,2160.4
1217,11/11/2016,2164.5,2161.6
1218,11/10/2016,2157.0,2167.2
1219,11/09/2016,2141.4,2160.3
1220,11/08/2016,2128.5,2135.5
1221,11/07/2016,2103.5,2129.1
1222,11/04/2016,2084.0,2080.0
1223,11/03/2016,2091.5,2083.6
1224,11/02/2016,2101.5,2092.3
1225,11/01/2016,2123.0,2103.8
1226,10/31/2016,2122.0,2120.1
1227,10/28/2016,2127.5,2123.8
1228,10/27/2016,2133.6,2123.4
1229,10/26/2016,2134.0,2134.1
1230,10/25/2016,2144.8,2138.0
1231,10/24/2016,2137.0,2144.3
1232,10/21/2016,2138.0,2134.7
1233,10/20/2016,2137.2,2137.1
1234,10/19/2016,2132.0,2138.1
1235,10/18/2016,2121.7,2131.9
1236,10/17/2016,2122.9,2123.1
1237,10/14/2016,2125.5,2126.9
1238,10/13/2016,2127.0,2126.3
1239,10/12/2016,2135.0,2131.5
1240,10/11/2016,2159.0,2134.4
1241,10/10/2016,2151.2,2159.1
1242,10/07/2016,2155.2,2146.5
1243,10/06/2016,2153.5,2156.5
1244,10/05/2016,2153.2,2153.3
1245,10/04/2016,2153.9,2144.7
1246,10/03/2016,2159.0,2153.2
1247,09/30/2016,2144.7,2160.4
1248,09/29/2016,2163.5,2148.5
1249,09/28/2016,2152.2,2163.2
1250,09/27/2016,2139.1,2152.8
1251,09/26/2016,2156.2,2139.7
1252,09/23/2016,2168.3,2158.1
1253,09/22/2016,2155.2,2168.3
1254,09/21/2016,2130.0,2156.2
1255,09/20/2016,2133.9,2131.1
1256,09/19/2016,2131.4,2132.9
1257,09/16/2016,2136.4,2132.5
1258,09/15/2016,2117.7,2137.9
1259,09/14/2016,2128.6,2113.3
1260,09/13/2016,2148.6,2122.2
1261,09/12/2016,2112.0,2151.9
1262,09/09/2016,2170.1,2116.0
1263,09/08/2016,2184.5,2171.0
1264,09/07/2016,2184.6,2184.6
1265,09/06/2016,2179.2,2184.5
1266,09/02/2016,2166.7,2184.5
1267,09/01/2016,2166.7,2178.0
1268,08/31/2016,2169.0,2167.3
1269,08/30/2016,2170.0,2169.5
1270,08/29/2016,2179.5,2175.2
1271,08/26/2016,2179.3,2179.3
1272,08/25/2016,2173.8,2168.4
1273,08/24/2016,2174.4,2173.6
1274,08/23/2016,2185.2,2174.9
1275,08/22/2016,2180.3,2185.2
1276,08/19/2016,2181.4,2181.4
1277,08/18/2016,2183.6,2181.7
1278,08/17/2016,2180.6,2183.6
1279,08/16/2016,2177.7,2179.7
1280,08/15/2016,2185.9,2176.8
1281,08/12/2016,2185.9,2185.9
1282,08/11/2016,2182.1,2180.2
1283,08/10/2016,2171.6,2181.8
1284,08/09/2016,2177.5,2172.7
1285,08/08/2016,2176.0,2177.6
1286,08/05/2016,2175.5,2175.5
1287,08/04/2016,2160.0,2176.8
1288,08/03/2016,2156.8,2159.3
1289,08/02/2016,2156.9,2157.0
1290,08/01/2016,2166.1,2152.7
1291,07/29/2016,2164.4,2164.4
1292,07/28/2016,2165.7,2168.2
1293,07/27/2016,2162.5,2164.7
1294,07/26/2016,2164.6,2160.6
1295,07/25/2016,2162.7,2163.3
1296,07/22/2016,2162.2,2162.2
1297,07/21/2016,2158.6,2167.4
1298,07/20/2016,2167.5,2157.9
1299,07/19/2016,2159.0,2167.6
1300,07/18/2016,2160.0,2158.7
1301,07/15/2016,2159.9,2159.9
1302,07/14/2016,2156.1,2152.7
1303,07/13/2016,2145.5,2157.2
1304,07/12/2016,2130.8,2145.8
1305,07/11/2016,2130.5,2130.3
1306,07/08/2016,2091.3,2120.5
1307,07/07/2016,2091.5,2092.0
1308,07/06/2016,2082.0,2094.1
1309,07/05/2016,2100.0,2082.7
1310,07/01/2016,2098.5,2096.3
1311,06/30/2016,2072.8,2090.2
1312,06/29/2016,2027.5,2066.8
1313,06/28/2016,1990.0,2028.4
1314,06/27/2016,2014.8,1984.9
1315,06/24/2016,2115.0,2018.6
1316,06/23/2016,2083.0,2105.8
1317,06/22/2016,2078.2,2076.7
1318,06/21/2016,2075.8,2080.4
1319,06/20/2016,2073.0,2074.2
1320,06/17/2016,2058.8,2058.9
1321,06/16/2016,2062.0,2070.6
1322,06/15/2016,2061.5,2063.4
1323,06/14/2016,2066.7,2065.9
1324,06/13/2016,2083.5,2069.7
1325,06/10/2016,2104.2,2087.3
1326,06/09/2016,2117.1,2105.2
1327,06/08/2016,2109.6,2118.1
1328,06/07/2016,2108.3,2110.3
1329,06/06/2016,2098.0,2108.3
1330,06/03/2016,2103.3,2097.8
1331,06/02/2016,2096.8,2103.8
1332,06/01/2016,2094.0,2097.9
1333,05/31/2016,2102.1,2094.9
1334,05/27/2016,2099.0,2097.3
1335,05/26/2016,2088.4,2089.7
1336,05/25/2016,2075.0,2087.3
1337,05/24/2016,2044.9,2075.0
1338,05/23/2016,2052.8,2045.3
1339,05/20/2016,2038.8,2050.0
1340,05/19/2016,2042.5,2038.7
1341,05/18/2016,2043.3,2041.6
1342,05/17/2016,2060.2,2043.6
1343,05/16/2016,2041.0,2062.7
1344,05/13/2016,2059.9,2043.6
1345,05/12/2016,2059.5,2058.8
1346,05/11/2016,2077.3,2058.0
1347,05/10/2016,2053.4,2077.6
1348,05/09/2016,2054.0,2054.3
1349,05/06/2016,2043.0,2052.7
1350,05/05/2016,2047.5,2043.9
1351,05/04/2016,2059.5,2046.9
1352,05/03/2016,2075.0,2056.9
1353,05/02/2016,2058.8,2074.3
1354,04/29/2016,2073.4,2059.1
1355,04/28/2016,2092.5,2072.4
1356,04/27/2016,2082.0,2090.7
1357,04/26/2016,2084.0,2088.4
1358,04/25/2016,2090.1,2083.2
1359,04/22/2016,2080.1,2086.0
1360,04/21/2016,2097.9,2082.8
1361,04/20/2016,2094.0,2098.0
1362,04/19/2016,2085.8,2093.7
1363,04/18/2016,2063.1,2086.7
1364,04/15/2016,2077.3,2075.0
1365,04/14/2016,2075.8,2076.6
1366,04/13/2016,2057.0,2075.9
1367,04/12/2016,2056.0,2055.7
1368,04/11/2016,2040.4,2034.5
1369,04/08/2016,2032.0,2040.7
1370,04/07/2016,2058.3,2035.1
1371,04/06/2016,2041.7,2060.2
1372,04/05/2016,2054.4,2038.8
1373,04/04/2016,2062.0,2057.5
1374,04/01/2016,2052.0,2065.1
1375,03/31/2016,2055.7,2051.5
1376,03/30/2016,2048.7,2055.2
1377,03/29/2016,2030.0,2047.5
1378,03/28/2016,2031.7,2028.0
1379,03/24/2016,2028.0,2028.6
1380,03/23/2016,2040.9,2028.8
1381,03/22/2016,2043.0,2042.5
1382,03/21/2016,2036.9,2042.7
1383,03/18/2016,2032.1,2037.4
1384,03/17/2016,2019.2,2030.3
1385,03/16/2016,2007.0,2030.3
1386,03/15/2016,2009.9,2006.8
1387,03/14/2016,2009.0,2008.9
1388,03/11/2016,1979.0,2010.5
1389,03/10/2016,1990.6,1988.8
1390,03/09/2016,1980.2,1988.9
1391,03/08/2016,1998.0,1980.9
1392,03/07/2016,1994.0,1999.1
1393,03/04/2016,1990.0,1994.9
1394,03/03/2016,1981.7,1990.5
1395,03/02/2016,1976.0,1983.6
1396,03/01/2016,1928.2,1977.9
1397,02/29/2016,1941.0,1929.5
1398,02/26/2016,1949.7,1942.7
1399,02/25/2016,1932.0,1950.4
1400,02/24/2016,1913.8,1930.2
1401,02/23/2016,1934.0,1916.1
1402,02/22/2016,1911.7,1936.3
1403,02/19/2016,1916.4,1914.5
1404,02/18/2016,1926.1,1916.6
1405,02/17/2016,1888.0,1922.7
1406,02/16/2016,1864.5,1888.8
1407,02/12/2016,1864.5,1858.3
1408,02/11/2016,1842.5,1824.5
1409,02/10/2016,1852.0,1846.7
1410,02/09/2016,1850.1,1848.2
1411,02/08/2016,1876.0,1852.0
1412,02/05/2016,1905.5,1875.3
1413,02/04/2016,1907.8,1907.8
1414,02/03/2016,1897.5,1908.5
1415,02/02/2016,1897.4,1897.4
1416,02/01/2016,1931.5,1931.3
1417,01/29/2016,1878.1,1930.1
1418,01/28/2016,1879.0,1880.7
1419,01/27/2016,1885.0,1875.1
1420,01/26/2016,1872.0,1895.9
1421,01/25/2016,1869.7,1870.2
1422,01/22/2016,1860.0,1899.2
1423,01/21/2016,1856.5,1861.0
1424,01/20/2016,1874.0,1854.9
1425,01/19/2016,1872.0,1872.9
1426,01/15/2016,1867.9,1875.0
1427,01/14/2016,1883.6,1914.6
1428,01/13/2016,1926.0,1881.4
1429,01/12/2016,1915.6,1924.9
1430,01/11/2016,1912.7,1914.2
1431,01/08/2016,1933.0,1911.5
1432,01/07/2016,1987.0,1932.9
1433,01/06/2016,2011.9,1985.9
1434,01/05/2016,2010.0,2011.7
1435,01/04/2016,2037.9,2009.1
1436,12/31/2015,2054.5,2035.4
1437,12/30/2015,2054.6,2054.6
1438,12/29/2015,2049.7,2072.8
1439,12/28/2015,2052.4,2048.8
1440,12/25/2015,2051.2,2051.2
1441,12/24/2015,2052.9,2051.2
1442,12/23/2015,2034.2,2053.0
1443,12/22/2015,2020.6,2014.9
1444,12/21/2015,2020.6,2014.9
1445,12/18/2015,1992.7,1991.9
1446,12/17/2015,2060.7,2024.7
1447,12/16/2015,2037.5,2063.7
1448,12/15/2015,2016.6,2037.1
1449,12/14/2015,2002.0,2009.6
1450,12/11/2015,2046.9,2001.2
1451,12/10/2015,2047.4,2049.3
1452,12/09/2015,2062.5,2042.1
1453,12/08/2015,2080.3,2058.7
1454,12/07/2015,2092.2,2081.0
1455,12/04/2015,2056.2,2088.4
1456,12/03/2015,2083.0,2051.2
1457,12/02/2015,2099.6,2081.6
1458,12/01/2015,2086.8,2099.9
1459,11/30/2015,2089.7,2079.8
1460,11/27/2015,2089.4,2089.9
1461,11/26/2015,2088.1,2088.1
1462,11/25/2015,2089.4,2088.1
1463,11/24/2015,2082.7,2084.7
1464,11/23/2015,2088.9,2084.2
1465,11/20/2015,2077.1,2088.7
1466,11/19/2015,2078.0,2079.2
1467,11/18/2015,2048.7,2079.7
1468,11/17/2015,2046.3,2049.0
1469,11/16/2015,2007.9,2048.0
1470,11/13/2015,2039.0,2018.6
1471,11/12/2015,2068.0,2040.6
1472,11/11/2015,2076.5,2069.0
1473,11/10/2015,2072.7,2078.1
1474,11/09/2015,2091.5,2072.9
1475,11/06/2015,2094.1,2093.7
1476,11/05/2015,2095.2,2094.0
1477,11/04/2015,2101.4,2094.7
1478,11/03/2015,2094.0,2102.9
1479,11/02/2015,2095.0,2095.4
1480,10/30/2015,2085.1,2073.7
1481,10/29/2015,2081.0,2083.0
1482,10/28/2015,2061.0,2084.5
1483,10/27/2015,2063.6,2060.4
1484,10/26/2015,2066.0,2062.3
1485,10/23/2015,2054.0,2066.0
1486,10/22/2015,2010.1,2053.1
1487,10/21/2015,2017.7,2008.5
1488,10/20/2015,2025.9,2020.6
1489,10/19/2015,2024.5,2027.4
1490,10/16/2015,2018.9,2025.5
1491,10/15/2015,1988.0,2019.0
1492,10/14/2015,1991.0,1984.0
1493,10/13/2015,2011.9,1993.9
1494,10/12/2015,2006.5,2010.9
1495,10/09/2015,2005.0,2007.4
1496,10/08/2015,1987.3,2006.6
1497,10/07/2015,1961.7,1987.2
1498,10/06/2015,1972.6,1968.6
1499,10/05/2015,1940.5,1974.7
1500,10/02/2015,1918.0,1943.1
1501,10/01/2015,1901.7,1916.8
1502,09/30/2015,1877.0,1908.7
1503,09/29/2015,1879.0,1874.5
1504,09/28/2015,1871.5,1872.1
1505,09/25/2015,1920.0,1919.2
1506,09/24/2015,1920.2,1918.8
1507,09/23/2015,1927.6,1928.6
1508,09/22/2015,1964.1,1932.1
1509,09/21/2015,1949.0,1963.1
1510,09/18/2015,1976.0,1950.6
1511,09/17/2015,1986.4,1977.2
1512,09/16/2015,1970.0,1988.0
1513,09/15/2015,1944.8,1970.0
1514,09/14/2015,1953.5,1944.0
1515,09/11/2015,1940.0,1950.3
1516,09/10/2015,1943.2,1949.6
1517,09/09/2015,1965.0,1942.7
1518,09/08/2015,1926.4,1965.7
1519,09/07/2015,1921.7,1921.7
1520,09/04/2015,1926.4,1921.7
1521,09/03/2015,1948.5,1946.1
1522,09/02/2015,1912.0,1947.1
1523,09/01/2015,1962.3,1915.9
1524,08/31/2015,1986.1,1969.2
1525,08/28/2015,1987.5,1989.7
1526,08/27/2015,1941.7,1989.3
1527,08/26/2015,1867.6,1938.1
1528,08/25/2015,1872.5,1872.8
1529,08/24/2015,1967.4,1871.2
1530,08/21/2015,2027.0,1971.4
1531,08/20/2015,2073.1,2025.4
1532,08/19/2015,2093.2,2072.7
1533,08/18/2015,2098.3,2093.9
1534,08/17/2015,2089.7,2099.3
1535,08/14/2015,2079.8,2089.4
1536,08/13/2015,2083.0,2080.5
1537,08/12/2015,2080.8,2084.2
1538,08/11/2015,2101.3,2079.7
1539,08/10/2015,2099.3,2099.8
1540,08/07/2015,2080.0,2073.6
1541,08/06/2015,2093.0,2079.5
1542,08/05/2015,2083.5,2093.8
1543,08/04/2015,2089.3,2082.9
1544,08/03/2015,2099.9,2090.9
1545,07/31/2015,2101.8,2098.4
1546,07/30/2015,2098.7,2103.7
1547,07/29/2015,2088.0,2101.5
1548,07/28/2015,2065.0,2087.2
1549,07/27/2015,2078.0,2064.4
1550,07/24/2015,2101.6,2077.6
1551,07/23/2015,2109.3,2098.5
1552,07/22/2015,2108.2,2107.9
1553,07/21/2015,2121.2,2114.4
1554,07/20/2015,2117.6,2121.9
1555,07/17/2015,2116.5,2118.8
1556,07/16/2015,2116.9,2116.9
1557,07/15/2015,2102.2,2104.2
1558,07/14/2015,2101.6,2102.1
1559,07/13/2015,2094.1,2094.4
1560,07/10/2015,2048.7,2069.0
1561,07/09/2015,2042.0,2041.2
1562,07/08/2015,2073.4,2039.2
1563,07/07/2015,2069.0,2073.7
1564,07/06/2015,2043.5,2064.6
1565,07/03/2015,2068.8,2068.8
1566,07/02/2015,2071.5,2068.8
1567,07/01/2015,2055.0,2070.9
1568,06/30/2015,2052.9,2054.4
1569,06/29/2015,2081.8,2050.5
1570,06/26/2015,2094.5,2095.7
1571,06/25/2015,2102.0,2093.9
1572,06/24/2015,2117.6,2099.4
1573,06/23/2015,2114.8,2116.4
1574,06/22/2015,2106.8,2112.8
1575,06/19/2015,2114.9,2097.7
1576,06/18/2015,2089.0,2114.7
1577,06/17/2015,2090.0,2089.2
1578,06/16/2015,2075.4,2089.0
1579,06/15/2015,2078.9,2075.6
1580,06/12/2015,2100.8,2084.9
1581,06/11/2015,2104.0,2109.2
1582,06/10/2015,2081.0,2106.9
1583,06/09/2015,2080.4,2080.1
1584,06/08/2015,2088.5,2078.2
1585,06/05/2015,2099.0,2092.2
1586,06/04/2015,2115.6,2098.9
1587,06/03/2015,2107.0,2116.0
1588,06/02/2015,2111.4,2106.7
1589,06/01/2015,2109.3,2109.2
1590,05/29/2015,2121.6,2106.0
1591,05/28/2015,2121.4,2121.7
1592,05/27/2015,2103.4,2120.9
1593,05/26/2015,2122.7,2104.9
1594,05/25/2015,2124.6,2124.6
1595,05/22/2015,2129.0,2124.6
1596,05/21/2015,2120.0,2128.0
1597,05/20/2015,2124.0,2122.5
1598,05/19/2015,2126.2,2124.6
1599,05/18/2015,2118.9,2125.9
1600,05/15/2015,2117.1,2118.9
1601,05/14/2015,2096.0,2117.6
1602,05/13/2015,2094.8,2094.5
1603,05/12/2015,2098.3,2095.0
1604,05/11/2015,2107.3,2097.8
1605,05/08/2015,2108.6,2108.4
1606,05/07/2015,2074.7,2084.2
1607,05/06/2015,2074.0,2074.2
1608,05/05/2015,2108.8,2084.0
1609,05/04/2015,2101.5,2109.3
1610,05/01/2015,2081.0,2101.6
1611,04/30/2015,2097.6,2078.9
1612,04/29/2015,2110.7,2099.0
1613,04/28/2015,2104.0,2112.0
1614,04/27/2015,2114.0,2104.7
1615,04/24/2015,2106.4,2111.7
1616,04/23/2015,2099.6,2106.9
1617,04/22/2015,2100.6,2100.2
1618,04/21/2015,2089.9,2091.0
1619,04/20/2015,2081.9,2091.0
1620,04/17/2015,2101.3,2075.5
1621,04/16/2015,2101.4,2100.8
1622,04/15/2015,2090.2,2099.8
1623,04/14/2015,2087.1,2090.9
1624,04/13/2015,2094.5,2086.5
1625,04/10/2015,2085.5,2095.5
1626,04/09/2015,2077.0,2085.7
1627,04/08/2015,2069.4,2075.9
1628,04/07/2015,2067.8,2067.8
1629,04/06/2015,2039.9,2073.2
1630,04/03/2015,2059.5,2059.5
1631,04/02/2015,2059.3,2059.5
1632,04/01/2015,2057.8,2053.1
1633,03/31/2015,2076.6,2060.8
1634,03/30/2015,2076.3,2075.6
1635,03/27/2015,2050.2,2052.6
1636,03/26/2015,2055.1,2048.5
1637,03/25/2015,2085.2,2053.8
1638,03/24/2015,2095.4,2084.9
1639,03/23/2015,2101.9,2094.8
1640,03/20/2015,2078.6,2099.2
1641,03/19/2015,2094.0,2081.6
1642,03/18/2015,2066.3,2092.6
1643,03/17/2015,2066.0,2066.2
1644,03/16/2015,2068.6,2068.6
1645,03/13/2015,2057.0,2042.2
1646,03/12/2015,2037.5,2064.0
1647,03/11/2015,2044.1,2039.5
1648,03/10/2015,2077.6,2041.9
1649,03/09/2015,2067.5,2077.7
1650,03/06/2015,2074.0,2070.8
1651,03/05/2015,2096.4,2099.7
1652,03/04/2015,2104.2,2096.5
1653,03/03/2015,2104.8,2104.8
1654,03/02/2015,2113.9,2113.9
1655,02/27/2015,2109.3,2102.8
1656,02/26/2015,2110.2,2109.9
1657,02/25/2015,2113.5,2110.2
1658,02/24/2015,2106.3,2113.7
1659,02/23/2015,2106.5,2106.7
1660,02/20/2015,2096.1,2107.1
1661,02/19/2015,2095.2,2095.3
1662,02/18/2015,2096.4,2095.4
1663,02/17/2015,2082.5,2095.9
1664,02/16/2015,2093.5,2093.5
1665,02/13/2015,2082.4,2093.5
1666,02/12/2015,2071.8,2084.1
1667,02/11/2015,2066.1,2065.7
1668,02/10/2015,2043.8,2062.2
1669,02/09/2015,2054.3,2042.4
1670,02/06/2015,2056.2,2053.1
1671,02/05/2015,2025.1,2055.1
1672,02/04/2015,2030.1,2030.1
1673,02/03/2015,2015.0,2042.1
1674,02/02/2015,2015.0,2017.1
1675,01/30/2015,2018.6,1988.4
1676,01/29/2015,2019.0,2018.5
1677,01/28/2015,2036.0,1991.6
1678,01/27/2015,2054.2,2030.0
1679,01/26/2015,2035.5,2053.6
1680,01/23/2015,2054.6,2043.9
1681,01/22/2015,2026.0,2056.4
1682,01/21/2015,2016.0,2026.6
1683,01/20/2015,2009.1,2016.8
1684,01/19/2015,1989.1,1989.1
1685,01/16/2015,1980.5,1989.1
1686,01/15/2015,1980.5,1989.1
1687,01/14/2015,2008.3,2007.5
1688,01/13/2015,2023.5,2016.1
1689,01/12/2015,2033.5,2022.4
1690,01/09/2015,2054.1,2035.3
1691,01/08/2015,2021.2,2055.0
1692,01/07/2015,1997.1,2019.6
1693,01/06/2015,2018.9,1994.4
1694,01/05/2015,2042.8,2015.9
1695,01/02/2015,2057.0,2046.3
1696,01/01/2015,2052.4,2052.4
1697,12/31/2014,2077.9,2052.4
1698,12/30/2014,2087.1,2076.7
1699,12/29/2014,2084.8,2085.8
1700,12/26/2014,2081.4,2084.2
1701,12/25/2014,2078.8,2078.8
1702,12/24/2014,2078.2,2078.8
1703,12/23/2014,2072.9,2078.9
1704,12/22/2014,2065.6,2072.4
1705,12/19/2014,2060.7,2067.1
1706,12/18/2014,2007.8,2059.9
1707,12/17/2014,1968.9,2008.2
1708,12/16/2014,1982.6,1983.2
1709,12/15/2014,1982.6,1983.2
1710,12/12/2014,2022.9,1990.4
1711,12/11/2014,2024.9,2030.9
1712,12/10/2014,2026.4,2026.4
1713,12/09/2014,2061.1,2057.5
1714,12/08/2014,2075.7,2059.4
1715,12/05/2014,2071.6,2076.1
1716,12/04/2014,2073.0,2071.9
1717,12/03/2014,2066.4,2072.6
1718,12/02/2014,2051.4,2065.9
1719,12/01/2014,2051.0,2050.8
1720,11/28/2014,2072.2,2066.3
1721,11/27/2014,2072.3,2072.3
1722,11/26/2014,2068.2,2072.3
1723,11/25/2014,2067.0,2067.6
1724,11/24/2014,2063.6,2067.5
1725,11/21/2014,2061.6,2061.8
1726,11/20/2014,2052.0,2052.1
1727,11/19/2014,2048.0,2047.2
1728,11/18/2014,2038.6,2048.6
1729,11/17/2014,2037.1,2039.7
1730,11/14/2014,2032.8,2038.0
1731,11/13/2014,2034.1,2034.1
1732,11/12/2014,2036.2,2035.9
1733,11/11/2014,2032.2,2036.5
1734,11/10/2014,2034.1,2034.1
1735,11/07/2014,2025.8,2026.0
1736,11/06/2014,2018.1,2028.0
1737,11/05/2014,2004.4,2018.7
1738,11/04/2014,2007.6,2005.5
1739,11/03/2014,2011.2,2011.1
1740,10/31/2014,2010.4,2011.4
1741,10/30/2014,1970.9,1988.6
1742,10/29/2014,1976.4,1972.2
1743,10/28/2014,1958.0,1980.1
1744,10/27/2014,1960.4,1957.1
1745,10/24/2014,1946.0,1959.7
1746,10/23/2014,1948.5,1946.1
1747,10/22/2014,1938.1,1925.1
1748,10/21/2014,1902.9,1938.0
1749,10/20/2014,1886.9,1899.9
1750,10/17/2014,1853.5,1881.0
1751,10/16/2014,1846.6,1850.6
1752,10/15/2014,1847.0,1846.7
1753,10/14/2014,1867.7,1874.8
1754,10/13/2014,1892.8,1865.6
1755,10/10/2014,1894.1,1894.3
1756,10/09/2014,1960.5,1924.9
1757,10/08/2014,1926.9,1961.8
1758,10/07/2014,1927.3,1927.9
1759,10/06/2014,1965.3,1956.0
1760,10/03/2014,1938.9,1960.3
1761,10/02/2014,1941.6,1938.6
1762,10/01/2014,1961.0,1940.8
1763,09/30/2014,1968.6,1965.5
1764,09/29/2014,1973.9,1969.5
1765,09/26/2014,1961.8,1975.9
1766,09/25/2014,1961.6,1961.6
1767,09/24/2014,1969.9,1991.0
1768,09/23/2014,1984.7,1972.3
1769,09/22/2014,2002.1,1986.3
1770,09/19/2014,2006.0,2003.8
1771,09/18/2014,2003.3,2004.6
1772,09/17/2014,1992.2,1993.7
1773,09/16/2014,1976.2,1991.5
1774,09/15/2014,1971.8,1976.1
1775,09/12/2014,1989.7,1976.7
1776,09/11/2014,1994.4,1996.9
1777,09/10/2014,1995.0,1995.0
1778,09/09/2014,2000.5,1989.7
1779,09/08/2014,2005.1,2000.6
1780,09/05/2014,1999.0,2006.0
1781,09/04/2014,1997.6,1997.8
1782,09/03/2014,1999.8,1998.8
1783,09/02/2014,2000.7,1999.8
1784,09/01/2014,2001.4,2001.4
1785,08/29/2014,1998.0,2001.4
1786,08/28/2014,1997.0,1996.7
1787,08/27/2014,1999.0,1997.1
1788,08/26/2014,1995.2,1998.6
1789,08/25/2014,1989.4,1994.9
1790,08/22/2014,1989.7,1987.8
1791,08/21/2014,1989.5,1989.6
1792,08/20/2014,1983.5,1983.3
1793,08/19/2014,1968.6,1977.2
1794,08/18/2014,1957.4,1967.5
1795,08/15/2014,1953.9,1952.4
1796,08/14/2014,1946.0,1953.5
1797,08/13/2014,1932.5,1944.7
1798,08/12/2014,1933.8,1930.4
1799,08/11/2014,1923.1,1932.6
1800,08/08/2014,1905.1,1923.7
1801,08/07/2014,1914.8,1905.2
1802,08/06/2014,1915.6,1914.8
1803,08/05/2014,1930.1,1913.0
1804,08/04/2014,1920.1,1932.1
1805,08/01/2014,1927.3,1918.5
1806,07/31/2014,1965.2,1924.8
1807,07/30/2014,1964.5,1965.1
1808,07/29/2014,1972.0,1963.0
1809,07/28/2014,1970.6,1972.9
1810,07/25/2014,1978.0,1971.4
1811,07/24/2014,1981.2,1980.7
1812,07/23/2014,1972.9,1980.8
1813,07/22/2014,1965.9,1974.9
1814,07/21/2014,1970.4,1966.3
1815,07/18/2014,1949.0,1971.6
1816,07/17/2014,1971.5,1953.6
1817,07/16/2014,1967.4,1974.8
1818,07/15/2014,1971.0,1968.0
1819,07/14/2014,1962.9,1971.0
1820,07/11/2014,1956.6,1962.4
1821,07/10/2014,1968.0,1957.8
1822,07/09/2014,1960.2,1967.2
1823,07/08/2014,1970.4,1960.4
1824,07/07/2014,1976.4,1971.0
1825,07/04/2014,1977.6,1977.6
1826,07/03/2014,1976.9,1977.6
1827,07/02/2014,1966.8,1967.7
1828,07/01/2014,1965.8,1965.8
1829,06/30/2014,1952.0,1952.4
1830,06/27/2014,1948.3,1952.0
1831,06/26/2014,1948.6,1948.7
1832,06/25/2014,1942.8,1949.4
1833,06/24/2014,1951.3,1943.2
1834,06/23/2014,1952.6,1953.0
1835,06/20/2014,1949.0,1953.2
1836,06/19/2014,1948.0,1950.3
1837,06/18/2014,1933.5,1949.1
1838,06/17/2014,1929.1,1933.8
1839,06/16/2014,1927.8,1929.2
1840,06/13/2014,1924.0,1928.3
1841,06/12/2014,1943.8,1930.5
1842,06/11/2014,1950.4,1943.9
1843,06/10/2014,1948.5,1950.5
1844,06/09/2014,1949.5,1950.2
1845,06/06/2014,1938.0,1949.3
1846,06/05/2014,1925.1,1938.5
1847,06/04/2014,1922.6,1925.7
1848,06/03/2014,1921.9,1922.1
1849,06/02/2014,1921.1,1921.8
1850,05/30/2014,1916.9,1921.5
1851,05/29/2014,1909.0,1917.9
1852,05/28/2014,1909.5,1909.1
1853,05/27/2014,1903.3,1909.2
1854,05/26/2014,1896.9,1896.9
1855,05/23/2014,1889.9,1896.9
1856,05/22/2014,1883.8,1890.2
1857,05/21/2014,1868.8,1884.9
1858,05/20/2014,1881.0,1868.1
1859,05/19/2014,1876.1,1882.3
1860,05/16/2014,1866.9,1874.7
1861,05/15/2014,1867.3,1867.3
1862,05/14/2014,1894.2,1885.3
1863,05/13/2014,1892.5,1894.3
1864,05/12/2014,1875.2,1892.8
1865,05/09/2014,1869.4,1873.4
1866,05/08/2014,1874.3,1872.3
1867,05/07/2014,1863.8,1874.2
1868,05/06/2014,1876.9,1864.3
1869,05/05/2014,1876.2,1875.8
1870,05/02/2014,1879.5,1874.4
1871,05/01/2014,1879.1,1877.7
1872,04/30/2014,1870.4,1877.9
1873,04/29/2014,1865.4,1871.8
1874,04/28/2014,1860.7,1866.0
1875,04/25/2014,1872.2,1860.1
1876,04/24/2014,1878.6,1873.1
1877,04/23/2014,1872.9,1872.9
1878,04/22/2014,1864.4,1873.9
1879,04/21/2014,1859.2,1864.4
1880,04/18/2014,1857.9,1857.9
1881,04/17/2014,1852.1,1857.9
1882,04/16/2014,1842.2,1852.8
1883,04/15/2014,1825.2,1839.6
1884,04/14/2014,1806.3,1824.5
1885,04/11/2014,1829.5,1811.7
1886,04/10/2014,1865.7,1827.1
1887,04/09/2014,1845.1,1864.8
1888,04/08/2014,1840.3,1845.0
1889,04/07/2014,1860.9,1838.1
1890,04/04/2014,1861.0,1860.1
1891,04/03/2014,1882.3,1883.0
1892,04/02/2014,1878.0,1882.9
1893,04/01/2014,1864.9,1877.8
1894,03/31/2014,1855.4,1864.6
1895,03/28/2014,1850.4,1850.4
1896,03/27/2014,1844.3,1840.6
1897,03/26/2014,1858.9,1842.6
1898,03/25/2014,1850.3,1859.3
1899,03/24/2014,1855.4,1849.4
1900,03/21/2014,1864.6,1857.0
1901,03/20/2014,1851.5,1866.1
1902,03/19/2014,1862.9,1852.2
1903,03/18/2014,1863.9,1863.8
1904,03/17/2014,1833.9,1850.7
1905,03/14/2014,1840.2,1832.9
1906,03/13/2014,1868.4,1846.7
1907,03/12/2014,1865.2,1867.7
1908,03/11/2014,1865.3,1865.2
1909,03/10/2014,1875.5,1877.2
1910,03/07/2014,1876.8,1878.1
1911,03/06/2014,1871.4,1876.3
1912,03/05/2014,1869.4,1872.4
1913,03/04/2014,1844.6,1871.6
1914,03/03/2014,1848.2,1843.1
1915,02/28/2014,1853.9,1857.6
1916,02/27/2014,1843.0,1853.9
1917,02/26/2014,1847.7,1841.9
1918,02/25/2014,1844.7,1846.3
1919,02/24/2014,1835.4,1845.9
1920,02/21/2014,1835.7,1834.3
1921,02/20/2014,1826.8,1836.2
1922,02/19/2014,1825.8,1825.5
1923,02/18/2014,1838.3,1837.4
1924,02/17/2014,1835.0,1835.0
1925,02/14/2014,1830.8,1835.0
1926,02/13/2014,1814.8,1824.3
1927,02/12/2014,1817.0,1817.1
1928,02/11/2014,1795.4,1813.6
1929,02/10/2014,1794.5,1794.7
1930,02/07/2014,1767.9,1793.5
1931,02/06/2014,1744.6,1766.6
1932,02/05/2014,1745.0,1744.0
1933,02/04/2014,1737.7,1743.7
1934,02/03/2014,1779.8,1732.8
1935,01/31/2014,1782.3,1776.6
1936,01/30/2014,1781.3,1781.2
1937,01/29/2014,1794.2,1771.2
1938,01/28/2014,1788.1,1788.3
1939,01/27/2014,1775.7,1775.7
1940,01/24/2014,1824.1,1782.1
1941,01/23/2014,1839.8,1824.2
1942,01/22/2014,1839.3,1838.6
1943,01/21/2014,1834.6,1838.4
1944,01/20/2014,1834.3,1834.3
1945,01/17/2014,1837.0,1834.3
1946,01/16/2014,1841.8,1836.2
1947,01/15/2014,1832.5,1841.6
1948,01/14/2014,1816.0,1832.9
1949,01/13/2014,1838.3,1815.1
1950,01/10/2014,1833.0,1837.7
1951,01/09/2014,1831.3,1833.0
1952,01/08/2014,1830.9,1832.5
1953,01/07/2014,1820.5,1830.7
1954,01/06/2014,1820.4,1820.7
1955,01/03/2014,1827.8,1825.5
1956,01/02/2014,1830.0,1826.6
1957,01/01/2014,1841.1,1841.1
1958,12/31/2013,1835.0,1841.1
1959,12/30/2013,1835.8,1834.7
1960,12/27/2013,1835.5,1836.5
1961,12/26/2013,1830.0,1836.4
1962,12/25/2013,1829.1,1829.1
1963,12/24/2013,1821.0,1829.1
1964,12/23/2013,1817.1,1822.8
1965,12/20/2013,1803.0,1814.5
1966,12/19/2013,1804.9,1802.1
1967,12/18/2013,1773.0,1804.7
1968,12/17/2013,1779.0,1773.0
1969,12/16/2013,1769.9,1780.3
1970,12/13/2013,1767.4,1768.5
1971,12/12/2013,1781.4,1774.9
1972,12/11/2013,1805.5,1780.8
1973,12/10/2013,1803.2,1803.1
1974,12/09/2013,1809.8,1809.7
1975,12/06/2013,1784.7,1805.0
1976,12/05/2013,1784.7,1784.6
1977,12/04/2013,1792.2,1792.0
1978,12/03/2013,1792.2,1791.4
1979,12/02/2013,1799.7,1801.2
1980,11/29/2013,1807.4,1804.1
1981,11/28/2013,1804.3,1804.3
1982,11/27/2013,1804.9,1804.3
1983,11/26/2013,1801.5,1801.5
1984,11/25/2013,1802.2,1802.2
1985,11/22/2013,1794.9,1801.2
1986,11/21/2013,1794.9,1795.1
1987,11/20/2013,1779.8,1780.6
1988,11/19/2013,1785.7,1788.4
1989,11/18/2013,1789.5,1789.0
1990,11/15/2013,1786.9,1793.5
1991,11/14/2013,1786.9,1786.9
1992,11/13/2013,1779.6,1783.0
1993,11/12/2013,1764.6,1765.1
1994,11/11/2013,1767.6,1767.6
1995,11/08/2013,1745.2,1766.1
1996,11/07/2013,1745.2,1745.7
1997,11/06/2013,1763.7,1762.3
1998,11/05/2013,1756.3,1756.3
1999,11/04/2013,1762.5,1762.9
2000,11/01/2013,1754.9,1754.7
2001,10/31/2013,1754.9,1755.0
2002,10/30/2013,1755.5,1753.5
2003,10/29/2013,1767.7,1767.7
2004,10/28/2013,1758.7,1756.5
2005,10/25/2013,1753.8,1753.9
2006,10/24/2013,1748.5,1748.9
2007,10/23/2013,1741.5,1742.0
2008,10/22/2013,1748.1,1747.7
2009,10/21/2013,1737.7,1738.0
2010,10/18/2013,1727.8,1736.5
2011,10/17/2013,1727.8,1729.6
2012,10/16/2013,1712.8,1712.8
2013,10/15/2013,1694.8,1691.9
2014,10/14/2013,1706.2,1705.3
2015,10/11/2013,1683.4,1699.0
2016,10/10/2013,1683.4,1680.1
2017,10/09/2013,1650.0,1652.8
2018,10/08/2013,1650.7,1653.0
2019,10/07/2013,1667.4,1667.1
2020,10/04/2013,1668.2,1684.8
2021,10/03/2013,1668.2,1670.1
2022,10/02/2013,1682.4,1681.7
2023,10/01/2013,1691.2,1690.9
2024,09/30/2013,1679.1,1678.4
2025,09/27/2013,1694.7,1686.4
2026,09/26/2013,1694.7,1695.0
2027,09/25/2013,1688.0,1687.8
2028,09/24/2013,1692.4,1691.3
2029,09/23/2013,1693.6,1693.8
2030,09/20/2013,1717.0,1702.4
2031,09/19/2013,1717.0,1716.2
2032,09/18/2013,1724.0,1724.0
2033,09/17/2013,1704.8,1704.8
2034,09/16/2013,1697.5,1697.5
2035,09/13/2013,1688.5,1688.6
2036,09/12/2013,1685.0,1685.0
2037,09/11/2013,1689.3,1689.0
2038,09/10/2013,1682.0,1682.3
2039,09/09/2013,1670.8,1671.4
2040,09/06/2013,1652.5,1653.5
2041,09/05/2013,1652.5,1652.5
2042,09/04/2013,1654.6,1654.6
2043,09/03/2013,1637.9,1637.4
2044,09/02/2013,1631.3,1631.3
2045,08/30/2013,1638.7,1631.3
2046,08/29/2013,1638.7,1637.7
2047,08/28/2013,1631.0,1630.8
2048,08/27/2013,1627.8,1628.2
2049,08/26/2013,1655.0,1651.5
2050,08/23/2013,1655.2,1661.4
2051,08/22/2013,1655.2,1655.9
2052,08/21/2013,1635.0,1633.7
2053,08/20/2013,1650.7,1650.7
2054,08/19/2013,1644.0,1644.3
2055,08/16/2013,1650.2,1651.1
2056,08/15/2013,1656.4,1656.4
2057,08/14/2013,1679.4,1678.3
2058,08/13/2013,1691.4,1691.8
2059,08/12/2013,1688.0,1688.0
2060,08/09/2013,1694.4,1686.2
2061,08/08/2013,1694.4,1693.7
2062,08/07/2013,1688.4,1688.4
2063,08/06/2013,1693.2,1692.5
2064,08/05/2013,1699.8,1699.3
2065,08/02/2013,1701.1,1704.0
2066,08/01/2013,1701.1,1700.3
2067,07/31/2013,1685.5,1685.5
2068,07/30/2013,1684.5,1684.5
2069,07/29/2013,1682.0,1682.4
2070,07/26/2013,1685.3,1686.6
2071,07/25/2013,1685.3,1686.0
2072,07/24/2013,1684.2,1683.2
2073,07/23/2013,1690.2,1689.1
2074,07/22/2013,1690.7,1692.2
2075,07/19/2013,1680.1,1689.5
2076,07/18/2013,1680.1,1679.5
2077,07/17/2013,1676.6,1676.6
2078,07/16/2013,1672.2,1672.1
2079,07/15/2013,1677.7,1677.3
2080,07/12/2013,1670.4,1670.3
2081,07/11/2013,1670.4,1669.8
2082,07/10/2013,1657.8,1662.6
2083,07/09/2013,1647.0,1646.5
2084,07/08/2013,1636.8,1636.8
2085,07/05/2013,1627.9,1627.3
2086,07/04/2013,1609.1,1609.1
2087,07/03/2013,1609.3,1609.1
2088,07/02/2013,1607.4,1607.4
2089,07/01/2013,1606.8,1607.7
2090,06/28/2013,1606.7,1599.3
2091,06/27/2013,1606.7,1607.6
2092,06/26/2013,1596.0,1595.6
2093,06/25/2013,1580.0,1580.3
2094,06/24/2013,1567.5,1568.8
2095,06/21/2013,1585.6,1584.1
2096,06/20/2013,1585.6,1583.0
2097,06/19/2013,1629.5,1629.5
2098,06/18/2013,1650.8,1650.8
2099,06/17/2013,1639.2,1639.2
2100,06/14/2013,1633.5,1624.3
2101,06/13/2013,1636.2,1636.2
2102,06/12/2013,1611.2,1610.3
2103,06/11/2013,1627.5,1627.2
2104,06/10/2013,1642.2,1642.0
2105,06/07/2013,1622.0,1638.6
2106,06/06/2013,1622.0,1622.0
2107,06/05/2013,1607.8,1608.8
2108,06/04/2013,1630.6,1630.2
2109,06/03/2013,1635.2,1632.6
2110,05/31/2013,1652.1,1629.0
2111,05/30/2013,1652.1,1652.0
2112,05/29/2013,1646.2,1645.6
2113,05/28/2013,1654.0,1654.1
2114,05/27/2013,1650.6,1650.6
2115,05/24/2013,1651.8,1650.6
2116,05/23/2013,1651.8,1650.8
2117,05/22/2013,1657.7,1656.6
2118,05/21/2013,1666.0,1666.2
2119,05/20/2013,1663.8,1663.8
2120,05/17/2013,1649.0,1663.0
2121,05/16/2013,1649.0,1649.4
2122,05/15/2013,1654.6,1654.3
2123,05/14/2013,1647.6,1646.7
2124,05/13/2013,1630.7,1630.7
2125,05/10/2013,1626.4,1629.6
2126,05/09/2013,1626.4,1626.3
2127,05/08/2013,1628.4,1628.2
2128,05/07/2013,1620.0,1618.7
2129,05/06/2013,1611.5,1611.5
2130,05/03/2013,1592.3,1608.5
2131,05/02/2013,1592.3,1591.4
2132,05/01/2013,1579.3,1579.9
2133,04/30/2013,1592.8,1592.8
2134,04/29/2013,1588.7,1587.5
2135,04/26/2013,1581.1,1576.5
2136,04/25/2013,1581.1,1581.6
2137,04/24/2013,1572.5,1572.9
2138,04/23/2013,1573.5,1573.5
2139,04/22/2013,1558.1,1558.1
2140,04/19/2013,1535.5,1547.6
2141,04/18/2013,1535.5,1537.6
2142,04/17/2013,1544.4,1545.3
2143,04/16/2013,1568.3,1566.4
2144,04/15/2013,1543.8,1545.4
2145,04/12/2013,1587.7,1581.9
2146,04/11/2013,1587.7,1589.1
2147,04/10/2013,1583.6,1582.5
2148,04/09/2013,1563.0,1562.8
2149,04/08/2013,1561.0,1560.2
2150,04/05/2013,1554.6,1546.0
2151,04/04/2013,1554.6,1554.8
2152,04/03/2013,1548.6,1547.4
2153,04/02/2013,1565.5,1565.2
2154,04/01/2013,1556.7,1555.6
2155,03/29/2013,1562.7,1562.7
2156,03/28/2013,1555.9,1562.7
2157,03/27/2013,1555.9,1556.4
2158,03/26/2013,1557.5,1558.6
2159,03/25/2013,1547.1,1548.6
2160,03/22/2013,1538.6,1552.0
2161,03/21/2013,1538.6,1539.1
2162,03/20/2013,1549.2,1550.2
2163,03/19/2013,1539.2,1537.7
2164,03/18/2013,1547.6,1547.4
2165,03/15/2013,1554.7,1553.6
2166,03/14/2013,1554.7,1555.6
2167,03/13/2013,1556.0,1555.9
2168,03/12/2013,1551.7,1552.4
2169,03/11/2013,1556.5,1555.9
2170,03/08/2013,1550.0,1549.6
2171,03/07/2013,1539.6,1542.8
2172,03/06/2013,1539.6,1539.5
2173,03/05/2013,1539.1,1539.3
2174,03/04/2013,1526.7,1526.5
2175,03/01/2013,1512.4,1516.5
2176,02/28/2013,1512.4,1508.0
2177,02/27/2013,1516.1,1516.3
2178,02/26/2013,1493.3,1493.0
2179,02/25/2013,1485.6,1487.5
2180,02/22/2013,1503.1,1514.6
2181,02/21/2013,1503.1,1503.1
2182,02/20/2013,1507.5,1508.5
2183,02/19/2013,1528.5,1528.5
2184,02/18/2013,1517.1,1517.1
2185,02/15/2013,1518.9,1517.1
2186,02/14/2013,1518.9,1518.2
2187,02/13/2013,1516.2,1515.9
2188,02/12/2013,1517.6,1517.8
2189,02/11/2013,1512.5,1513.3
2190,02/08/2013,1513.0,1512.4
2191,02/07/2013,1504.3,1504.9
2192,02/06/2013,1506.7,1507.0
2193,02/05/2013,1506.6,1506.5
2194,02/04/2013,1492.5,1493.7
2195,02/01/2013,1507.4,1506.7
2196,01/31/2013,1495.7,1497.2
2197,01/30/2013,1494.6,1495.4
2198,01/29/2013,1505.2,1504.1
2199,01/28/2013,1495.6,1494.7
2200,01/25/2013,1495.7,1495.7
2201,01/24/2013,1488.0,1488.0
2202,01/23/2013,1483.8,1484.6
2203,01/22/2013,1490.4,1489.6
2204,01/21/2013,1478.9,1478.9
2205,01/18/2013,1475.3,1478.9
2206,01/17/2013,1475.3,1474.6
2207,01/16/2013,1464.9,1463.6
2208,01/15/2013,1466.6,1467.1
2209,01/14/2013,1464.8,1464.5
2210,01/11/2013,1469.6,1467.2
2211,01/10/2013,1469.6,1469.7
2212,01/09/2013,1456.5,1455.1
2213,01/08/2013,1451.6,1452.5
2214,01/07/2013,1456.7,1456.6
2215,01/04/2013,1454.0,1457.7
2216,01/03/2013,1454.0,1453.7
2217,01/02/2013,1456.0,1454.1
2218,01/01/2013,1420.1,1420.1
2219,12/31/2012,1418.0,1420.1
2220,12/28/2012,1415.0,1384.0
2221,12/27/2012,1415.0,1414.9
2222,12/26/2012,1413.1,1413.2
2223,12/25/2012,1419.8,1419.8
2224,12/24/2012,1424.1,1419.8
2225,12/21/2012,1440.5,1425.9
2226,12/20/2012,1440.5,1439.1
2227,12/19/2012,1437.2,1437.3
2228,12/18/2012,1432.0,1445.7
2229,12/17/2012,1417.8,1432.4
2230,12/14/2012,1414.5,1415.1
2231,12/13/2012,1426.4,1418.1
2232,12/12/2012,1426.4,1428.2
2233,12/11/2012,1430.8,1430.9
2234,12/10/2012,1417.6,1416.5
2235,12/07/2012,1415.7,1416.0
2236,12/06/2012,1413.1,1413.1
2237,12/05/2012,1406.6,1409.0
2238,12/04/2012,1401.8,1402.6
2239,12/03/2012,1406.1,1406.6
2240,11/30/2012,1411.5,1414.4
2241,11/29/2012,1411.5,1410.9
2242,11/28/2012,1405.0,1405.0
2243,11/27/2012,1397.4,1395.6
2244,11/26/2012,1404.2,1403.6
2245,11/23/2012,1392.0,1405.3
2246,11/22/2012,1388.3,1388.3
2247,11/21/2012,1392.5,1388.3
2248,11/20/2012,1385.7,1385.8
2249,11/19/2012,1379.9,1380.5
2250,11/16/2012,1350.6,1359.8
2251,11/15/2012,1350.6,1350.5
2252,11/14/2012,1354.7,1355.5
2253,11/13/2012,1374.2,1372.8
2254,11/12/2012,1378.2,1375.5
2255,11/09/2012,1376.7,1375.7
2256,11/08/2012,1376.7,1376.5
2257,11/07/2012,1392.8,1393.5
2258,11/06/2012,1425.9,1422.9
2259,11/05/2012,1411.0,1411.0
2260,11/02/2012,1424.0,1405.5
2261,11/01/2012,1424.0,1423.8
2262,10/31/2012,1401.8,1402.4
2263,10/30/2012,1397.3,1397.3
2264,10/29/2012,1399.6,1397.3
2265,10/26/2012,1405.5,1407.6
2266,10/25/2012,1405.5,1406.1
2267,10/24/2012,1406.8,1407.0
2268,10/23/2012,1407.9,1408.5
2269,10/22/2012,1431.5,1431.5
2270,10/19/2012,1451.4,1424.0
2271,10/18/2012,1451.4,1451.3
2272,10/17/2012,1456.3,1456.4
2273,10/16/2012,1451.6,1451.0
2274,10/15/2012,1435.6,1436.9
2275,10/12/2012,1430.7,1421.5
2276,10/11/2012,1430.7,1430.7
2277,10/10/2012,1422.0,1422.6
2278,10/09/2012,1436.9,1434.3
2279,10/08/2012,1457.0,1449.8
2280,10/05/2012,1456.0,1455.5
2281,10/04/2012,1456.0,1456.6
2282,10/03/2012,1446.1,1448.5
2283,10/02/2012,1440.4,1440.5
2284,10/01/2012,1437.5,1437.5
2285,09/28/2012,1441.7,1434.2
2286,09/27/2012,1441.7,1442.2
2287,09/26/2012,1427.9,1426.9
2288,09/25/2012,1437.8,1437.8
2289,09/24/2012,1452.9,1452.1
2290,09/21/2012,1456.0,1451.9
2291,09/20/2012,1456.0,1455.4
2292,09/19/2012,1452.5,1452.8
2293,09/18/2012,1459.5,1459.3
2294,09/17/2012,1460.5,1460.7
2295,09/14/2012,1469.0,1465.8
2296,09/13/2012,1438.8,1457.3
2297,09/12/2012,1438.8,1439.2
2298,09/11/2012,1428.8,1429.0
2299,09/10/2012,1425.1,1426.1
2300,09/07/2012,1431.6,1438.2
2301,09/06/2012,1431.6,1431.3
2302,09/05/2012,1404.2,1405.0
2303,09/04/2012,1405.0,1405.0
2304,09/03/2012,1405.1,1405.1
2305,08/31/2012,1396.8,1405.1
2306,08/30/2012,1396.8,1396.8
2307,08/29/2012,1407.4,1407.4
2308,08/28/2012,1408.1,1409.0
2309,08/27/2012,1408.5,1408.5
2310,08/24/2012,1401.6,1409.8
2311,08/23/2012,1401.6,1401.2
2312,08/22/2012,1411.5,1411.5
2313,08/21/2012,1411.2,1410.8
2314,08/20/2012,1415.7,1415.7
2315,08/17/2012,1413.6,1415.2
2316,08/16/2012,1413.6,1413.3
2317,08/15/2012,1404.0,1404.0
2318,08/14/2012,1400.3,1400.1
2319,08/13/2012,1402.3,1402.3
2320,08/10/2012,1400.3,1402.4
2321,08/09/2012,1400.3,1400.3
2322,08/08/2012,1397.7,1397.7
2323,08/07/2012,1396.3,1397.0
2324,08/06/2012,1389.0,1389.5
2325,08/03/2012,1360.6,1389.0
2326,08/02/2012,1362.2,1361.9
2327,08/01/2012,1369.8,1371.8
2328,07/31/2012,1372.0,1371.9
2329,07/30/2012,1380.9,1381.0
2330,07/27/2012,1354.6,1382.5
2331,07/26/2012,1354.6,1355.6
2332,07/25/2012,1335.3,1335.2
2333,07/24/2012,1323.5,1322.5
2334,07/23/2012,1337.4,1340.0
2335,07/20/2012,1371.5,1358.2
2336,07/19/2012,1371.5,1371.2
2337,07/18/2012,1371.6,1371.6
2338,07/17/2012,1357.6,1357.6
2339,07/16/2012,1347.3,1346.6
2340,07/13/2012,1331.0,1351.7
2341,07/12/2012,1331.0,1331.0
2342,07/11/2012,1336.8,1336.3
2343,07/10/2012,1335.1,1335.1
2344,07/09/2012,1346.6,1347.0
2345,07/06/2012,1361.5,1351.8
2346,07/05/2012,1361.5,1361.5
2347,07/04/2012,1368.0,1368.0
2348,07/03/2012,1368.0,1368.0
2349,07/02/2012,1359.1,1359.1
2350,06/29/2012,1319.3,1356.4
2351,06/28/2012,1319.3,1319.3
2352,06/27/2012,1325.4,1325.3
2353,06/26/2012,1315.5,1315.0
2354,06/25/2012,1306.5,1307.6
2355,06/22/2012,1322.3,1326.8
2356,06/21/2012,1322.3,1321.1
2357,06/20/2012,1350.7,1349.5
2358,06/19/2012,1349.5,1349.5
2359,06/18/2012,1340.4,1340.9
2360,06/15/2012,1325.3,1337.5
2361,06/14/2012,1325.3,1325.3
2362,06/13/2012,1316.0,1315.5
2363,06/12/2012,1323.7,1326.7
2364,06/11/2012,1328.5,1306.9
2365,06/08/2012,1328.5,1328.7
2366,06/07/2012,1316.0,1316.7
2367,06/06/2012,1316.0,1317.0
2368,06/05/2012,1285.1,1285.0
2369,06/04/2012,1272.9,1273.5
2370,06/01/2012,1306.0,1273.9
2371,05/31/2012,1306.0,1307.0
2372,05/30/2012,1307.3,1308.4
2373,05/29/2012,1331.5,1330.0
2374,05/28/2012,1315.0,1315.0
2375,05/25/2012,1323.0,1315.0
2376,05/24/2012,1323.0,1321.5
2377,05/23/2012,1315.9,1315.6
2378,05/22/2012,1313.3,1312.5
2379,05/21/2012,1315.0,1314.6
2380,05/18/2012,1302.9,1290.8
2381,05/17/2012,1302.9,1302.9
2382,05/16/2012,1321.4,1323.4
2383,05/15/2012,1330.5,1330.5
2384,05/14/2012,1335.6,1336.7
2385,05/11/2012,1347.1,1350.0
2386,05/10/2012,1347.1,1349.2
2387,05/09/2012,1348.0,1348.1
2388,05/08/2012,1359.7,1358.0
2389,05/07/2012,1366.4,1366.4
2390,05/04/2012,1386.7,1362.5
2391,05/03/2012,1386.7,1386.1
2392,05/02/2012,1397.6,1397.4
2393,05/01/2012,1401.6,1401.4
2394,04/30/2012,1395.3,1395.4
2395,04/27/2012,1391.4,1398.5
2396,04/26/2012,1391.4,1390.3
2397,04/25/2012,1387.8,1387.2
2398,04/24/2012,1374.9,1376.0
2399,04/23/2012,1364.3,1364.4
2400,04/20/2012,1373.0,1375.2
2401,04/19/2012,1373.0,1373.2
2402,04/18/2012,1379.7,1380.0
2403,04/17/2012,1383.5,1383.8
2404,04/16/2012,1363.9,1364.0
2405,04/13/2012,1384.1,1365.0
2406,04/12/2012,1384.1,1384.2
2407,04/11/2012,1365.8,1367.3
2408,04/10/2012,1360.0,1359.4
2409,04/09/2012,1375.7,1376.3
2410,04/06/2012,1390.2,1390.2
2411,04/05/2012,1390.4,1390.2
2412,04/04/2012,1392.0,1392.9
2413,04/03/2012,1407.8,1407.0
2414,04/02/2012,1411.5,1412.2
2415,03/30/2012,1397.8,1403.2
2416,03/29/2012,1397.8,1397.8
2417,03/28/2012,1401.2,1400.9
2418,03/27/2012,1405.5,1406.4
2419,03/26/2012,1414.8,1415.8
2420,03/23/2012,1390.1,1394.1
2421,03/22/2012,1390.1,1388.9
2422,03/21/2012,1397.9,1398.4
2423,03/20/2012,1400.1,1399.8
2424,03/19/2012,1404.0,1403.9
2425,03/16/2012,1395.8,1398.5
2426,03/15/2012,1395.8,1394.9
2427,03/14/2012,1395.2,1394.2
2428,03/13/2012,1379.0,1396.2
2429,03/12/2012,1372.6,1372.5
2430,03/09/2012,1373.0,1372.6
2431,03/08/2012,1352.5,1366.4
2432,03/07/2012,1352.5,1351.6
2433,03/06/2012,1343.0,1344.6
2434,03/05/2012,1363.6,1364.3
2435,03/02/2012,1375.7,1368.8
2436,03/01/2012,1375.7,1376.0
2437,02/29/2012,1361.0,1361.8
2438,02/28/2012,1371.4,1371.4
2439,02/27/2012,1366.7,1367.7
2440,02/24/2012,1364.6,1363.3
2441,02/23/2012,1364.6,1365.1
2442,02/22/2012,1355.2,1355.0
2443,02/21/2012,1360.3,1360.4
2444,02/20/2012,1359.7,1359.7
2445,02/17/2012,1355.3,1359.7
2446,02/16/2012,1355.3,1354.8
2447,02/15/2012,1339.5,1339.1
2448,02/14/2012,1347.5,1347.3
2449,02/13/2012,1348.5,1345.8
2450,02/10/2012,1347.1,1340.6
2451,02/09/2012,1347.1,1346.7
2452,02/08/2012,1343.8,1348.3
2453,02/07/2012,1343.9,1347.0
2454,02/06/2012,1340.3,1344.7
2455,02/03/2012,1336.5,1339.1
2456,02/02/2012,1322.4,1339.1
2457,02/01/2012,1321.4,1322.7
2458,01/31/2012,1307.6,1319.8
2459,01/30/2012,1309.1,1308.2
2460,01/27/2012,1314.1,1308.9
2461,01/26/2012,1316.1,1312.5
2462,01/25/2012,1321.0,1315.3
2463,01/24/2012,1314.1,1320.2
2464,01/23/2012,1310.5,1311.4
2465,01/20/2012,1307.5,1311.1
2466,01/19/2012,1309.9,1310.8
2467,01/18/2012,1306.1,1310.4
2468,01/17/2012,1290.6,1302.2
2469,01/16/2012,1289.3,1289.3
2470,01/13/2012,1290.0,1289.3
2471,01/12/2012,1291.5,1288.9
2472,01/11/2012,1288.5,1291.7
2473,01/10/2012,1284.9,1288.2
2474,01/09/2012,1275.1,1286.1
2475,01/06/2012,1274.8,1275.6
2476,01/05/2012,1272.2,1274.2
2477,01/04/2012,1272.6,1273.1
2478,01/03/2012,1273.0,1273.0
2479,01/02/2012,1272.1,1272.1
2480,12/30/2011,1272.6,1272.1
2481,12/29/2011,1257.4,1252.6
2482,12/28/2011,1244.8,1257.4
2483,12/27/2011,1258.6,1244.5
2484,12/26/2011,1260.2,1260.2
2485,12/23/2011,1260.3,1260.2
2486,12/22/2011,1251.4,1260.3
2487,12/21/2011,1235.9,1249.1
2488,12/20/2011,1235.3,1236.3
2489,12/19/2011,1200.0,1236.0
2490,12/16/2011,1212.1,1199.0
2491,12/15/2011,1213.0,1210.9
2492,12/14/2011,1205.2,1211.7
2493,12/13/2011,1212.2,1212.6
2494,12/12/2011,1220.7,1226.3
2495,12/09/2011,1232.5,1235.2
2496,12/08/2011,1260.7,1258.8
2497,12/07/2011,1265.2,1236.0
2498,12/06/2011,1256.1,1264.0
2499,12/05/2011,1252.9,1254.9
2500,12/02/2011,1249.8,1255.0
2501,12/01/2011,1243.0,1243.5
2502,11/30/2011,1244.2,1243.6
2503,11/29/2011,1240.9,1246.0
2504,11/28/2011,1190.4,1196.5
2505,11/25/2011,1172.0,1191.1
2506,11/24/2011,1153.4,1153.4
2507,11/23/2011,1159.5,1153.4
2508,11/22/2011,1160.0,1159.9
2509,11/21/2011,1181.0,1182.8
2510,11/18/2011,1209.0,1190.7
2511,11/17/2011,1215.0,1213.9
2512,11/16/2011,1228.8,1214.8
2513,11/15/2011,1253.5,1231.0
2514,11/14/2011,1254.3,1254.1
2515,11/11/2011,1264.0,1252.4
2516,11/10/2011,1238.7,1261.6
2517,11/09/2011,1226.9,1237.4
2518,11/08/2011,1226.8,1225.6
2519,11/07/2011,1261.7,1273.2
2520,11/04/2011,1255.0,1257.5
2521,11/03/2011,1256.1,1251.1
2522,11/02/2011,1237.9,1255.7
2523,11/01/2011,1224.8,1234.2
2524,10/31/2011,1242.8,1224.6
2525,10/28/2011,1280.9,1249.3
2526,10/27/2011,1281.8,1280.9
2527,10/26/2011,1241.3,1282.6
2528,10/25/2011,1225.0,1237.4
2529,10/24/2011,1247.0,1224.6
2530,10/21/2011,1237.9,1247.1
2531,10/20/2011,1209.5,1235.2
2532,10/19/2011,1209.0,1209.9
2533,10/18/2011,1216.5,1206.6
2534,10/17/2011,1190.1,1223.1
2535,10/14/2011,1197.7,1193.9
2536,10/13/2011,1199.5,1219.2
2537,10/12/2011,1198.7,1197.9
2538,10/11/2011,1187.5,1198.2
2539,10/10/2011,1188.9,1189.6
2540,10/07/2011,1158.0,1190.9
2541,10/06/2011,1157.7,1154.9
2542,10/05/2011,1136.2,1157.6
2543,10/04/2011,1114.8,1135.0
2544,10/03/2011,1086.3,1113.6
2545,09/30/2011,1088.0,1086.3
2546,09/29/2011,1158.4,1126.0
2547,09/28/2011,1156.8,1156.3
2548,09/27/2011,1169.5,1148.7
2549,09/26/2011,1169.9,1169.5
2550,09/23/2011,1121.8,1158.4
2551,09/22/2011,1129.0,1129.8
2552,09/21/2011,1156.2,1123.5
2553,09/20/2011,1198.9,1155.8
2554,09/19/2011,1196.5,1196.0
2555,09/16/2011,1189.3,1197.8
2556,09/15/2011,1206.5,1211.8
