date,ada_close,lag_1,lag_2,lag_3,lag_4,lag_5,lag_6,lag_7
2017-10-11,0.02252,0.021531,0.022114,0.018539,0.021489,0.021931,0.020816,0.025932
2017-10-12,0.026252,0.02252,0.021531,0.022114,0.018539,0.021489,0.021931,0.020816
2017-10-13,0.033641,0.026252,0.02252,0.021531,0.022114,0.018539,0.021489,0.021931
2017-10-16,0.028948,0.033641,0.026252,0.02252,0.021531,0.022114,0.018539,0.021489
2017-10-17,0.027217,0.028948,0.033641,0.026252,0.02252,0.021531,0.022114,0.018539
2017-10-18,0.026691,0.027217,0.028948,0.033641,0.026252,0.02252,0.021531,0.022114
2017-10-19,0.027032,0.026691,0.027217,0.028948,0.033641,0.026252,0.02252,0.021531
2017-10-20,0.03063,0.027032,0.026691,0.027217,0.028948,0.033641,0.026252,0.02252
2017-10-23,0.025454,0.03063,0.027032,0.026691,0.027217,0.028948,0.033641,0.026252
2017-10-24,0.027193,0.025454,0.03063,0.027032,0.026691,0.027217,0.028948,0.033641
2017-10-25,0.027527,0.027193,0.025454,0.03063,0.027032,0.026691,0.027217,0.028948
2017-10-26,0.027132,0.027527,0.027193,0.025454,0.03063,0.027032,0.026691,0.027217
2017-10-27,0.026382,0.027132,0.027527,0.027193,0.025454,0.03063,0.027032,0.026691
2017-10-30,0.028583,0.026382,0.027132,0.027527,0.027193,0.025454,0.03063,0.027032
2017-10-31,0.030437,0.028583,0.026382,0.027132,0.027527,0.027193,0.025454,0.03063
2017-11-01,0.022986,0.030437,0.028583,0.026382,0.027132,0.027527,0.027193,0.025454
2017-11-02,0.021306,0.022986,0.030437,0.028583,0.026382,0.027132,0.027527,0.027193
2017-11-03,0.022628,0.021306,0.022986,0.030437,0.028583,0.026382,0.027132,0.027527
2017-11-06,0.021881,0.022628,0.021306,0.022986,0.030437,0.028583,0.026382,0.027132
2017-11-07,0.022195,0.021881,0.022628,0.021306,0.022986,0.030437,0.028583,0.026382
2017-11-08,0.025186,0.022195,0.021881,0.022628,0.021306,0.022986,0.030437,0.028583
2017-11-09,0.032053,0.025186,0.022195,0.021881,0.022628,0.021306,0.022986,0.030437
2017-11-10,0.027119,0.032053,0.025186,0.022195,0.021881,0.022628,0.021306,0.022986
2017-11-13,0.025808,0.027119,0.032053,0.025186,0.022195,0.021881,0.022628,0.021306
2017-11-14,0.02623,0.025808,0.027119,0.032053,0.025186,0.022195,0.021881,0.022628
2017-11-15,0.026445,0.02623,0.025808,0.027119,0.032053,0.025186,0.022195,0.021881
2017-11-16,0.02758,0.026445,0.02623,0.025808,0.027119,0.032053,0.025186,0.022195
2017-11-17,0.025773,0.02758,0.026445,0.02623,0.025808,0.027119,0.032053,0.025186
2017-11-20,0.029581,0.025773,0.02758,0.026445,0.02623,0.025808,0.027119,0.032053
2017-11-21,0.02833,0.029581,0.025773,0.02758,0.026445,0.02623,0.025808,0.027119
2017-11-22,0.028549,0.02833,0.029581,0.025773,0.02758,0.026445,0.02623,0.025808
2017-11-24,0.028382,0.028549,0.02833,0.029581,0.025773,0.02758,0.026445,0.02623
2017-11-27,0.050593,0.028382,0.028549,0.02833,0.029581,0.025773,0.02758,0.026445
2017-11-28,0.119744,0.050593,0.028382,0.028549,0.02833,0.029581,0.025773,0.02758
2017-11-29,0.089718,0.119744,0.050593,0.028382,0.028549,0.02833,0.029581,0.025773
2017-11-30,0.119883,0.089718,0.119744,0.050593,0.028382,0.028549,0.02833,0.029581
2017-12-01,0.131352,0.119883,0.089718,0.119744,0.050593,0.028382,0.028549,0.02833
2017-12-04,0.13587,0.131352,0.119883,0.089718,0.119744,0.050593,0.028382,0.028549
2017-12-05,0.127488,0.13587,0.131352,0.119883,0.089718,0.119744,0.050593,0.028382
2017-12-06,0.117839,0.127488,0.13587,0.131352,0.119883,0.089718,0.119744,0.050593
2017-12-07,0.105501,0.117839,0.127488,0.13587,0.131352,0.119883,0.089718,0.119744
2017-12-08,0.115465,0.105501,0.117839,0.127488,0.13587,0.131352,0.119883,0.089718
2017-12-11,0.121383,0.115465,0.105501,0.117839,0.127488,0.13587,0.131352,0.119883
2017-12-12,0.133891,0.121383,0.115465,0.105501,0.117839,0.127488,0.13587,0.131352
2017-12-13,0.134281,0.133891,0.121383,0.115465,0.105501,0.117839,0.127488,0.13587
2017-12-14,0.240753,0.134281,0.133891,0.121383,0.115465,0.105501,0.117839,0.127488
2017-12-15,0.213467,0.240753,0.134281,0.133891,0.121383,0.115465,0.105501,0.117839
2017-12-18,0.518198,0.213467,0.240753,0.134281,0.133891,0.121383,0.115465,0.105501
2017-12-19,0.531273,0.518198,0.213467,0.240753,0.134281,0.133891,0.121383,0.115465
2017-12-20,0.486151,0.531273,0.518198,0.213467,0.240753,0.134281,0.133891,0.121383
2017-12-21,0.477851,0.486151,0.531273,0.518198,0.213467,0.240753,0.134281,0.133891
2017-12-22,0.40715,0.477851,0.486151,0.531273,0.518198,0.213467,0.240753,0.134281
2017-12-26,0.428465,0.40715,0.477851,0.486151,0.531273,0.518198,0.213467,0.240753
2017-12-27,0.414176,0.428465,0.40715,0.477851,0.486151,0.531273,0.518198,0.213467
2017-12-28,0.407701,0.414176,0.428465,0.40715,0.477851,0.486151,0.531273,0.518198
2017-12-29,0.529299,0.407701,0.414176,0.428465,0.40715,0.477851,0.486151,0.531273
2018-01-02,0.782587,0.529299,0.407701,0.414176,0.428465,0.40715,0.477851,0.486151
2018-01-03,1.07966,0.782587,0.529299,0.407701,0.414176,0.428465,0.40715,0.477851
2018-01-04,1.11412,1.07966,0.782587,0.529299,0.407701,0.414176,0.428465,0.40715
2018-01-05,0.999559,1.11412,1.07966,0.782587,0.529299,0.407701,0.414176,0.428465
2018-01-08,0.899002,0.999559,1.11412,1.07966,0.782587,0.529299,0.407701,0.414176
2018-01-09,0.814743,0.899002,0.999559,1.11412,1.07966,0.782587,0.529299,0.407701
2018-01-10,0.793121,0.814743,0.899002,0.999559,1.11412,1.07966,0.782587,0.529299
2018-01-11,0.688412,0.793121,0.814743,0.899002,0.999559,1.11412,1.07966,0.782587
2018-01-12,0.897508,0.688412,0.793121,0.814743,0.899002,0.999559,1.11412,1.07966
2018-01-16,0.626493,0.897508,0.688412,0.793121,0.814743,0.899002,0.999559,1.11412
2018-01-17,0.629102,0.626493,0.897508,0.688412,0.793121,0.814743,0.899002,0.999559
2018-01-18,0.659843,0.629102,0.626493,0.897508,0.688412,0.793121,0.814743,0.899002
2018-01-19,0.650498,0.659843,0.629102,0.626493,0.897508,0.688412,0.793121,0.814743
2018-01-22,0.570458,0.650498,0.659843,0.629102,0.626493,0.897508,0.688412,0.793121
2018-01-23,0.56307,0.570458,0.650498,0.659843,0.629102,0.626493,0.897508,0.688412
2018-01-24,0.622208,0.56307,0.570458,0.650498,0.659843,0.629102,0.626493,0.897508
2018-01-25,0.637495,0.622208,0.56307,0.570458,0.650498,0.659843,0.629102,0.626493
2018-01-26,0.623382,0.637495,0.622208,0.56307,0.570458,0.650498,0.659843,0.629102
2018-01-29,0.623204,0.623382,0.637495,0.622208,0.56307,0.570458,0.650498,0.659843
2018-01-30,0.531913,0.623204,0.623382,0.637495,0.622208,0.56307,0.570458,0.650498
2018-01-31,0.519315,0.531913,0.623204,0.623382,0.637495,0.622208,0.56307,0.570458
2018-02-01,0.421672,0.519315,0.531913,0.623204,0.623382,0.637495,0.622208,0.56307
2018-02-02,0.390534,0.421672,0.519315,0.531913,0.623204,0.623382,0.637495,0.622208
2018-02-05,0.327371,0.390534,0.421672,0.519315,0.531913,0.623204,0.623382,0.637495
2018-02-06,0.369753,0.327371,0.390534,0.421672,0.519315,0.531913,0.623204,0.623382
2018-02-07,0.340447,0.369753,0.327371,0.390534,0.421672,0.519315,0.531913,0.623204
2018-02-08,0.356584,0.340447,0.369753,0.327371,0.390534,0.421672,0.519315,0.531913
2018-02-09,0.391602,0.356584,0.340447,0.369753,0.327371,0.390534,0.421672,0.519315
2018-02-12,0.384315,0.391602,0.356584,0.340447,0.369753,0.327371,0.390534,0.421672
2018-02-13,0.373314,0.384315,0.391602,0.356584,0.340447,0.369753,0.327371,0.390534
2018-02-14,0.396908,0.373314,0.384315,0.391602,0.356584,0.340447,0.369753,0.327371
2018-02-15,0.409368,0.396908,0.373314,0.384315,0.391602,0.356584,0.340447,0.369753
2018-02-16,0.40381,0.409368,0.396908,0.373314,0.384315,0.391602,0.356584,0.340447
2018-02-20,0.378779,0.40381,0.409368,0.396908,0.373314,0.384315,0.391602,0.356584
2018-02-21,0.364441,0.378779,0.40381,0.409368,0.396908,0.373314,0.384315,0.391602
2018-02-22,0.337871,0.364441,0.378779,0.40381,0.409368,0.396908,0.373314,0.384315
2018-02-23,0.345258,0.337871,0.364441,0.378779,0.40381,0.409368,0.396908,0.373314
2018-02-26,0.338335,0.345258,0.337871,0.364441,0.378779,0.40381,0.409368,0.396908
2018-02-27,0.335536,0.338335,0.345258,0.337871,0.364441,0.378779,0.40381,0.409368
2018-02-28,0.312581,0.335536,0.338335,0.345258,0.337871,0.364441,0.378779,0.40381
2018-03-01,0.304397,0.312581,0.335536,0.338335,0.345258,0.337871,0.364441,0.378779
2018-03-02,0.293504,0.304397,0.312581,0.335536,0.338335,0.345258,0.337871,0.364441
2018-03-05,0.297622,0.293504,0.304397,0.312581,0.335536,0.338335,0.345258,0.337871
2018-03-06,0.285357,0.297622,0.293504,0.304397,0.312581,0.335536,0.338335,0.345258
2018-03-07,0.247281,0.285357,0.297622,0.293504,0.304397,0.312581,0.335536,0.338335
2018-03-08,0.221743,0.247281,0.285357,0.297622,0.293504,0.304397,0.312581,0.335536
2018-03-09,0.222207,0.221743,0.247281,0.285357,0.297622,0.293504,0.304397,0.312581
2018-03-12,0.223722,0.222207,0.221743,0.247281,0.285357,0.297622,0.293504,0.304397
2018-03-13,0.223026,0.223722,0.222207,0.221743,0.247281,0.285357,0.297622,0.293504
2018-03-14,0.199562,0.223026,0.223722,0.222207,0.221743,0.247281,0.285357,0.297622
2018-03-15,0.185709,0.199562,0.223026,0.223722,0.222207,0.221743,0.247281,0.285357
2018-03-16,0.178878,0.185709,0.199562,0.223026,0.223722,0.222207,0.221743,0.247281
2018-03-19,0.197648,0.178878,0.185709,0.199562,0.223026,0.223722,0.222207,0.221743
2018-03-20,0.204947,0.197648,0.178878,0.185709,0.199562,0.223026,0.223722,0.222207
2018-03-21,0.213189,0.204947,0.197648,0.178878,0.185709,0.199562,0.223026,0.223722
2018-03-22,0.203481,0.213189,0.204947,0.197648,0.178878,0.185709,0.199562,0.223026
2018-03-23,0.189259,0.203481,0.213189,0.204947,0.197648,0.178878,0.185709,0.199562
2018-03-26,0.167806,0.189259,0.203481,0.213189,0.204947,0.197648,0.178878,0.185709
2018-03-27,0.154926,0.167806,0.189259,0.203481,0.213189,0.204947,0.197648,0.178878
2018-03-28,0.160058,0.154926,0.167806,0.189259,0.203481,0.213189,0.204947,0.197648
2018-03-29,0.146882,0.160058,0.154926,0.167806,0.189259,0.203481,0.213189,0.204947
2018-04-02,0.156385,0.146882,0.160058,0.154926,0.167806,0.189259,0.203481,0.213189
2018-04-03,0.172447,0.156385,0.146882,0.160058,0.154926,0.167806,0.189259,0.203481
2018-04-04,0.155356,0.172447,0.156385,0.146882,0.160058,0.154926,0.167806,0.189259
2018-04-05,0.148758,0.155356,0.172447,0.156385,0.146882,0.160058,0.154926,0.167806
2018-04-06,0.144451,0.148758,0.155356,0.172447,0.156385,0.146882,0.160058,0.154926
2018-04-09,0.153106,0.144451,0.148758,0.155356,0.172447,0.156385,0.146882,0.160058
2018-04-10,0.156347,0.153106,0.144451,0.148758,0.155356,0.172447,0.156385,0.146882
2018-04-11,0.166029,0.156347,0.153106,0.144451,0.148758,0.155356,0.172447,0.156385
2018-04-12,0.212233,0.166029,0.156347,0.153106,0.144451,0.148758,0.155356,0.172447
2018-04-13,0.200532,0.212233,0.166029,0.156347,0.153106,0.144451,0.148758,0.155356
2018-04-16,0.256646,0.200532,0.212233,0.166029,0.156347,0.153106,0.144451,0.148758
2018-04-17,0.243724,0.256646,0.200532,0.212233,0.166029,0.156347,0.153106,0.144451
2018-04-18,0.260341,0.243724,0.256646,0.200532,0.212233,0.166029,0.156347,0.153106
2018-04-19,0.272358,0.260341,0.243724,0.256646,0.200532,0.212233,0.166029,0.156347
2018-04-20,0.301247,0.272358,0.260341,0.243724,0.256646,0.200532,0.212233,0.166029
2018-04-23,0.288473,0.301247,0.272358,0.260341,0.243724,0.256646,0.200532,0.212233
2018-04-24,0.312875,0.288473,0.301247,0.272358,0.260341,0.243724,0.256646,0.200532
2018-04-25,0.271654,0.312875,0.288473,0.301247,0.272358,0.260341,0.243724,0.256646
2018-04-26,0.294295,0.271654,0.312875,0.288473,0.301247,0.272358,0.260341,0.243724
2018-04-27,0.288489,0.294295,0.271654,0.312875,0.288473,0.301247,0.272358,0.260341
2018-04-30,0.343318,0.288489,0.294295,0.271654,0.312875,0.288473,0.301247,0.272358
2018-05-01,0.358693,0.343318,0.288489,0.294295,0.271654,0.312875,0.288473,0.301247
2018-05-02,0.37242,0.358693,0.343318,0.288489,0.294295,0.271654,0.312875,0.288473
2018-05-03,0.369709,0.37242,0.358693,0.343318,0.288489,0.294295,0.271654,0.312875
2018-05-04,0.360182,0.369709,0.37242,0.358693,0.343318,0.288489,0.294295,0.271654
2018-05-07,0.335176,0.360182,0.369709,0.37242,0.358693,0.343318,0.288489,0.294295
2018-05-08,0.328352,0.335176,0.360182,0.369709,0.37242,0.358693,0.343318,0.288489
2018-05-09,0.323593,0.328352,0.335176,0.360182,0.369709,0.37242,0.358693,0.343318
2018-05-10,0.297089,0.323593,0.328352,0.335176,0.360182,0.369709,0.37242,0.358693
2018-05-11,0.260127,0.297089,0.323593,0.328352,0.335176,0.360182,0.369709,0.37242
2018-05-14,0.273434,0.260127,0.297089,0.323593,0.328352,0.335176,0.360182,0.369709
2018-05-15,0.260155,0.273434,0.260127,0.297089,0.323593,0.328352,0.335176,0.360182
2018-05-16,0.256375,0.260155,0.273434,0.260127,0.297089,0.323593,0.328352,0.335176
2018-05-17,0.243664,0.256375,0.260155,0.273434,0.260127,0.297089,0.323593,0.328352
2018-05-18,0.245544,0.243664,0.256375,0.260155,0.273434,0.260127,0.297089,0.323593
2018-05-21,0.24884,0.245544,0.243664,0.256375,0.260155,0.273434,0.260127,0.297089
2018-05-22,0.224408,0.24884,0.245544,0.243664,0.256375,0.260155,0.273434,0.260127
2018-05-23,0.202873,0.224408,0.24884,0.245544,0.243664,0.256375,0.260155,0.273434
2018-05-24,0.208989,0.202873,0.224408,0.24884,0.245544,0.243664,0.256375,0.260155
2018-05-25,0.200655,0.208989,0.202873,0.224408,0.24884,0.245544,0.243664,0.256375
2018-05-29,0.20319,0.200655,0.208989,0.202873,0.224408,0.24884,0.245544,0.243664
2018-05-30,0.211143,0.20319,0.200655,0.208989,0.202873,0.224408,0.24884,0.245544
2018-05-31,0.225214,0.211143,0.20319,0.200655,0.208989,0.202873,0.224408,0.24884
2018-06-01,0.222507,0.225214,0.211143,0.20319,0.200655,0.208989,0.202873,0.224408
2018-06-04,0.214012,0.222507,0.225214,0.211143,0.20319,0.200655,0.208989,0.202873
2018-06-05,0.220467,0.214012,0.222507,0.225214,0.211143,0.20319,0.200655,0.208989
2018-06-06,0.215721,0.220467,0.214012,0.222507,0.225214,0.211143,0.20319,0.200655
2018-06-07,0.211119,0.215721,0.220467,0.214012,0.222507,0.225214,0.211143,0.20319
2018-06-08,0.205358,0.211119,0.215721,0.220467,0.214012,0.222507,0.225214,0.211143
2018-06-11,0.18128,0.205358,0.211119,0.215721,0.220467,0.214012,0.222507,0.225214
2018-06-12,0.166585,0.18128,0.205358,0.211119,0.215721,0.220467,0.214012,0.222507
2018-06-13,0.160408,0.166585,0.18128,0.205358,0.211119,0.215721,0.220467,0.214012
2018-06-14,0.172375,0.160408,0.166585,0.18128,0.205358,0.211119,0.215721,0.220467
2018-06-15,0.162747,0.172375,0.160408,0.166585,0.18128,0.205358,0.211119,0.215721
2018-06-18,0.164117,0.162747,0.172375,0.160408,0.166585,0.18128,0.205358,0.211119
2018-06-19,0.167185,0.164117,0.162747,0.172375,0.160408,0.166585,0.18128,0.205358
2018-06-20,0.161985,0.167185,0.164117,0.162747,0.172375,0.160408,0.166585,0.18128
2018-06-21,0.158556,0.161985,0.167185,0.164117,0.162747,0.172375,0.160408,0.166585
2018-06-22,0.139839,0.158556,0.161985,0.167185,0.164117,0.162747,0.172375,0.160408
2018-06-25,0.135269,0.139839,0.158556,0.161985,0.167185,0.164117,0.162747,0.172375
2018-06-26,0.126099,0.135269,0.139839,0.158556,0.161985,0.167185,0.164117,0.162747
2018-06-27,0.127444,0.126099,0.135269,0.139839,0.158556,0.161985,0.167185,0.164117
2018-06-28,0.11932,0.127444,0.126099,0.135269,0.139839,0.158556,0.161985,0.167185
2018-06-29,0.12572,0.11932,0.127444,0.126099,0.135269,0.139839,0.158556,0.161985
2018-07-02,0.158278,0.12572,0.11932,0.127444,0.126099,0.135269,0.139839,0.158556
2018-07-03,0.150655,0.158278,0.12572,0.11932,0.127444,0.126099,0.135269,0.139839
2018-07-05,0.148921,0.150655,0.158278,0.12572,0.11932,0.127444,0.126099,0.135269
2018-07-06,0.146084,0.148921,0.150655,0.158278,0.12572,0.11932,0.127444,0.126099
2018-07-09,0.139971,0.146084,0.148921,0.150655,0.158278,0.12572,0.11932,0.127444
2018-07-10,0.128792,0.139971,0.146084,0.148921,0.150655,0.158278,0.12572,0.11932
2018-07-11,0.131483,0.128792,0.139971,0.146084,0.148921,0.150655,0.158278,0.12572
2018-07-12,0.127181,0.131483,0.128792,0.139971,0.146084,0.148921,0.150655,0.158278
2018-07-13,0.137887,0.127181,0.131483,0.128792,0.139971,0.146084,0.148921,0.150655
2018-07-16,0.156118,0.137887,0.127181,0.131483,0.128792,0.139971,0.146084,0.148921
2018-07-17,0.170865,0.156118,0.137887,0.127181,0.131483,0.128792,0.139971,0.146084
2018-07-18,0.179378,0.170865,0.156118,0.137887,0.127181,0.131483,0.128792,0.139971
2018-07-19,0.180869,0.179378,0.170865,0.156118,0.137887,0.127181,0.131483,0.128792
2018-07-20,0.162175,0.180869,0.179378,0.170865,0.156118,0.137887,0.127181,0.131483
2018-07-23,0.164028,0.162175,0.180869,0.179378,0.170865,0.156118,0.137887,0.127181
2018-07-24,0.173172,0.164028,0.162175,0.180869,0.179378,0.170865,0.156118,0.137887
2018-07-25,0.172731,0.173172,0.164028,0.162175,0.180869,0.179378,0.170865,0.156118
2018-07-26,0.164765,0.172731,0.173172,0.164028,0.162175,0.180869,0.179378,0.170865
2018-07-27,0.16554,0.164765,0.172731,0.173172,0.164028,0.162175,0.180869,0.179378
2018-07-30,0.154087,0.16554,0.164765,0.172731,0.173172,0.164028,0.162175,0.180869
2018-07-31,0.143297,0.154087,0.16554,0.164765,0.172731,0.173172,0.164028,0.162175
2018-08-01,0.140901,0.143297,0.154087,0.16554,0.164765,0.172731,0.173172,0.164028
2018-08-02,0.131941,0.140901,0.143297,0.154087,0.16554,0.164765,0.172731,0.173172
2018-08-03,0.130255,0.131941,0.140901,0.143297,0.154087,0.16554,0.164765,0.172731
2018-08-06,0.130553,0.130255,0.131941,0.140901,0.143297,0.154087,0.16554,0.164765
2018-08-07,0.125378,0.130553,0.130255,0.131941,0.140901,0.143297,0.154087,0.16554
2018-08-08,0.113752,0.125378,0.130553,0.130255,0.131941,0.140901,0.143297,0.154087
2018-08-09,0.123507,0.113752,0.125378,0.130553,0.130255,0.131941,0.140901,0.143297
2018-08-10,0.116355,0.123507,0.113752,0.125378,0.130553,0.130255,0.131941,0.140901
2018-08-13,0.10291,0.116355,0.123507,0.113752,0.125378,0.130553,0.130255,0.131941
2018-08-14,0.094662,0.10291,0.116355,0.123507,0.113752,0.125378,0.130553,0.130255
2018-08-15,0.09504,0.094662,0.10291,0.116355,0.123507,0.113752,0.125378,0.130553
2018-08-16,0.095331,0.09504,0.094662,0.10291,0.116355,0.123507,0.113752,0.125378
2018-08-17,0.109887,0.095331,0.09504,0.094662,0.10291,0.116355,0.123507,0.113752
2018-08-20,0.093764,0.109887,0.095331,0.09504,0.094662,0.10291,0.116355,0.123507
2018-08-21,0.095003,0.093764,0.109887,0.095331,0.09504,0.094662,0.10291,0.116355
2018-08-22,0.090149,0.095003,0.093764,0.109887,0.095331,0.09504,0.094662,0.10291
2018-08-23,0.092453,0.090149,0.095003,0.093764,0.109887,0.095331,0.09504,0.094662
2018-08-24,0.094077,0.092453,0.090149,0.095003,0.093764,0.109887,0.095331,0.09504
2018-08-27,0.100264,0.094077,0.092453,0.090149,0.095003,0.093764,0.109887,0.095331
2018-08-28,0.10548,0.100264,0.094077,0.092453,0.090149,0.095003,0.093764,0.109887
2018-08-29,0.105469,0.10548,0.100264,0.094077,0.092453,0.090149,0.095003,0.093764
2018-08-30,0.10056,0.105469,0.10548,0.100264,0.094077,0.092453,0.090149,0.095003
2018-08-31,0.102196,0.10056,0.105469,0.10548,0.100264,0.094077,0.092453,0.090149
2018-09-04,0.105265,0.102196,0.10056,0.105469,0.10548,0.100264,0.094077,0.092453
2018-09-05,0.087569,0.105265,0.102196,0.10056,0.105469,0.10548,0.100264,0.094077
2018-09-06,0.088666,0.087569,0.105265,0.102196,0.10056,0.105469,0.10548,0.100264
2018-09-07,0.083983,0.088666,0.087569,0.105265,0.102196,0.10056,0.105469,0.10548
2018-09-10,0.073508,0.083983,0.088666,0.087569,0.105265,0.102196,0.10056,0.105469
2018-09-11,0.070513,0.073508,0.083983,0.088666,0.087569,0.105265,0.102196,0.10056
2018-09-12,0.066745,0.070513,0.073508,0.083983,0.088666,0.087569,0.105265,0.102196
2018-09-13,0.069829,0.066745,0.070513,0.073508,0.083983,0.088666,0.087569,0.105265
2018-09-14,0.068248,0.069829,0.066745,0.070513,0.073508,0.083983,0.088666,0.087569
2018-09-17,0.063899,0.068248,0.069829,0.066745,0.070513,0.073508,0.083983,0.088666
2018-09-18,0.06943,0.063899,0.068248,0.069829,0.066745,0.070513,0.073508,0.083983
2018-09-19,0.07235,0.06943,0.063899,0.068248,0.069829,0.066745,0.070513,0.073508
2018-09-20,0.081493,0.07235,0.06943,0.063899,0.068248,0.069829,0.066745,0.070513
2018-09-21,0.087606,0.081493,0.07235,0.06943,0.063899,0.068248,0.069829,0.066745
2018-09-24,0.082754,0.087606,0.081493,0.07235,0.06943,0.063899,0.068248,0.069829
2018-09-25,0.081028,0.082754,0.087606,0.081493,0.07235,0.06943,0.063899,0.068248
2018-09-26,0.079476,0.081028,0.082754,0.087606,0.081493,0.07235,0.06943,0.063899
2018-09-27,0.086001,0.079476,0.081028,0.082754,0.087606,0.081493,0.07235,0.06943
2018-09-28,0.084032,0.086001,0.079476,0.081028,0.082754,0.087606,0.081493,0.07235
2018-10-01,0.084469,0.084032,0.086001,0.079476,0.081028,0.082754,0.087606,0.081493
2018-10-02,0.082525,0.084469,0.084032,0.086001,0.079476,0.081028,0.082754,0.087606
2018-10-03,0.080789,0.082525,0.084469,0.084032,0.086001,0.079476,0.081028,0.082754
2018-10-04,0.081304,0.080789,0.082525,0.084469,0.084032,0.086001,0.079476,0.081028
2018-10-05,0.082991,0.081304,0.080789,0.082525,0.084469,0.084032,0.086001,0.079476
2018-10-08,0.086607,0.082991,0.081304,0.080789,0.082525,0.084469,0.084032,0.086001
2018-10-09,0.086357,0.086607,0.082991,0.081304,0.080789,0.082525,0.084469,0.084032
2018-10-10,0.084679,0.086357,0.086607,0.082991,0.081304,0.080789,0.082525,0.084469
2018-10-11,0.070939,0.084679,0.086357,0.086607,0.082991,0.081304,0.080789,0.082525
2018-10-12,0.073214,0.070939,0.084679,0.086357,0.086607,0.082991,0.081304,0.080789
2018-10-15,0.074789,0.073214,0.070939,0.084679,0.086357,0.086607,0.082991,0.081304
2018-10-16,0.075814,0.074789,0.073214,0.070939,0.084679,0.086357,0.086607,0.082991
2018-10-17,0.077408,0.075814,0.074789,0.073214,0.070939,0.084679,0.086357,0.086607
2018-10-18,0.075131,0.077408,0.075814,0.074789,0.073214,0.070939,0.084679,0.086357
2018-10-19,0.075836,0.075131,0.077408,0.075814,0.074789,0.073214,0.070939,0.084679
2018-10-22,0.075776,0.075836,0.075131,0.077408,0.075814,0.074789,0.073214,0.070939
2018-10-23,0.074743,0.075776,0.075836,0.075131,0.077408,0.075814,0.074789,0.073214
2018-10-24,0.074321,0.074743,0.075776,0.075836,0.075131,0.077408,0.075814,0.074789
2018-10-25,0.073859,0.074321,0.074743,0.075776,0.075836,0.075131,0.077408,0.075814
2018-10-26,0.073713,0.073859,0.074321,0.074743,0.075776,0.075836,0.075131,0.077408
2018-10-29,0.069627,0.073713,0.073859,0.074321,0.074743,0.075776,0.075836,0.075131
2018-10-30,0.069647,0.069627,0.073713,0.073859,0.074321,0.074743,0.075776,0.075836
2018-10-31,0.069705,0.069647,0.069627,0.073713,0.073859,0.074321,0.074743,0.075776
2018-11-01,0.070867,0.069705,0.069647,0.069627,0.073713,0.073859,0.074321,0.074743
2018-11-02,0.072584,0.070867,0.069705,0.069647,0.069627,0.073713,0.073859,0.074321
2018-11-05,0.076148,0.072584,0.070867,0.069705,0.069647,0.069627,0.073713,0.073859
2018-11-06,0.080952,0.076148,0.072584,0.070867,0.069705,0.069647,0.069627,0.073713
2018-11-07,0.078544,0.080952,0.076148,0.072584,0.070867,0.069705,0.069647,0.069627
2018-11-08,0.076493,0.078544,0.080952,0.076148,0.072584,0.070867,0.069705,0.069647
2018-11-09,0.074226,0.076493,0.078544,0.080952,0.076148,0.072584,0.070867,0.069705
2018-11-12,0.076001,0.074226,0.076493,0.078544,0.080952,0.076148,0.072584,0.070867
2018-11-13,0.073603,0.076001,0.074226,0.076493,0.078544,0.080952,0.076148,0.072584
2018-11-14,0.064824,0.073603,0.076001,0.074226,0.076493,0.078544,0.080952,0.076148
2018-11-15,0.063543,0.064824,0.073603,0.076001,0.074226,0.076493,0.078544,0.080952
2018-11-16,0.061151,0.063543,0.064824,0.073603,0.076001,0.074226,0.076493,0.078544
2018-11-19,0.052582,0.061151,0.063543,0.064824,0.073603,0.076001,0.074226,0.076493
2018-11-20,0.044777,0.052582,0.061151,0.063543,0.064824,0.073603,0.076001,0.074226
2018-11-21,0.04778,0.044777,0.052582,0.061151,0.063543,0.064824,0.073603,0.076001
2018-11-23,0.043412,0.04778,0.044777,0.052582,0.061151,0.063543,0.064824,0.073603
2018-11-26,0.035806,0.043412,0.04778,0.044777,0.052582,0.061151,0.063543,0.064824
2018-11-27,0.036461,0.035806,0.043412,0.04778,0.044777,0.052582,0.061151,0.063543
2018-11-28,0.042021,0.036461,0.035806,0.043412,0.04778,0.044777,0.052582,0.061151
2018-11-29,0.041866,0.042021,0.036461,0.035806,0.043412,0.04778,0.044777,0.052582
2018-11-30,0.038916,0.041866,0.042021,0.036461,0.035806,0.043412,0.04778,0.044777
2018-12-03,0.038671,0.038916,0.041866,0.042021,0.036461,0.035806,0.043412,0.04778
2018-12-04,0.037699,0.038671,0.038916,0.041866,0.042021,0.036461,0.035806,0.043412
2018-12-06,0.030798,0.037699,0.038671,0.038916,0.041866,0.042021,0.036461,0.035806
2018-12-07,0.029864,0.030798,0.037699,0.038671,0.038916,0.041866,0.042021,0.036461
2018-12-10,0.030203,0.029864,0.030798,0.037699,0.038671,0.038916,0.041866,0.042021
2018-12-11,0.029551,0.030203,0.029864,0.030798,0.037699,0.038671,0.038916,0.041866
2018-12-12,0.030609,0.029551,0.030203,0.029864,0.030798,0.037699,0.038671,0.038916
2018-12-13,0.02919,0.030609,0.029551,0.030203,0.029864,0.030798,0.037699,0.038671
2018-12-14,0.028358,0.02919,0.030609,0.029551,0.030203,0.029864,0.030798,0.037699
2018-12-17,0.032824,0.028358,0.02919,0.030609,0.029551,0.030203,0.029864,0.030798
2018-12-18,0.034735,0.032824,0.028358,0.02919,0.030609,0.029551,0.030203,0.029864
2018-12-19,0.034545,0.034735,0.032824,0.028358,0.02919,0.030609,0.029551,0.030203
2018-12-20,0.039401,0.034545,0.034735,0.032824,0.028358,0.02919,0.030609,0.029551
2018-12-21,0.040796,0.039401,0.034545,0.034735,0.032824,0.028358,0.02919,0.030609
2018-12-24,0.045716,0.040796,0.039401,0.034545,0.034735,0.032824,0.028358,0.02919
2018-12-26,0.041198,0.045716,0.040796,0.039401,0.034545,0.034735,0.032824,0.028358
2018-12-27,0.036944,0.041198,0.045716,0.040796,0.039401,0.034545,0.034735,0.032824
2018-12-28,0.041862,0.036944,0.041198,0.045716,0.040796,0.039401,0.034545,0.034735
2018-12-31,0.041063,0.041862,0.036944,0.041198,0.045716,0.040796,0.039401,0.034545
2019-01-02,0.045258,0.041063,0.041862,0.036944,0.041198,0.045716,0.040796,0.039401
2019-01-03,0.042682,0.045258,0.041063,0.041862,0.036944,0.041198,0.045716,0.040796
2019-01-04,0.043812,0.042682,0.045258,0.041063,0.041862,0.036944,0.041198,0.045716
2019-01-07,0.047996,0.043812,0.042682,0.045258,0.041063,0.041862,0.036944,0.041198
2019-01-08,0.048525,0.047996,0.043812,0.042682,0.045258,0.041063,0.041862,0.036944
2019-01-09,0.052169,0.048525,0.047996,0.043812,0.042682,0.045258,0.041063,0.041862
2019-01-10,0.044529,0.052169,0.048525,0.047996,0.043812,0.042682,0.045258,0.041063
2019-01-11,0.044147,0.044529,0.052169,0.048525,0.047996,0.043812,0.042682,0.045258
2019-01-14,0.044059,0.044147,0.044529,0.052169,0.048525,0.047996,0.043812,0.042682
2019-01-15,0.04281,0.044059,0.044147,0.044529,0.052169,0.048525,0.047996,0.043812
2019-01-16,0.044777,0.04281,0.044059,0.044147,0.044529,0.052169,0.048525,0.047996
2019-01-17,0.045318,0.044777,0.04281,0.044059,0.044147,0.044529,0.052169,0.048525
2019-01-18,0.044316,0.045318,0.044777,0.04281,0.044059,0.044147,0.044529,0.052169
2019-01-22,0.043578,0.044316,0.045318,0.044777,0.04281,0.044059,0.044147,0.044529
2019-01-23,0.0429,0.043578,0.044316,0.045318,0.044777,0.04281,0.044059,0.044147
2019-01-24,0.043027,0.0429,0.043578,0.044316,0.045318,0.044777,0.04281,0.044059
2019-01-25,0.042691,0.043027,0.0429,0.043578,0.044316,0.045318,0.044777,0.04281
2019-01-28,0.038772,0.042691,0.043027,0.0429,0.043578,0.044316,0.045318,0.044777
2019-01-29,0.038251,0.038772,0.042691,0.043027,0.0429,0.043578,0.044316,0.045318
2019-01-30,0.039656,0.038251,0.038772,0.042691,0.043027,0.0429,0.043578,0.044316
2019-01-31,0.038374,0.039656,0.038251,0.038772,0.042691,0.043027,0.0429,0.043578
2019-02-01,0.038678,0.038374,0.039656,0.038251,0.038772,0.042691,0.043027,0.0429
2019-02-04,0.037857,0.038678,0.038374,0.039656,0.038251,0.038772,0.042691,0.043027
2019-02-05,0.037896,0.037857,0.038678,0.038374,0.039656,0.038251,0.038772,0.042691
2019-02-06,0.036663,0.037896,0.037857,0.038678,0.038374,0.039656,0.038251,0.038772
2019-02-07,0.036396,0.036663,0.037896,0.037857,0.038678,0.038374,0.039656,0.038251
2019-02-08,0.040751,0.036396,0.036663,0.037896,0.037857,0.038678,0.038374,0.039656
2019-02-11,0.041733,0.040751,0.036396,0.036663,0.037896,0.037857,0.038678,0.038374
2019-02-12,0.041751,0.041733,0.040751,0.036396,0.036663,0.037896,0.037857,0.038678
2019-02-13,0.041118,0.041751,0.041733,0.040751,0.036396,0.036663,0.037896,0.037857
2019-02-14,0.04054,0.041118,0.041751,0.041733,0.040751,0.036396,0.036663,0.037896
2019-02-15,0.0406,0.04054,0.041118,0.041751,0.041733,0.040751,0.036396,0.036663
2019-02-19,0.046158,0.0406,0.04054,0.041118,0.041751,0.041733,0.040751,0.036396
2019-02-20,0.047551,0.046158,0.0406,0.04054,0.041118,0.041751,0.041733,0.040751
2019-02-21,0.044969,0.047551,0.046158,0.0406,0.04054,0.041118,0.041751,0.041733
2019-02-22,0.046163,0.044969,0.047551,0.046158,0.0406,0.04054,0.041118,0.041751
2019-02-25,0.044043,0.046163,0.044969,0.047551,0.046158,0.0406,0.04054,0.041118
2019-02-26,0.043304,0.044043,0.046163,0.044969,0.047551,0.046158,0.0406,0.04054
2019-02-27,0.04327,0.043304,0.044043,0.046163,0.044969,0.047551,0.046158,0.0406
2019-02-28,0.043123,0.04327,0.043304,0.044043,0.046163,0.044969,0.047551,0.046158
2019-03-01,0.043279,0.043123,0.04327,0.043304,0.044043,0.046163,0.044969,0.047551
2019-03-04,0.040602,0.043279,0.043123,0.04327,0.043304,0.044043,0.046163,0.044969
2019-03-05,0.043212,0.040602,0.043279,0.043123,0.04327,0.043304,0.044043,0.046163
2019-03-06,0.042843,0.043212,0.040602,0.043279,0.043123,0.04327,0.043304,0.044043
2019-03-07,0.042944,0.042843,0.043212,0.040602,0.043279,0.043123,0.04327,0.043304
2019-03-08,0.042664,0.042944,0.042843,0.043212,0.040602,0.043279,0.043123,0.04327
2019-03-11,0.047633,0.042664,0.042944,0.042843,0.043212,0.040602,0.043279,0.043123
2019-03-12,0.047397,0.047633,0.042664,0.042944,0.042843,0.043212,0.040602,0.043279
2019-03-13,0.04659,0.047397,0.047633,0.042664,0.042944,0.042843,0.043212,0.040602
2019-03-14,0.048055,0.04659,0.047397,0.047633,0.042664,0.042944,0.042843,0.043212
2019-03-15,0.050077,0.048055,0.04659,0.047397,0.047633,0.042664,0.042944,0.042843
2019-03-18,0.050452,0.050077,0.048055,0.04659,0.047397,0.047633,0.042664,0.042944
2019-03-19,0.052594,0.050452,0.050077,0.048055,0.04659,0.047397,0.047633,0.042664
2019-03-20,0.053891,0.052594,0.050452,0.050077,0.048055,0.04659,0.047397,0.047633
2019-03-21,0.0529,0.053891,0.052594,0.050452,0.050077,0.048055,0.04659,0.047397
2019-03-22,0.058062,0.0529,0.053891,0.052594,0.050452,0.050077,0.048055,0.04659
2019-03-25,0.059025,0.058062,0.0529,0.053891,0.052594,0.050452,0.050077,0.048055
2019-03-26,0.06237,0.059025,0.058062,0.0529,0.053891,0.052594,0.050452,0.050077
2019-03-27,0.067595,0.06237,0.059025,0.058062,0.0529,0.053891,0.052594,0.050452
2019-03-28,0.065828,0.067595,0.06237,0.059025,0.058062,0.0529,0.053891,0.052594
2019-03-29,0.071289,0.065828,0.067595,0.06237,0.059025,0.058062,0.0529,0.053891
2019-04-01,0.07233,0.071289,0.065828,0.067595,0.06237,0.059025,0.058062,0.0529
2019-04-02,0.085467,0.07233,0.071289,0.065828,0.067595,0.06237,0.059025,0.058062
2019-04-03,0.090723,0.085467,0.07233,0.071289,0.065828,0.067595,0.06237,0.059025
2019-04-04,0.08737,0.090723,0.085467,0.07233,0.071289,0.065828,0.067595,0.06237
2019-04-05,0.091226,0.08737,0.090723,0.085467,0.07233,0.071289,0.065828,0.067595
2019-04-08,0.087009,0.091226,0.08737,0.090723,0.085467,0.07233,0.071289,0.065828
2019-04-09,0.083749,0.087009,0.091226,0.08737,0.090723,0.085467,0.07233,0.071289
2019-04-10,0.089964,0.083749,0.087009,0.091226,0.08737,0.090723,0.085467,0.07233
2019-04-11,0.083385,0.089964,0.083749,0.087009,0.091226,0.08737,0.090723,0.085467
2019-04-12,0.083463,0.083385,0.089964,0.083749,0.087009,0.091226,0.08737,0.090723
2019-04-15,0.082307,0.083463,0.083385,0.089964,0.083749,0.087009,0.091226,0.08737
2019-04-16,0.083783,0.082307,0.083463,0.083385,0.089964,0.083749,0.087009,0.091226
2019-04-17,0.083074,0.083783,0.082307,0.083463,0.083385,0.089964,0.083749,0.087009
2019-04-18,0.081775,0.083074,0.083783,0.082307,0.083463,0.083385,0.089964,0.083749
2019-04-22,0.07804,0.081775,0.083074,0.083783,0.082307,0.083463,0.083385,0.089964
2019-04-23,0.074524,0.07804,0.081775,0.083074,0.083783,0.082307,0.083463,0.083385
2019-04-24,0.072645,0.074524,0.07804,0.081775,0.083074,0.083783,0.082307,0.083463
2019-04-25,0.069244,0.072645,0.074524,0.07804,0.081775,0.083074,0.083783,0.082307
2019-04-26,0.069219,0.069244,0.072645,0.074524,0.07804,0.081775,0.083074,0.083783
2019-04-29,0.064631,0.069219,0.069244,0.072645,0.074524,0.07804,0.081775,0.083074
2019-04-30,0.070346,0.064631,0.069219,0.069244,0.072645,0.074524,0.07804,0.081775
2019-05-01,0.069014,0.070346,0.064631,0.069219,0.069244,0.072645,0.074524,0.07804
2019-05-02,0.068579,0.069014,0.070346,0.064631,0.069219,0.069244,0.072645,0.074524
2019-05-03,0.069858,0.068579,0.069014,0.070346,0.064631,0.069219,0.069244,0.072645
2019-05-06,0.06678,0.069858,0.068579,0.069014,0.070346,0.064631,0.069219,0.069244
2019-05-07,0.064036,0.06678,0.069858,0.068579,0.069014,0.070346,0.064631,0.069219
2019-05-08,0.064606,0.064036,0.06678,0.069858,0.068579,0.069014,0.070346,0.064631
2019-05-09,0.061691,0.064606,0.064036,0.06678,0.069858,0.068579,0.069014,0.070346
2019-05-10,0.063428,0.061691,0.064606,0.064036,0.06678,0.069858,0.068579,0.069014
2019-05-13,0.073072,0.063428,0.061691,0.064606,0.064036,0.06678,0.069858,0.068579
2019-05-14,0.084505,0.073072,0.063428,0.061691,0.064606,0.064036,0.06678,0.069858
2019-05-15,0.093951,0.084505,0.073072,0.063428,0.061691,0.064606,0.064036,0.06678
2019-05-16,0.088161,0.093951,0.084505,0.073072,0.063428,0.061691,0.064606,0.064036
2019-05-17,0.08326,0.088161,0.093951,0.084505,0.073072,0.063428,0.061691,0.064606
2019-05-20,0.084848,0.08326,0.088161,0.093951,0.084505,0.073072,0.063428,0.061691
2019-05-21,0.084617,0.084848,0.08326,0.088161,0.093951,0.084505,0.073072,0.063428
2019-05-22,0.077955,0.084617,0.084848,0.08326,0.088161,0.093951,0.084505,0.073072
2019-05-23,0.08069,0.077955,0.084617,0.084848,0.08326,0.088161,0.093951,0.084505
2019-05-24,0.080869,0.08069,0.077955,0.084617,0.084848,0.08326,0.088161,0.093951
2019-05-28,0.092815,0.080869,0.08069,0.077955,0.084617,0.084848,0.08326,0.088161
2019-05-29,0.090867,0.092815,0.080869,0.08069,0.077955,0.084617,0.084848,0.08326
2019-05-30,0.08451,0.090867,0.092815,0.080869,0.08069,0.077955,0.084617,0.084848
2019-05-31,0.089441,0.08451,0.090867,0.092815,0.080869,0.08069,0.077955,0.084617
2019-06-03,0.088708,0.089441,0.08451,0.090867,0.092815,0.080869,0.08069,0.077955
2019-06-04,0.082486,0.088708,0.089441,0.08451,0.090867,0.092815,0.080869,0.08069
2019-06-05,0.083438,0.082486,0.088708,0.089441,0.08451,0.090867,0.092815,0.080869
2019-06-06,0.083472,0.083438,0.082486,0.088708,0.089441,0.08451,0.090867,0.092815
2019-06-07,0.085807,0.083472,0.083438,0.082486,0.088708,0.089441,0.08451,0.090867
2019-06-10,0.085537,0.085807,0.083472,0.083438,0.082486,0.088708,0.089441,0.08451
2019-06-11,0.087965,0.085537,0.085807,0.083472,0.083438,0.082486,0.088708,0.089441
2019-06-12,0.096525,0.087965,0.085537,0.085807,0.083472,0.083438,0.082486,0.088708
2019-06-13,0.089739,0.096525,0.087965,0.085537,0.085807,0.083472,0.083438,0.082486
2019-06-14,0.090619,0.089739,0.096525,0.087965,0.085537,0.085807,0.083472,0.083438
2019-06-17,0.093557,0.090619,0.089739,0.096525,0.087965,0.085537,0.085807,0.083472
2019-06-18,0.089148,0.093557,0.090619,0.089739,0.096525,0.087965,0.085537,0.085807
2019-06-19,0.089979,0.089148,0.093557,0.090619,0.089739,0.096525,0.087965,0.085537
2019-06-20,0.087385,0.089979,0.089148,0.093557,0.090619,0.089739,0.096525,0.087965
2019-06-21,0.089562,0.087385,0.089979,0.089148,0.093557,0.090619,0.089739,0.096525
2019-06-24,0.097719,0.089562,0.087385,0.089979,0.089148,0.093557,0.090619,0.089739
2019-06-25,0.096357,0.097719,0.089562,0.087385,0.089979,0.089148,0.093557,0.090619
2019-06-26,0.09682,0.096357,0.097719,0.089562,0.087385,0.089979,0.089148,0.093557
2019-06-27,0.086449,0.09682,0.096357,0.097719,0.089562,0.087385,0.089979,0.089148
2019-06-28,0.089295,0.086449,0.09682,0.096357,0.097719,0.089562,0.087385,0.089979
2019-07-01,0.083822,0.089295,0.086449,0.09682,0.096357,0.097719,0.089562,0.087385
2019-07-02,0.081077,0.083822,0.089295,0.086449,0.09682,0.096357,0.097719,0.089562
2019-07-03,0.082998,0.081077,0.083822,0.089295,0.086449,0.09682,0.096357,0.097719
2019-07-05,0.076532,0.082998,0.081077,0.083822,0.089295,0.086449,0.09682,0.096357
2019-07-08,0.080476,0.076532,0.082998,0.081077,0.083822,0.089295,0.086449,0.09682
2019-07-09,0.077993,0.080476,0.076532,0.082998,0.081077,0.083822,0.089295,0.086449
2019-07-10,0.07194,0.077993,0.080476,0.076532,0.082998,0.081077,0.083822,0.089295
2019-07-11,0.065199,0.07194,0.077993,0.080476,0.076532,0.082998,0.081077,0.083822
2019-07-12,0.069754,0.065199,0.07194,0.077993,0.080476,0.076532,0.082998,0.081077
2019-07-15,0.059537,0.069754,0.065199,0.07194,0.077993,0.080476,0.076532,0.082998
2019-07-16,0.052052,0.059537,0.069754,0.065199,0.07194,0.077993,0.080476,0.076532
2019-07-17,0.055239,0.052052,0.059537,0.069754,0.065199,0.07194,0.077993,0.080476
2019-07-18,0.058772,0.055239,0.052052,0.059537,0.069754,0.065199,0.07194,0.077993
2019-07-19,0.059787,0.058772,0.055239,0.052052,0.059537,0.069754,0.065199,0.07194
2019-07-22,0.059466,0.059787,0.058772,0.055239,0.052052,0.059537,0.069754,0.065199
2019-07-23,0.055812,0.059466,0.059787,0.058772,0.055239,0.052052,0.059537,0.069754
2019-07-24,0.059046,0.055812,0.059466,0.059787,0.058772,0.055239,0.052052,0.059537
2019-07-25,0.058664,0.059046,0.055812,0.059466,0.059787,0.058772,0.055239,0.052052
2019-07-26,0.062884,0.058664,0.059046,0.055812,0.059466,0.059787,0.058772,0.055239
2019-07-29,0.060393,0.062884,0.058664,0.059046,0.055812,0.059466,0.059787,0.058772
2019-07-30,0.059944,0.060393,0.062884,0.058664,0.059046,0.055812,0.059466,0.059787
2019-07-31,0.060152,0.059944,0.060393,0.062884,0.058664,0.059046,0.055812,0.059466
2019-08-01,0.058872,0.060152,0.059944,0.060393,0.062884,0.058664,0.059046,0.055812
2019-08-02,0.057412,0.058872,0.060152,0.059944,0.060393,0.062884,0.058664,0.059046
2019-08-05,0.05668,0.057412,0.058872,0.060152,0.059944,0.060393,0.062884,0.058664
2019-08-06,0.053369,0.05668,0.057412,0.058872,0.060152,0.059944,0.060393,0.062884
2019-08-07,0.051906,0.053369,0.05668,0.057412,0.058872,0.060152,0.059944,0.060393
2019-08-08,0.05197,0.051906,0.053369,0.05668,0.057412,0.058872,0.060152,0.059944
2019-08-09,0.047641,0.05197,0.051906,0.053369,0.05668,0.057412,0.058872,0.060152
2019-08-12,0.052938,0.047641,0.05197,0.051906,0.053369,0.05668,0.057412,0.058872
2019-08-13,0.052561,0.052938,0.047641,0.05197,0.051906,0.053369,0.05668,0.057412
2019-08-14,0.047,0.052561,0.052938,0.047641,0.05197,0.051906,0.053369,0.05668
2019-08-15,0.047519,0.047,0.052561,0.052938,0.047641,0.05197,0.051906,0.053369
2019-08-16,0.046841,0.047519,0.047,0.052561,0.052938,0.047641,0.05197,0.051906
2019-08-19,0.050298,0.046841,0.047519,0.047,0.052561,0.052938,0.047641,0.05197
2019-08-20,0.049195,0.050298,0.046841,0.047519,0.047,0.052561,0.052938,0.047641
2019-08-21,0.047113,0.049195,0.050298,0.046841,0.047519,0.047,0.052561,0.052938
2019-08-22,0.04941,0.047113,0.049195,0.050298,0.046841,0.047519,0.047,0.052561
2019-08-23,0.04979,0.04941,0.047113,0.049195,0.050298,0.046841,0.047519,0.047
2019-08-26,0.049697,0.04979,0.04941,0.047113,0.049195,0.050298,0.046841,0.047519
2019-08-27,0.049839,0.049697,0.04979,0.04941,0.047113,0.049195,0.050298,0.046841
2019-08-28,0.045825,0.049839,0.049697,0.04979,0.04941,0.047113,0.049195,0.050298
2019-08-29,0.044697,0.045825,0.049839,0.049697,0.04979,0.04941,0.047113,0.049195
2019-08-30,0.044825,0.044697,0.045825,0.049839,0.049697,0.04979,0.04941,0.047113
2019-09-03,0.046771,0.044825,0.044697,0.045825,0.049839,0.049697,0.04979,0.04941
2019-09-04,0.045517,0.046771,0.044825,0.044697,0.045825,0.049839,0.049697,0.04979
2019-09-05,0.044437,0.045517,0.046771,0.044825,0.044697,0.045825,0.049839,0.049697
2019-09-06,0.044415,0.044437,0.045517,0.046771,0.044825,0.044697,0.045825,0.049839
2019-09-09,0.046931,0.044415,0.044437,0.045517,0.046771,0.044825,0.044697,0.045825
2019-09-10,0.04651,0.046931,0.044415,0.044437,0.045517,0.046771,0.044825,0.044697
2019-09-11,0.04499,0.04651,0.046931,0.044415,0.044437,0.045517,0.046771,0.044825
2019-09-12,0.045452,0.04499,0.04651,0.046931,0.044415,0.044437,0.045517,0.046771
2019-09-13,0.045753,0.045452,0.04499,0.04651,0.046931,0.044415,0.044437,0.045517
2019-09-16,0.047071,0.045753,0.045452,0.04499,0.04651,0.046931,0.044415,0.044437
2019-09-17,0.049008,0.047071,0.045753,0.045452,0.04499,0.04651,0.046931,0.044415
2019-09-18,0.053292,0.049008,0.047071,0.045753,0.045452,0.04499,0.04651,0.046931
2019-09-19,0.052504,0.053292,0.049008,0.047071,0.045753,0.045452,0.04499,0.04651
2019-09-20,0.05234,0.052504,0.053292,0.049008,0.047071,0.045753,0.045452,0.04499
2019-09-23,0.046264,0.05234,0.052504,0.053292,0.049008,0.047071,0.045753,0.045452
2019-09-24,0.037573,0.046264,0.05234,0.052504,0.053292,0.049008,0.047071,0.045753
2019-09-25,0.039396,0.037573,0.046264,0.05234,0.052504,0.053292,0.049008,0.047071
2019-09-26,0.038229,0.039396,0.037573,0.046264,0.05234,0.052504,0.053292,0.049008
2019-09-27,0.039532,0.038229,0.039396,0.037573,0.046264,0.05234,0.052504,0.053292
2019-09-30,0.038885,0.039532,0.038229,0.039396,0.037573,0.046264,0.05234,0.052504
2019-10-01,0.038507,0.038885,0.039532,0.038229,0.039396,0.037573,0.046264,0.05234
2019-10-02,0.039445,0.038507,0.038885,0.039532,0.038229,0.039396,0.037573,0.046264
2019-10-03,0.038361,0.039445,0.038507,0.038885,0.039532,0.038229,0.039396,0.037573
2019-10-04,0.039667,0.038361,0.039445,0.038507,0.038885,0.039532,0.038229,0.039396
2019-10-07,0.041672,0.039667,0.038361,0.039445,0.038507,0.038885,0.039532,0.038229
2019-10-08,0.041441,0.041672,0.039667,0.038361,0.039445,0.038507,0.038885,0.039532
2019-10-09,0.042629,0.041441,0.041672,0.039667,0.038361,0.039445,0.038507,0.038885
2019-10-10,0.041661,0.042629,0.041441,0.041672,0.039667,0.038361,0.039445,0.038507
2019-10-11,0.040623,0.041661,0.042629,0.041441,0.041672,0.039667,0.038361,0.039445
2019-10-14,0.041789,0.040623,0.041661,0.042629,0.041441,0.041672,0.039667,0.038361
2019-10-15,0.039766,0.041789,0.040623,0.041661,0.042629,0.041441,0.041672,0.039667
2019-10-16,0.038741,0.039766,0.041789,0.040623,0.041661,0.042629,0.041441,0.041672
2019-10-17,0.039524,0.038741,0.039766,0.041789,0.040623,0.041661,0.042629,0.041441
2019-10-18,0.038073,0.039524,0.038741,0.039766,0.041789,0.040623,0.041661,0.042629
2019-10-21,0.03928,0.038073,0.039524,0.038741,0.039766,0.041789,0.040623,0.041661
2019-10-22,0.038816,0.03928,0.038073,0.039524,0.038741,0.039766,0.041789,0.040623
2019-10-23,0.036409,0.038816,0.03928,0.038073,0.039524,0.038741,0.039766,0.041789
2019-10-24,0.037685,0.036409,0.038816,0.03928,0.038073,0.039524,0.038741,0.039766
2019-10-25,0.041246,0.037685,0.036409,0.038816,0.03928,0.038073,0.039524,0.038741
2019-10-28,0.042363,0.041246,0.037685,0.036409,0.038816,0.03928,0.038073,0.039524
2019-10-29,0.043444,0.042363,0.041246,0.037685,0.036409,0.038816,0.03928,0.038073
2019-10-30,0.041967,0.043444,0.042363,0.041246,0.037685,0.036409,0.038816,0.03928
2019-10-31,0.041636,0.041967,0.043444,0.042363,0.041246,0.037685,0.036409,0.038816
2019-11-01,0.042345,0.041636,0.041967,0.043444,0.042363,0.041246,0.037685,0.036409
2019-11-04,0.043236,0.042345,0.041636,0.041967,0.043444,0.042363,0.041246,0.037685
2019-11-05,0.044328,0.043236,0.042345,0.041636,0.041967,0.043444,0.042363,0.041246
2019-11-06,0.044956,0.044328,0.043236,0.042345,0.041636,0.041967,0.043444,0.042363
2019-11-07,0.043637,0.044956,0.044328,0.043236,0.042345,0.041636,0.041967,0.043444
2019-11-08,0.042297,0.043637,0.044956,0.044328,0.043236,0.042345,0.041636,0.041967
2019-11-11,0.043194,0.042297,0.043637,0.044956,0.044328,0.043236,0.042345,0.041636
2019-11-12,0.043767,0.043194,0.042297,0.043637,0.044956,0.044328,0.043236,0.042345
2019-11-13,0.043492,0.043767,0.043194,0.042297,0.043637,0.044956,0.044328,0.043236
2019-11-14,0.043119,0.043492,0.043767,0.043194,0.042297,0.043637,0.044956,0.044328
2019-11-15,0.043974,0.043119,0.043492,0.043767,0.043194,0.042297,0.043637,0.044956
2019-11-18,0.043802,0.043974,0.043119,0.043492,0.043767,0.043194,0.042297,0.043637
2019-11-19,0.042542,0.043802,0.043974,0.043119,0.043492,0.043767,0.043194,0.042297
2019-11-20,0.041178,0.042542,0.043802,0.043974,0.043119,0.043492,0.043767,0.043194
2019-11-21,0.038406,0.041178,0.042542,0.043802,0.043974,0.043119,0.043492,0.043767
2019-11-22,0.037148,0.038406,0.041178,0.042542,0.043802,0.043974,0.043119,0.043492
2019-11-25,0.036048,0.037148,0.038406,0.041178,0.042542,0.043802,0.043974,0.043119
2019-11-26,0.036993,0.036048,0.037148,0.038406,0.041178,0.042542,0.043802,0.043974
2019-11-27,0.039049,0.036993,0.036048,0.037148,0.038406,0.041178,0.042542,0.043802
2019-11-29,0.041423,0.039049,0.036993,0.036048,0.037148,0.038406,0.041178,0.042542
2019-12-02,0.038056,0.041423,0.039049,0.036993,0.036048,0.037148,0.038406,0.041178
2019-12-03,0.037917,0.038056,0.041423,0.039049,0.036993,0.036048,0.037148,0.038406
2019-12-04,0.037405,0.037917,0.038056,0.041423,0.039049,0.036993,0.036048,0.037148
2019-12-05,0.037871,0.037405,0.037917,0.038056,0.041423,0.039049,0.036993,0.036048
2019-12-06,0.038317,0.037871,0.037405,0.037917,0.038056,0.041423,0.039049,0.036993
2019-12-09,0.037483,0.038317,0.037871,0.037405,0.037917,0.038056,0.041423,0.039049
2019-12-10,0.036606,0.037483,0.038317,0.037871,0.037405,0.037917,0.038056,0.041423
2019-12-11,0.036655,0.036606,0.037483,0.038317,0.037871,0.037405,0.037917,0.038056
2019-12-12,0.036723,0.036655,0.036606,0.037483,0.038317,0.037871,0.037405,0.037917
2019-12-13,0.037108,0.036723,0.036655,0.036606,0.037483,0.038317,0.037871,0.037405
2019-12-16,0.034269,0.037108,0.036723,0.036655,0.036606,0.037483,0.038317,0.037871
2019-12-17,0.0318,0.034269,0.037108,0.036723,0.036655,0.036606,0.037483,0.038317
2019-12-18,0.034462,0.0318,0.034269,0.037108,0.036723,0.036655,0.036606,0.037483
2019-12-19,0.033251,0.034462,0.0318,0.034269,0.037108,0.036723,0.036655,0.036606
2019-12-20,0.034004,0.033251,0.034462,0.0318,0.034269,0.037108,0.036723,0.036655
2019-12-23,0.0332,0.034004,0.033251,0.034462,0.0318,0.034269,0.037108,0.036723
2019-12-24,0.034162,0.0332,0.034004,0.033251,0.034462,0.0318,0.034269,0.037108
2019-12-26,0.034281,0.034162,0.0332,0.034004,0.033251,0.034462,0.0318,0.034269
2019-12-27,0.0331,0.034281,0.034162,0.0332,0.034004,0.033251,0.034462,0.0318
2019-12-30,0.033594,0.0331,0.034281,0.034162,0.0332,0.034004,0.033251,0.034462
2019-12-31,0.032845,0.033594,0.0331,0.034281,0.034162,0.0332,0.034004,0.033251
2020-01-02,0.032751,0.032845,0.033594,0.0331,0.034281,0.034162,0.0332,0.034004
2020-01-03,0.03418,0.032751,0.032845,0.033594,0.0331,0.034281,0.034162,0.0332
2020-01-06,0.037272,0.03418,0.032751,0.032845,0.033594,0.0331,0.034281,0.034162
2020-01-07,0.037047,0.037272,0.03418,0.032751,0.032845,0.033594,0.0331,0.034281
2020-01-08,0.036435,0.037047,0.037272,0.03418,0.032751,0.032845,0.033594,0.0331
2020-01-09,0.036359,0.036435,0.037047,0.037272,0.03418,0.032751,0.032845,0.033594
2020-01-10,0.036874,0.036359,0.036435,0.037047,0.037272,0.03418,0.032751,0.032845
2020-01-13,0.036966,0.036874,0.036359,0.036435,0.037047,0.037272,0.03418,0.032751
2020-01-14,0.04166,0.036966,0.036874,0.036359,0.036435,0.037047,0.037272,0.03418
2020-01-15,0.042553,0.04166,0.036966,0.036874,0.036359,0.036435,0.037047,0.037272
2020-01-16,0.041391,0.042553,0.04166,0.036966,0.036874,0.036359,0.036435,0.037047
2020-01-17,0.044978,0.041391,0.042553,0.04166,0.036966,0.036874,0.036359,0.036435
2020-01-21,0.045989,0.044978,0.041391,0.042553,0.04166,0.036966,0.036874,0.036359
2020-01-22,0.045654,0.045989,0.044978,0.041391,0.042553,0.04166,0.036966,0.036874
2020-01-23,0.043334,0.045654,0.045989,0.044978,0.041391,0.042553,0.04166,0.036966
2020-01-24,0.045004,0.043334,0.045654,0.045989,0.044978,0.041391,0.042553,0.04166
2020-01-27,0.047912,0.045004,0.043334,0.045654,0.045989,0.044978,0.041391,0.042553
2020-01-28,0.052857,0.047912,0.045004,0.043334,0.045654,0.045989,0.044978,0.041391
2020-01-29,0.053514,0.052857,0.047912,0.045004,0.043334,0.045654,0.045989,0.044978
2020-01-30,0.05607,0.053514,0.052857,0.047912,0.045004,0.043334,0.045654,0.045989
2020-01-31,0.053793,0.05607,0.053514,0.052857,0.047912,0.045004,0.043334,0.045654
2020-02-03,0.056979,0.053793,0.05607,0.053514,0.052857,0.047912,0.045004,0.043334
2020-02-04,0.055996,0.056979,0.053793,0.05607,0.053514,0.052857,0.047912,0.045004
2020-02-05,0.059231,0.055996,0.056979,0.053793,0.05607,0.053514,0.052857,0.047912
2020-02-06,0.059757,0.059231,0.055996,0.056979,0.053793,0.05607,0.053514,0.052857
2020-02-07,0.05979,0.059757,0.059231,0.055996,0.056979,0.053793,0.05607,0.053514
2020-02-10,0.060394,0.05979,0.059757,0.059231,0.055996,0.056979,0.053793,0.05607
2020-02-11,0.063228,0.060394,0.05979,0.059757,0.059231,0.055996,0.056979,0.053793
2020-02-12,0.068373,0.063228,0.060394,0.05979,0.059757,0.059231,0.055996,0.056979
2020-02-13,0.068581,0.068373,0.063228,0.060394,0.05979,0.059757,0.059231,0.055996
2020-02-14,0.07058,0.068581,0.068373,0.063228,0.060394,0.05979,0.059757,0.059231
2020-02-18,0.062597,0.07058,0.068581,0.068373,0.063228,0.060394,0.05979,0.059757
2020-02-19,0.057645,0.062597,0.07058,0.068581,0.068373,0.063228,0.060394,0.05979
2020-02-20,0.05826,0.057645,0.062597,0.07058,0.068581,0.068373,0.063228,0.060394
2020-02-21,0.05864,0.05826,0.057645,0.062597,0.07058,0.068581,0.068373,0.063228
2020-02-24,0.05896,0.05864,0.05826,0.057645,0.062597,0.07058,0.068581,0.068373
2020-02-25,0.056364,0.05896,0.05864,0.05826,0.057645,0.062597,0.07058,0.068581
2020-02-26,0.049453,0.056364,0.05896,0.05864,0.05826,0.057645,0.062597,0.07058
2020-02-27,0.049685,0.049453,0.056364,0.05896,0.05864,0.05826,0.057645,0.062597
2020-02-28,0.048616,0.049685,0.049453,0.056364,0.05896,0.05864,0.05826,0.057645
2020-03-02,0.048953,0.048616,0.049685,0.049453,0.056364,0.05896,0.05864,0.05826
2020-03-03,0.048761,0.048953,0.048616,0.049685,0.049453,0.056364,0.05896,0.05864
2020-03-04,0.049004,0.048761,0.048953,0.048616,0.049685,0.049453,0.056364,0.05896
2020-03-05,0.051057,0.049004,0.048761,0.048953,0.048616,0.049685,0.049453,0.056364
2020-03-06,0.051448,0.051057,0.049004,0.048761,0.048953,0.048616,0.049685,0.049453
2020-03-09,0.041482,0.051448,0.051057,0.049004,0.048761,0.048953,0.048616,0.049685
2020-03-10,0.041495,0.041482,0.051448,0.051057,0.049004,0.048761,0.048953,0.048616
2020-03-11,0.039649,0.041495,0.041482,0.051448,0.051057,0.049004,0.048761,0.048953
2020-03-12,0.023961,0.039649,0.041495,0.041482,0.051448,0.051057,0.049004,0.048761
2020-03-13,0.028437,0.023961,0.039649,0.041495,0.041482,0.051448,0.051057,0.049004
2020-03-16,0.024121,0.028437,0.023961,0.039649,0.041495,0.041482,0.051448,0.051057
2020-03-17,0.025243,0.024121,0.028437,0.023961,0.039649,0.041495,0.041482,0.051448
2020-03-18,0.025336,0.025243,0.024121,0.028437,0.023961,0.039649,0.041495,0.041482
2020-03-19,0.030451,0.025336,0.025243,0.024121,0.028437,0.023961,0.039649,0.041495
2020-03-20,0.029368,0.030451,0.025336,0.025243,0.024121,0.028437,0.023961,0.039649
2020-03-23,0.029082,0.029368,0.030451,0.025336,0.025243,0.024121,0.028437,0.023961
2020-03-24,0.030163,0.029082,0.029368,0.030451,0.025336,0.025243,0.024121,0.028437
2020-03-25,0.029438,0.030163,0.029082,0.029368,0.030451,0.025336,0.025243,0.024121
2020-03-26,0.030727,0.029438,0.030163,0.029082,0.029368,0.030451,0.025336,0.025243
2020-03-27,0.029301,0.030727,0.029438,0.030163,0.029082,0.029368,0.030451,0.025336
2020-03-30,0.029873,0.029301,0.030727,0.029438,0.030163,0.029082,0.029368,0.030451
2020-03-31,0.030553,0.029873,0.029301,0.030727,0.029438,0.030163,0.029082,0.029368
2020-04-01,0.030855,0.030553,0.029873,0.029301,0.030727,0.029438,0.030163,0.029082
2020-04-02,0.031984,0.030855,0.030553,0.029873,0.029301,0.030727,0.029438,0.030163
2020-04-03,0.032295,0.031984,0.030855,0.030553,0.029873,0.029301,0.030727,0.029438
2020-04-06,0.035616,0.032295,0.031984,0.030855,0.030553,0.029873,0.029301,0.030727
2020-04-07,0.035137,0.035616,0.032295,0.031984,0.030855,0.030553,0.029873,0.029301
2020-04-08,0.036314,0.035137,0.035616,0.032295,0.031984,0.030855,0.030553,0.029873
2020-04-09,0.036198,0.036314,0.035137,0.035616,0.032295,0.031984,0.030855,0.030553
2020-04-13,0.033107,0.036198,0.036314,0.035137,0.035616,0.032295,0.031984,0.030855
2020-04-14,0.032974,0.033107,0.036198,0.036314,0.035137,0.035616,0.032295,0.031984
2020-04-15,0.031863,0.032974,0.033107,0.036198,0.036314,0.035137,0.035616,0.032295
2020-04-16,0.034408,0.031863,0.032974,0.033107,0.036198,0.036314,0.035137,0.035616
2020-04-20,0.034177,0.034408,0.031863,0.032974,0.033107,0.036198,0.036314,0.035137
2020-04-21,0.0347,0.034177,0.034408,0.031863,0.032974,0.033107,0.036198,0.036314
2020-04-22,0.036559,0.0347,0.034177,0.034408,0.031863,0.032974,0.033107,0.036198
2020-04-23,0.040605,0.036559,0.0347,0.034177,0.034408,0.031863,0.032974,0.033107
2020-04-24,0.041868,0.040605,0.036559,0.0347,0.034177,0.034408,0.031863,0.032974
2020-04-27,0.046601,0.041868,0.040605,0.036559,0.0347,0.034177,0.034408,0.031863
2020-04-28,0.047195,0.046601,0.041868,0.040605,0.036559,0.0347,0.034177,0.034408
2020-04-29,0.051695,0.047195,0.046601,0.041868,0.040605,0.036559,0.0347,0.034177
2020-04-30,0.047846,0.051695,0.047195,0.046601,0.041868,0.040605,0.036559,0.0347
2020-05-01,0.05126,0.047846,0.051695,0.047195,0.046601,0.041868,0.040605,0.036559
2020-05-04,0.049664,0.05126,0.047846,0.051695,0.047195,0.046601,0.041868,0.040605
2020-05-05,0.049358,0.049664,0.05126,0.047846,0.051695,0.047195,0.046601,0.041868
2020-05-06,0.049767,0.049358,0.049664,0.05126,0.047846,0.051695,0.047195,0.046601
2020-05-07,0.051106,0.049767,0.049358,0.049664,0.05126,0.047846,0.051695,0.047195
2020-05-08,0.052303,0.051106,0.049767,0.049358,0.049664,0.05126,0.047846,0.051695
2020-05-11,0.048108,0.052303,0.051106,0.049767,0.049358,0.049664,0.05126,0.047846
2020-05-12,0.050421,0.048108,0.052303,0.051106,0.049767,0.049358,0.049664,0.05126
2020-05-13,0.051472,0.050421,0.048108,0.052303,0.051106,0.049767,0.049358,0.049664
2020-05-14,0.05089,0.051472,0.050421,0.048108,0.052303,0.051106,0.049767,0.049358
2020-05-15,0.050463,0.05089,0.051472,0.050421,0.048108,0.052303,0.051106,0.049767
2020-05-18,0.054252,0.050463,0.05089,0.051472,0.050421,0.048108,0.052303,0.051106
2020-05-19,0.056449,0.054252,0.050463,0.05089,0.051472,0.050421,0.048108,0.052303
2020-05-20,0.056875,0.056449,0.054252,0.050463,0.05089,0.051472,0.050421,0.048108
2020-05-21,0.052246,0.056875,0.056449,0.054252,0.050463,0.05089,0.051472,0.050421
2020-05-22,0.055833,0.052246,0.056875,0.056449,0.054252,0.050463,0.05089,0.051472
2020-05-26,0.05343,0.055833,0.052246,0.056875,0.056449,0.054252,0.050463,0.05089
2020-05-27,0.055183,0.05343,0.055833,0.052246,0.056875,0.056449,0.054252,0.050463
2020-05-28,0.064559,0.055183,0.05343,0.055833,0.052246,0.056875,0.056449,0.054252
2020-05-29,0.06466,0.064559,0.055183,0.05343,0.055833,0.052246,0.056875,0.056449
2020-06-01,0.081168,0.06466,0.064559,0.055183,0.05343,0.055833,0.052246,0.056875
2020-06-02,0.078456,0.081168,0.06466,0.064559,0.055183,0.05343,0.055833,0.052246
2020-06-03,0.085439,0.078456,0.081168,0.06466,0.064559,0.055183,0.05343,0.055833
2020-06-04,0.089,0.085439,0.078456,0.081168,0.06466,0.064559,0.055183,0.05343
2020-06-05,0.085442,0.089,0.085439,0.078456,0.081168,0.06466,0.064559,0.055183
2020-06-08,0.08643,0.085442,0.089,0.085439,0.078456,0.081168,0.06466,0.064559
2020-06-09,0.083407,0.08643,0.085442,0.089,0.085439,0.078456,0.081168,0.06466
2020-06-10,0.083531,0.083407,0.08643,0.085442,0.089,0.085439,0.078456,0.081168
2020-06-11,0.07536,0.083531,0.083407,0.08643,0.085442,0.089,0.085439,0.078456
2020-06-12,0.079554,0.07536,0.083531,0.083407,0.08643,0.085442,0.089,0.085439
2020-06-15,0.078387,0.079554,0.07536,0.083531,0.083407,0.08643,0.085442,0.089
2020-06-16,0.079073,0.078387,0.079554,0.07536,0.083531,0.083407,0.08643,0.085442
2020-06-17,0.083445,0.079073,0.078387,0.079554,0.07536,0.083531,0.083407,0.08643
2020-06-18,0.082174,0.083445,0.079073,0.078387,0.079554,0.07536,0.083531,0.083407
2020-06-19,0.079603,0.082174,0.083445,0.079073,0.078387,0.079554,0.07536,0.083531
2020-06-22,0.08361,0.079603,0.082174,0.083445,0.079073,0.078387,0.079554,0.07536
2020-06-23,0.08295,0.08361,0.079603,0.082174,0.083445,0.079073,0.078387,0.079554
2020-06-24,0.082583,0.08295,0.08361,0.079603,0.082174,0.083445,0.079073,0.078387
2020-06-25,0.081691,0.082583,0.08295,0.08361,0.079603,0.082174,0.083445,0.079073
2020-06-26,0.080561,0.081691,0.082583,0.08295,0.08361,0.079603,0.082174,0.083445
2020-06-29,0.08387,0.080561,0.081691,0.082583,0.08295,0.08361,0.079603,0.082174
2020-06-30,0.083116,0.08387,0.080561,0.081691,0.082583,0.08295,0.08361,0.079603
2020-07-01,0.095954,0.083116,0.08387,0.080561,0.081691,0.082583,0.08295,0.08361
2020-07-02,0.094326,0.095954,0.083116,0.08387,0.080561,0.081691,0.082583,0.08295
2020-07-07,0.117554,0.094326,0.095954,0.083116,0.08387,0.080561,0.081691,0.082583
2020-07-08,0.129908,0.117554,0.094326,0.095954,0.083116,0.08387,0.080561,0.081691
2020-07-09,0.124293,0.129908,0.117554,0.094326,0.095954,0.083116,0.08387,0.080561
2020-07-10,0.118316,0.124293,0.129908,0.117554,0.094326,0.095954,0.083116,0.08387
2020-07-13,0.124156,0.118316,0.124293,0.129908,0.117554,0.094326,0.095954,0.083116
2020-07-14,0.131963,0.124156,0.118316,0.124293,0.129908,0.117554,0.094326,0.095954
2020-07-15,0.130369,0.131963,0.124156,0.118316,0.124293,0.129908,0.117554,0.094326
2020-07-16,0.125922,0.130369,0.131963,0.124156,0.118316,0.124293,0.129908,0.117554
2020-07-17,0.122486,0.125922,0.130369,0.131963,0.124156,0.118316,0.124293,0.129908
2020-07-20,0.117924,0.122486,0.125922,0.130369,0.131963,0.124156,0.118316,0.124293
2020-07-21,0.122965,0.117924,0.122486,0.125922,0.130369,0.131963,0.124156,0.118316
2020-07-22,0.123922,0.122965,0.117924,0.122486,0.125922,0.130369,0.131963,0.124156
2020-07-23,0.123773,0.123922,0.122965,0.117924,0.122486,0.125922,0.130369,0.131963
2020-07-24,0.121888,0.123773,0.123922,0.122965,0.117924,0.122486,0.125922,0.130369
2020-07-27,0.138771,0.121888,0.123773,0.123922,0.122965,0.117924,0.122486,0.125922
2020-07-28,0.148598,0.138771,0.121888,0.123773,0.123922,0.122965,0.117924,0.122486
2020-07-29,0.139879,0.148598,0.138771,0.121888,0.123773,0.123922,0.122965,0.117924
2020-07-30,0.140588,0.139879,0.148598,0.138771,0.121888,0.123773,0.123922,0.122965
2020-07-31,0.138798,0.140588,0.139879,0.148598,0.138771,0.121888,0.123773,0.123922
2020-08-03,0.137335,0.138798,0.140588,0.139879,0.148598,0.138771,0.121888,0.123773
2020-08-04,0.143018,0.137335,0.138798,0.140588,0.139879,0.148598,0.138771,0.121888
2020-08-05,0.142695,0.143018,0.137335,0.138798,0.140588,0.139879,0.148598,0.138771
2020-08-06,0.144048,0.142695,0.143018,0.137335,0.138798,0.140588,0.139879,0.148598
2020-08-07,0.139155,0.144048,0.142695,0.143018,0.137335,0.138798,0.140588,0.139879
2020-08-10,0.143855,0.139155,0.144048,0.142695,0.143018,0.137335,0.138798,0.140588
2020-08-11,0.137436,0.143855,0.139155,0.144048,0.142695,0.143018,0.137335,0.138798
2020-08-12,0.137398,0.137436,0.143855,0.139155,0.144048,0.142695,0.143018,0.137335
2020-08-13,0.141245,0.137398,0.137436,0.143855,0.139155,0.144048,0.142695,0.143018
2020-08-14,0.138338,0.141245,0.137398,0.137436,0.143855,0.139155,0.144048,0.142695
2020-08-18,0.137427,0.138338,0.141245,0.137398,0.137436,0.143855,0.139155,0.144048
2020-08-19,0.129275,0.137427,0.138338,0.141245,0.137398,0.137436,0.143855,0.139155
2020-08-20,0.133642,0.129275,0.137427,0.138338,0.141245,0.137398,0.137436,0.143855
2020-08-21,0.12376,0.133642,0.129275,0.137427,0.138338,0.141245,0.137398,0.137436
2020-08-24,0.124488,0.12376,0.133642,0.129275,0.137427,0.138338,0.141245,0.137398
2020-08-25,0.113292,0.124488,0.12376,0.133642,0.129275,0.137427,0.138338,0.141245
2020-08-26,0.115285,0.113292,0.124488,0.12376,0.133642,0.129275,0.137427,0.138338
2020-08-27,0.106824,0.115285,0.113292,0.124488,0.12376,0.133642,0.129275,0.137427
2020-08-28,0.109453,0.106824,0.115285,0.113292,0.124488,0.12376,0.133642,0.129275
2020-08-31,0.122688,0.109453,0.106824,0.115285,0.113292,0.124488,0.12376,0.133642
2020-09-01,0.125411,0.122688,0.109453,0.106824,0.115285,0.113292,0.124488,0.12376
2020-09-02,0.115613,0.125411,0.122688,0.109453,0.106824,0.115285,0.113292,0.124488
2020-09-03,0.096154,0.115613,0.125411,0.122688,0.109453,0.106824,0.115285,0.113292
2020-09-04,0.102445,0.096154,0.115613,0.125411,0.122688,0.109453,0.106824,0.115285
2020-09-08,0.091011,0.102445,0.096154,0.115613,0.125411,0.122688,0.109453,0.106824
2020-09-09,0.093349,0.091011,0.102445,0.096154,0.115613,0.125411,0.122688,0.109453
2020-09-10,0.097156,0.093349,0.091011,0.102445,0.096154,0.115613,0.125411,0.122688
2020-09-11,0.096989,0.097156,0.093349,0.091011,0.102445,0.096154,0.115613,0.125411
2020-09-15,0.093496,0.096989,0.097156,0.093349,0.091011,0.102445,0.096154,0.115613
2020-09-16,0.09165,0.093496,0.096989,0.097156,0.093349,0.091011,0.102445,0.096154
2020-09-17,0.094217,0.09165,0.093496,0.096989,0.097156,0.093349,0.091011,0.102445
2020-09-18,0.091081,0.094217,0.09165,0.093496,0.096989,0.097156,0.093349,0.091011
2020-09-21,0.080428,0.091081,0.094217,0.09165,0.093496,0.096989,0.097156,0.093349
2020-09-22,0.081754,0.080428,0.091081,0.094217,0.09165,0.093496,0.096989,0.097156
2020-09-23,0.07683,0.081754,0.080428,0.091081,0.094217,0.09165,0.093496,0.096989
2020-09-24,0.082895,0.07683,0.081754,0.080428,0.091081,0.094217,0.09165,0.093496
2020-09-25,0.096909,0.082895,0.07683,0.081754,0.080428,0.091081,0.094217,0.09165
2020-09-28,0.100696,0.096909,0.082895,0.07683,0.081754,0.080428,0.091081,0.094217
2020-09-29,0.101136,0.100696,0.096909,0.082895,0.07683,0.081754,0.080428,0.091081
2020-09-30,0.101146,0.101136,0.100696,0.096909,0.082895,0.07683,0.081754,0.080428
2020-10-01,0.097878,0.101146,0.101136,0.100696,0.096909,0.082895,0.07683,0.081754
2020-10-02,0.092913,0.097878,0.101146,0.101136,0.100696,0.096909,0.082895,0.07683
2020-10-05,0.097687,0.092913,0.097878,0.101146,0.101136,0.100696,0.096909,0.082895
2020-10-06,0.092909,0.097687,0.092913,0.097878,0.101146,0.101136,0.100696,0.096909
2020-10-07,0.093936,0.092909,0.097687,0.092913,0.097878,0.101146,0.101136,0.100696
2020-10-08,0.096242,0.093936,0.092909,0.097687,0.092913,0.097878,0.101146,0.101136
2020-10-14,0.107297,0.096242,0.093936,0.092909,0.097687,0.092913,0.097878,0.101146
2020-10-15,0.106635,0.107297,0.096242,0.093936,0.092909,0.097687,0.092913,0.097878
2020-10-16,0.104064,0.106635,0.107297,0.096242,0.093936,0.092909,0.097687,0.092913
2020-10-20,0.102494,0.104064,0.106635,0.107297,0.096242,0.093936,0.092909,0.097687
2020-10-21,0.106187,0.102494,0.104064,0.106635,0.107297,0.096242,0.093936,0.092909
2020-10-22,0.110572,0.106187,0.102494,0.104064,0.106635,0.107297,0.096242,0.093936
2020-10-23,0.108083,0.110572,0.106187,0.102494,0.104064,0.106635,0.107297,0.096242
2020-10-26,0.103097,0.108083,0.110572,0.106187,0.102494,0.104064,0.106635,0.107297
2020-10-27,0.102827,0.103097,0.108083,0.110572,0.106187,0.102494,0.104064,0.106635
2020-10-28,0.098977,0.102827,0.103097,0.108083,0.110572,0.106187,0.102494,0.104064
2020-10-29,0.095376,0.098977,0.102827,0.103097,0.108083,0.110572,0.106187,0.102494
2020-10-30,0.093369,0.095376,0.098977,0.102827,0.103097,0.108083,0.110572,0.106187
2020-11-02,0.092143,0.093369,0.095376,0.098977,0.102827,0.103097,0.108083,0.110572
2020-11-03,0.093434,0.092143,0.093369,0.095376,0.098977,0.102827,0.103097,0.108083
2020-11-04,0.095369,0.093434,0.092143,0.093369,0.095376,0.098977,0.102827,0.103097
2020-11-05,0.096994,0.095369,0.093434,0.092143,0.093369,0.095376,0.098977,0.102827
2020-11-06,0.109105,0.096994,0.095369,0.093434,0.092143,0.093369,0.095376,0.098977
2020-11-09,0.105325,0.109105,0.096994,0.095369,0.093434,0.092143,0.093369,0.095376
2020-11-10,0.105805,0.105325,0.109105,0.096994,0.095369,0.093434,0.092143,0.093369
2020-11-11,0.105965,0.105805,0.105325,0.109105,0.096994,0.095369,0.093434,0.092143
2020-11-12,0.104525,0.105965,0.105805,0.105325,0.109105,0.096994,0.095369,0.093434
2020-11-13,0.106391,0.104525,0.105965,0.105805,0.105325,0.109105,0.096994,0.095369
2020-11-16,0.104008,0.106391,0.104525,0.105965,0.105805,0.105325,0.109105,0.096994
2020-11-17,0.1096,0.104008,0.106391,0.104525,0.105965,0.105805,0.105325,0.109105
2020-11-18,0.106403,0.1096,0.104008,0.106391,0.104525,0.105965,0.105805,0.105325
2020-11-19,0.105866,0.106403,0.1096,0.104008,0.106391,0.104525,0.105965,0.105805
2020-11-20,0.118226,0.105866,0.106403,0.1096,0.104008,0.106391,0.104525,0.105965
2020-11-23,0.15351,0.118226,0.105866,0.106403,0.1096,0.104008,0.106391,0.104525
2020-11-24,0.166323,0.15351,0.118226,0.105866,0.106403,0.1096,0.104008,0.106391
2020-11-25,0.155162,0.166323,0.15351,0.118226,0.105866,0.106403,0.1096,0.104008
2020-11-27,0.141028,0.155162,0.166323,0.15351,0.118226,0.105866,0.106403,0.1096
2020-11-30,0.171308,0.141028,0.155162,0.166323,0.15351,0.118226,0.105866,0.106403
2020-12-01,0.155983,0.171308,0.141028,0.155162,0.166323,0.15351,0.118226,0.105866
2020-12-02,0.158557,0.155983,0.171308,0.141028,0.155162,0.166323,0.15351,0.118226
2020-12-03,0.164212,0.158557,0.155983,0.171308,0.141028,0.155162,0.166323,0.15351
2020-12-04,0.148241,0.164212,0.158557,0.155983,0.171308,0.141028,0.155162,0.166323
2020-12-07,0.15413,0.148241,0.164212,0.158557,0.155983,0.171308,0.141028,0.155162
2020-12-08,0.140928,0.15413,0.148241,0.164212,0.158557,0.155983,0.171308,0.141028
2020-12-09,0.148165,0.140928,0.15413,0.148241,0.164212,0.158557,0.155983,0.171308
2020-12-10,0.141994,0.148165,0.140928,0.15413,0.148241,0.164212,0.158557,0.155983
2020-12-11,0.139449,0.141994,0.148165,0.140928,0.15413,0.148241,0.164212,0.158557
2020-12-14,0.157992,0.139449,0.141994,0.148165,0.140928,0.15413,0.148241,0.164212
2020-12-15,0.154305,0.157992,0.139449,0.141994,0.148165,0.140928,0.15413,0.148241
2020-12-16,0.167589,0.154305,0.157992,0.139449,0.141994,0.148165,0.140928,0.15413
2020-12-17,0.163483,0.167589,0.154305,0.157992,0.139449,0.141994,0.148165,0.140928
2020-12-18,0.164988,0.163483,0.167589,0.154305,0.157992,0.139449,0.141994,0.148165
2020-12-21,0.152656,0.164988,0.163483,0.167589,0.154305,0.157992,0.139449,0.141994
2020-12-22,0.156179,0.152656,0.164988,0.163483,0.167589,0.154305,0.157992,0.139449
2020-12-23,0.136394,0.156179,0.152656,0.164988,0.163483,0.167589,0.154305,0.157992
2020-12-24,0.152883,0.136394,0.156179,0.152656,0.164988,0.163483,0.167589,0.154305
2020-12-28,0.176735,0.152883,0.136394,0.156179,0.152656,0.164988,0.163483,0.167589
2020-12-29,0.192164,0.176735,0.152883,0.136394,0.156179,0.152656,0.164988,0.163483
2020-12-30,0.18404,0.192164,0.176735,0.152883,0.136394,0.156179,0.152656,0.164988
2020-12-31,0.181397,0.18404,0.192164,0.176735,0.152883,0.136394,0.156179,0.152656
2021-01-04,0.224762,0.181397,0.18404,0.192164,0.176735,0.152883,0.136394,0.156179
2021-01-05,0.258314,0.224762,0.181397,0.18404,0.192164,0.176735,0.152883,0.136394
2021-01-06,0.331898,0.258314,0.224762,0.181397,0.18404,0.192164,0.176735,0.152883
2021-01-07,0.29998,0.331898,0.258314,0.224762,0.181397,0.18404,0.192164,0.176735
2021-01-08,0.305597,0.29998,0.331898,0.258314,0.224762,0.181397,0.18404,0.192164
2021-01-12,0.287003,0.305597,0.29998,0.331898,0.258314,0.224762,0.181397,0.18404
2021-01-13,0.313609,0.287003,0.305597,0.29998,0.331898,0.258314,0.224762,0.181397
2021-01-14,0.310396,0.313609,0.287003,0.305597,0.29998,0.331898,0.258314,0.224762
2021-01-15,0.30253,0.310396,0.313609,0.287003,0.305597,0.29998,0.331898,0.258314
2021-01-19,0.369137,0.30253,0.310396,0.313609,0.287003,0.305597,0.29998,0.331898
2021-01-20,0.375394,0.369137,0.30253,0.310396,0.313609,0.287003,0.305597,0.29998
2021-01-21,0.310209,0.375394,0.369137,0.30253,0.310396,0.313609,0.287003,0.305597
2021-01-22,0.349577,0.310209,0.375394,0.369137,0.30253,0.310396,0.313609,0.287003
2021-01-25,0.343886,0.349577,0.310209,0.375394,0.369137,0.30253,0.310396,0.313609
2021-01-26,0.344234,0.343886,0.349577,0.310209,0.375394,0.369137,0.30253,0.310396
2021-01-27,0.31308,0.344234,0.343886,0.349577,0.310209,0.375394,0.369137,0.30253
2021-01-28,0.333303,0.31308,0.344234,0.343886,0.349577,0.310209,0.375394,0.369137
2021-01-29,0.348131,0.333303,0.31308,0.344234,0.343886,0.349577,0.310209,0.375394
2021-02-02,0.426247,0.348131,0.333303,0.31308,0.344234,0.343886,0.349577,0.310209
2021-02-03,0.4414,0.426247,0.348131,0.333303,0.31308,0.344234,0.343886,0.349577
2021-02-04,0.441051,0.4414,0.426247,0.348131,0.333303,0.31308,0.344234,0.343886
2021-02-05,0.537874,0.441051,0.4414,0.426247,0.348131,0.333303,0.31308,0.344234
2021-02-08,0.682511,0.537874,0.441051,0.4414,0.426247,0.348131,0.333303,0.31308
2021-02-09,0.703516,0.682511,0.537874,0.441051,0.4414,0.426247,0.348131,0.333303
2021-02-10,0.930318,0.703516,0.682511,0.537874,0.441051,0.4414,0.426247,0.348131
2021-02-11,0.927741,0.930318,0.703516,0.682511,0.537874,0.441051,0.4414,0.426247
2021-02-12,0.925587,0.927741,0.930318,0.703516,0.682511,0.537874,0.441051,0.4414
2021-02-16,0.870951,0.925587,0.927741,0.930318,0.703516,0.682511,0.537874,0.441051
2021-02-17,0.89092,0.870951,0.925587,0.927741,0.930318,0.703516,0.682511,0.537874
2021-02-18,0.914119,0.89092,0.870951,0.925587,0.927741,0.930318,0.703516,0.682511
2021-02-19,0.927649,0.914119,0.89092,0.870951,0.925587,0.927741,0.930318,0.703516
2021-02-23,0.954709,0.927649,0.914119,0.89092,0.870951,0.925587,0.927741,0.930318
2021-02-24,1.051657,0.954709,0.927649,0.914119,0.89092,0.870951,0.925587,0.927741
2021-02-25,1.079116,1.051657,0.954709,0.927649,0.914119,0.89092,0.870951,0.925587
2021-02-26,1.241105,1.079116,1.051657,0.954709,0.927649,0.914119,0.89092,0.870951
2021-03-01,1.292388,1.241105,1.079116,1.051657,0.954709,0.927649,0.914119,0.89092
2021-03-02,1.225582,1.292388,1.241105,1.079116,1.051657,0.954709,0.927649,0.914119
2021-03-03,1.216593,1.225582,1.292388,1.241105,1.079116,1.051657,0.954709,0.927649
2021-03-04,1.114868,1.216593,1.225582,1.292388,1.241105,1.079116,1.051657,0.954709
2021-03-05,1.168523,1.114868,1.216593,1.225582,1.292388,1.241105,1.079116,1.051657
2021-03-08,1.118053,1.168523,1.114868,1.216593,1.225582,1.292388,1.241105,1.079116
2021-03-09,1.195161,1.118053,1.168523,1.114868,1.216593,1.225582,1.292388,1.241105
2021-03-10,1.135003,1.195161,1.118053,1.168523,1.114868,1.216593,1.225582,1.292388
2021-03-11,1.12479,1.135003,1.195161,1.118053,1.168523,1.114868,1.216593,1.225582
2021-03-12,1.039144,1.12479,1.135003,1.195161,1.118053,1.168523,1.114868,1.216593
2021-03-15,1.033539,1.039144,1.12479,1.135003,1.195161,1.118053,1.168523,1.114868
2021-03-16,1.242953,1.033539,1.039144,1.12479,1.135003,1.195161,1.118053,1.168523
2021-03-17,1.378673,1.242953,1.033539,1.039144,1.12479,1.135003,1.195161,1.118053
2021-03-18,1.239006,1.378673,1.242953,1.033539,1.039144,1.12479,1.135003,1.195161
2021-03-19,1.30217,1.239006,1.378673,1.242953,1.033539,1.039144,1.12479,1.135003
2021-03-23,1.121552,1.30217,1.239006,1.378673,1.242953,1.033539,1.039144,1.12479
2021-03-24,1.075002,1.121552,1.30217,1.239006,1.378673,1.242953,1.033539,1.039144
2021-03-25,1.101574,1.075002,1.121552,1.30217,1.239006,1.378673,1.242953,1.033539
2021-03-26,1.213969,1.101574,1.075002,1.121552,1.30217,1.239006,1.378673,1.242953
2021-03-29,1.202541,1.213969,1.101574,1.075002,1.121552,1.30217,1.239006,1.378673
2021-03-30,1.213317,1.202541,1.213969,1.101574,1.075002,1.121552,1.30217,1.239006
2021-03-31,1.193264,1.213317,1.202541,1.213969,1.101574,1.075002,1.121552,1.30217
2021-04-01,1.189244,1.193264,1.213317,1.202541,1.213969,1.101574,1.075002,1.121552
2021-04-05,1.2143,1.189244,1.193264,1.213317,1.202541,1.213969,1.101574,1.075002
2021-04-06,1.255354,1.2143,1.189244,1.193264,1.213317,1.202541,1.213969,1.101574
2021-04-07,1.175149,1.255354,1.2143,1.189244,1.193264,1.213317,1.202541,1.213969
2021-04-08,1.219436,1.175149,1.255354,1.2143,1.189244,1.193264,1.213317,1.202541
2021-04-09,1.20354,1.219436,1.175149,1.255354,1.2143,1.189244,1.193264,1.213317
2021-04-12,1.316127,1.20354,1.219436,1.175149,1.255354,1.2143,1.189244,1.193264
2021-04-13,1.411786,1.316127,1.20354,1.219436,1.175149,1.255354,1.2143,1.189244
2021-04-14,1.45542,1.411786,1.316127,1.20354,1.219436,1.175149,1.255354,1.2143
2021-04-15,1.481588,1.45542,1.411786,1.316127,1.20354,1.219436,1.175149,1.255354
2021-04-16,1.416949,1.481588,1.45542,1.411786,1.316127,1.20354,1.219436,1.175149
2021-04-19,1.197959,1.416949,1.481588,1.45542,1.411786,1.316127,1.20354,1.219436
2021-04-20,1.265934,1.197959,1.416949,1.481588,1.45542,1.411786,1.316127,1.20354
2021-04-21,1.206735,1.265934,1.197959,1.416949,1.481588,1.45542,1.411786,1.316127
2021-04-22,1.147017,1.206735,1.265934,1.197959,1.416949,1.481588,1.45542,1.411786
2021-04-23,1.155702,1.147017,1.206735,1.265934,1.197959,1.416949,1.481588,1.45542
2021-04-27,1.306927,1.155702,1.147017,1.206735,1.265934,1.197959,1.416949,1.481588
2021-04-28,1.335666,1.306927,1.155702,1.147017,1.206735,1.265934,1.197959,1.416949
2021-04-29,1.308014,1.335666,1.306927,1.155702,1.147017,1.206735,1.265934,1.197959
2021-04-30,1.352449,1.308014,1.335666,1.306927,1.155702,1.147017,1.206735,1.265934
2021-05-03,1.36203,1.352449,1.308014,1.335666,1.306927,1.155702,1.147017,1.206735
2021-05-04,1.274111,1.36203,1.352449,1.308014,1.335666,1.306927,1.155702,1.147017
2021-05-05,1.475529,1.274111,1.36203,1.352449,1.308014,1.335666,1.306927,1.155702
2021-05-06,1.650124,1.475529,1.274111,1.36203,1.352449,1.308014,1.335666,1.306927
2021-05-07,1.653453,1.650124,1.475529,1.274111,1.36203,1.352449,1.308014,1.335666
2021-05-10,1.644696,1.653453,1.650124,1.475529,1.274111,1.36203,1.352449,1.308014
2021-05-11,1.764077,1.644696,1.653453,1.650124,1.475529,1.274111,1.36203,1.352449
2021-05-12,1.552775,1.764077,1.644696,1.653453,1.650124,1.475529,1.274111,1.36203
2021-05-13,1.933668,1.552775,1.764077,1.644696,1.653453,1.650124,1.475529,1.274111
2021-05-14,2.004796,1.933668,1.552775,1.764077,1.644696,1.653453,1.650124,1.475529
2021-05-18,2.003662,2.004796,1.933668,1.552775,1.764077,1.644696,1.653453,1.650124
2021-05-19,1.482521,2.003662,2.004796,1.933668,1.552775,1.764077,1.644696,1.653453
2021-05-20,1.810469,1.482521,2.003662,2.004796,1.933668,1.552775,1.764077,1.644696
2021-05-21,1.552277,1.810469,1.482521,2.003662,2.004796,1.933668,1.552775,1.764077
2021-05-25,1.555369,1.552277,1.810469,1.482521,2.003662,2.004796,1.933668,1.552775
2021-05-26,1.782702,1.555369,1.552277,1.810469,1.482521,2.003662,2.004796,1.933668
2021-05-27,1.64596,1.782702,1.555369,1.552277,1.810469,1.482521,2.003662,2.004796
2021-05-28,1.511987,1.64596,1.782702,1.555369,1.552277,1.810469,1.482521,2.003662
2021-06-01,1.734753,1.511987,1.64596,1.782702,1.555369,1.552277,1.810469,1.482521
2021-06-02,1.752824,1.734753,1.511987,1.64596,1.782702,1.555369,1.552277,1.810469
2021-06-03,1.840471,1.752824,1.734753,1.511987,1.64596,1.782702,1.555369,1.552277
2021-06-04,1.710908,1.840471,1.752824,1.734753,1.511987,1.64596,1.782702,1.555369
2021-06-07,1.564106,1.710908,1.840471,1.752824,1.734753,1.511987,1.64596,1.782702
2021-06-08,1.58803,1.564106,1.710908,1.840471,1.752824,1.734753,1.511987,1.64596
2021-06-09,1.624826,1.58803,1.564106,1.710908,1.840471,1.752824,1.734753,1.511987
2021-06-10,1.531857,1.624826,1.58803,1.564106,1.710908,1.840471,1.752824,1.734753
2021-06-11,1.436378,1.531857,1.624826,1.58803,1.564106,1.710908,1.840471,1.752824
2021-06-14,1.57511,1.436378,1.531857,1.624826,1.58803,1.564106,1.710908,1.840471
2021-06-15,1.597756,1.57511,1.436378,1.531857,1.624826,1.58803,1.564106,1.710908
2021-06-16,1.482573,1.597756,1.57511,1.436378,1.531857,1.624826,1.58803,1.564106
2021-06-17,1.482194,1.482573,1.597756,1.57511,1.436378,1.531857,1.624826,1.58803
2021-06-18,1.415396,1.482194,1.482573,1.597756,1.57511,1.436378,1.531857,1.624826
2021-06-22,1.153254,1.415396,1.482194,1.482573,1.597756,1.57511,1.436378,1.531857
2021-06-23,1.252896,1.153254,1.415396,1.482194,1.482573,1.597756,1.57511,1.436378
2021-06-24,1.356087,1.252896,1.153254,1.415396,1.482194,1.482573,1.597756,1.57511
2021-06-25,1.256478,1.356087,1.252896,1.153254,1.415396,1.482194,1.482573,1.597756
2021-06-28,1.324752,1.256478,1.356087,1.252896,1.153254,1.415396,1.482194,1.482573
2021-06-29,1.368437,1.324752,1.256478,1.356087,1.252896,1.153254,1.415396,1.482194
2021-06-30,1.383472,1.368437,1.324752,1.256478,1.356087,1.252896,1.153254,1.415396
2021-07-01,1.335611,1.383472,1.368437,1.324752,1.256478,1.356087,1.252896,1.153254
2021-07-02,1.394397,1.335611,1.383472,1.368437,1.324752,1.256478,1.356087,1.252896
2021-07-06,1.418053,1.394397,1.335611,1.383472,1.368437,1.324752,1.256478,1.356087
2021-07-07,1.403118,1.418053,1.394397,1.335611,1.383472,1.368437,1.324752,1.256478
2021-07-08,1.330146,1.403118,1.418053,1.394397,1.335611,1.383472,1.368437,1.324752
2021-07-09,1.349474,1.330146,1.403118,1.418053,1.394397,1.335611,1.383472,1.368437
2021-07-13,1.265083,1.349474,1.330146,1.403118,1.418053,1.394397,1.335611,1.383472
2021-07-14,1.262258,1.265083,1.349474,1.330146,1.403118,1.418053,1.394397,1.335611
2021-07-15,1.223192,1.262258,1.265083,1.349474,1.330146,1.403118,1.418053,1.394397
2021-07-16,1.173715,1.223192,1.262258,1.265083,1.349474,1.330146,1.403118,1.418053
2021-07-19,1.121116,1.173715,1.223192,1.262258,1.265083,1.349474,1.330146,1.403118
2021-07-20,1.056291,1.121116,1.173715,1.223192,1.262258,1.265083,1.349474,1.330146
2021-07-21,1.168098,1.056291,1.121116,1.173715,1.223192,1.262258,1.265083,1.349474
2021-07-22,1.186161,1.168098,1.056291,1.121116,1.173715,1.223192,1.262258,1.265083
2021-07-23,1.206307,1.186161,1.168098,1.056291,1.121116,1.173715,1.223192,1.262258
2021-07-26,1.258493,1.206307,1.186161,1.168098,1.056291,1.121116,1.173715,1.223192
2021-07-27,1.278446,1.258493,1.206307,1.186161,1.168098,1.056291,1.121116,1.173715
2021-07-28,1.283504,1.278446,1.258493,1.206307,1.186161,1.168098,1.056291,1.121116
2021-07-29,1.284084,1.283504,1.278446,1.258493,1.206307,1.186161,1.168098,1.056291
2021-07-30,1.308952,1.284084,1.283504,1.278446,1.258493,1.206307,1.186161,1.168098
2021-08-02,1.310068,1.308952,1.284084,1.283504,1.278446,1.258493,1.206307,1.186161
2021-08-03,1.365026,1.310068,1.308952,1.284084,1.283504,1.278446,1.258493,1.206307
2021-08-04,1.376564,1.365026,1.310068,1.308952,1.284084,1.283504,1.278446,1.258493
2021-08-05,1.386145,1.376564,1.365026,1.310068,1.308952,1.284084,1.283504,1.278446
2021-08-06,1.401786,1.386145,1.376564,1.365026,1.310068,1.308952,1.284084,1.283504
2021-08-09,1.47764,1.401786,1.386145,1.376564,1.365026,1.310068,1.308952,1.284084
2021-08-10,1.672566,1.47764,1.401786,1.386145,1.376564,1.365026,1.310068,1.308952
2021-08-11,1.798038,1.672566,1.47764,1.401786,1.386145,1.376564,1.365026,1.310068
2021-08-12,1.823878,1.798038,1.672566,1.47764,1.401786,1.386145,1.376564,1.365026
2021-08-13,2.136079,1.823878,1.798038,1.672566,1.47764,1.401786,1.386145,1.376564
2021-08-16,2.079417,2.136079,1.823878,1.798038,1.672566,1.47764,1.401786,1.386145
2021-08-17,1.926601,2.079417,2.136079,1.823878,1.798038,1.672566,1.47764,1.401786
2021-08-18,2.10856,1.926601,2.079417,2.136079,1.823878,1.798038,1.672566,1.47764
2021-08-19,2.42814,2.10856,1.926601,2.079417,2.136079,1.823878,1.798038,1.672566
2021-08-20,2.457702,2.42814,2.10856,1.926601,2.079417,2.136079,1.823878,1.798038
2021-08-23,2.917386,2.457702,2.42814,2.10856,1.926601,2.079417,2.136079,1.823878
2021-08-24,2.721091,2.917386,2.457702,2.42814,2.10856,1.926601,2.079417,2.136079
2021-08-25,2.738132,2.721091,2.917386,2.457702,2.42814,2.10856,1.926601,2.079417
2021-08-26,2.535528,2.738132,2.721091,2.917386,2.457702,2.42814,2.10856,1.926601
2021-08-27,2.944197,2.535528,2.738132,2.721091,2.917386,2.457702,2.42814,2.10856
2021-08-30,2.73316,2.944197,2.535528,2.738132,2.721091,2.917386,2.457702,2.42814
2021-08-31,2.772475,2.73316,2.944197,2.535528,2.738132,2.721091,2.917386,2.457702
2021-09-01,2.870767,2.772475,2.73316,2.944197,2.535528,2.738132,2.721091,2.917386
2021-09-02,2.963438,2.870767,2.772475,2.73316,2.944197,2.535528,2.738132,2.721091
2021-09-03,2.968239,2.963438,2.870767,2.772475,2.73316,2.944197,2.535528,2.738132
2021-09-07,2.502491,2.968239,2.963438,2.870767,2.772475,2.73316,2.944197,2.535528
2021-09-08,2.474989,2.502491,2.968239,2.963438,2.870767,2.772475,2.73316,2.944197
2021-09-09,2.517666,2.474989,2.502491,2.968239,2.963438,2.870767,2.772475,2.73316
2021-09-10,2.385911,2.517666,2.474989,2.502491,2.968239,2.963438,2.870767,2.772475
2021-09-13,2.400663,2.385911,2.517666,2.474989,2.502491,2.968239,2.963438,2.870767
2021-09-14,2.395638,2.400663,2.385911,2.517666,2.474989,2.502491,2.968239,2.963438
2021-09-15,2.501635,2.395638,2.400663,2.385911,2.517666,2.474989,2.502491,2.968239
