date,bnb_close,lag_1,lag_2,lag_3,lag_4,lag_5,lag_6,lag_7
2017-10-11,1.43373,1.39336,1.40378,1.57991,1.67849,1.60148,1.8207,1.96467
2017-10-12,1.34376,1.43373,1.39336,1.40378,1.57991,1.67849,1.60148,1.8207
2017-10-13,1.43548,1.34376,1.43373,1.39336,1.40378,1.57991,1.67849,1.60148
2017-10-16,1.4407,1.43548,1.34376,1.43373,1.39336,1.40378,1.57991,1.67849
2017-10-17,1.38995,1.4407,1.43548,1.34376,1.43373,1.39336,1.40378,1.57991
2017-10-18,1.32756,1.38995,1.4407,1.43548,1.34376,1.43373,1.39336,1.40378
2017-10-19,1.28461,1.32756,1.38995,1.4407,1.43548,1.34376,1.43373,1.39336
2017-10-20,1.24192,1.28461,1.32756,1.38995,1.4407,1.43548,1.34376,1.43373
2017-10-23,1.18373,1.24192,1.28461,1.32756,1.38995,1.4407,1.43548,1.34376
2017-10-24,1.24843,1.18373,1.24192,1.28461,1.32756,1.38995,1.4407,1.43548
2017-10-25,1.25278,1.24843,1.18373,1.24192,1.28461,1.32756,1.38995,1.4407
2017-10-26,1.2086,1.25278,1.24843,1.18373,1.24192,1.28461,1.32756,1.38995
2017-10-27,1.17418,1.2086,1.25278,1.24843,1.18373,1.24192,1.28461,1.32756
2017-10-30,1.31227,1.17418,1.2086,1.25278,1.24843,1.18373,1.24192,1.28461
2017-10-31,1.31289,1.31227,1.17418,1.2086,1.25278,1.24843,1.18373,1.24192
2017-11-01,1.26154,1.31289,1.31227,1.17418,1.2086,1.25278,1.24843,1.18373
2017-11-02,1.29963,1.26154,1.31289,1.31227,1.17418,1.2086,1.25278,1.24843
2017-11-03,1.45922,1.29963,1.26154,1.31289,1.31227,1.17418,1.2086,1.25278
2017-11-06,1.56979,1.45922,1.29963,1.26154,1.31289,1.31227,1.17418,1.2086
2017-11-07,1.80644,1.56979,1.45922,1.29963,1.26154,1.31289,1.31227,1.17418
2017-11-08,2.03102,1.80644,1.56979,1.45922,1.29963,1.26154,1.31289,1.31227
2017-11-09,1.99077,2.03102,1.80644,1.56979,1.45922,1.29963,1.26154,1.31289
2017-11-10,1.79684,1.99077,2.03102,1.80644,1.56979,1.45922,1.29963,1.26154
2017-11-13,1.68662,1.79684,1.99077,2.03102,1.80644,1.56979,1.45922,1.29963
2017-11-14,1.59258,1.68662,1.79684,1.99077,2.03102,1.80644,1.56979,1.45922
2017-11-15,1.53045,1.59258,1.68662,1.79684,1.99077,2.03102,1.80644,1.56979
2017-11-16,1.57792,1.53045,1.59258,1.68662,1.79684,1.99077,2.03102,1.80644
2017-11-17,1.51036,1.57792,1.53045,1.59258,1.68662,1.79684,1.99077,2.03102
2017-11-20,1.62445,1.51036,1.57792,1.53045,1.59258,1.68662,1.79684,1.99077
2017-11-21,1.57406,1.62445,1.51036,1.57792,1.53045,1.59258,1.68662,1.79684
2017-11-22,1.61175,1.57406,1.62445,1.51036,1.57792,1.53045,1.59258,1.68662
2017-11-24,1.71771,1.61175,1.57406,1.62445,1.51036,1.57792,1.53045,1.59258
2017-11-27,1.94298,1.71771,1.61175,1.57406,1.62445,1.51036,1.57792,1.53045
2017-11-28,1.91711,1.94298,1.71771,1.61175,1.57406,1.62445,1.51036,1.57792
2017-11-29,1.75153,1.91711,1.94298,1.71771,1.61175,1.57406,1.62445,1.51036
2017-11-30,1.99697,1.75153,1.91711,1.94298,1.71771,1.61175,1.57406,1.62445
2017-12-01,2.07023,1.99697,1.75153,1.91711,1.94298,1.71771,1.61175,1.57406
2017-12-04,2.49168,2.07023,1.99697,1.75153,1.91711,1.94298,1.71771,1.61175
2017-12-05,2.5953,2.49168,2.07023,1.99697,1.75153,1.91711,1.94298,1.71771
2017-12-06,2.58769,2.5953,2.49168,2.07023,1.99697,1.75153,1.91711,1.94298
2017-12-07,2.77995,2.58769,2.5953,2.49168,2.07023,1.99697,1.75153,1.91711
2017-12-08,2.83067,2.77995,2.58769,2.5953,2.49168,2.07023,1.99697,1.75153
2017-12-11,2.70665,2.83067,2.77995,2.58769,2.5953,2.49168,2.07023,1.99697
2017-12-12,2.68475,2.70665,2.83067,2.77995,2.58769,2.5953,2.49168,2.07023
2017-12-13,2.7781,2.68475,2.70665,2.83067,2.77995,2.58769,2.5953,2.49168
2017-12-14,3.15874,2.7781,2.68475,2.70665,2.83067,2.77995,2.58769,2.5953
2017-12-15,3.99615,3.15874,2.7781,2.68475,2.70665,2.83067,2.77995,2.58769
2017-12-18,5.61585,3.99615,3.15874,2.7781,2.68475,2.70665,2.83067,2.77995
2017-12-19,5.79233,5.61585,3.99615,3.15874,2.7781,2.68475,2.70665,2.83067
2017-12-20,5.17621,5.79233,5.61585,3.99615,3.15874,2.7781,2.68475,2.70665
2017-12-21,5.18001,5.17621,5.79233,5.61585,3.99615,3.15874,2.7781,2.68475
2017-12-22,4.33615,5.18001,5.17621,5.79233,5.61585,3.99615,3.15874,2.7781
2017-12-26,9.02942,4.33615,5.18001,5.17621,5.79233,5.61585,3.99615,3.15874
2017-12-27,10.107,9.02942,4.33615,5.18001,5.17621,5.79233,5.61585,3.99615
2017-12-28,9.32141,10.107,9.02942,4.33615,5.18001,5.17621,5.79233,5.61585
2017-12-29,8.8076,9.32141,10.107,9.02942,4.33615,5.18001,5.17621,5.79233
2018-01-02,8.83777,8.8076,9.32141,10.107,9.02942,4.33615,5.18001,5.17621
2018-01-03,9.53588,8.83777,8.8076,9.32141,10.107,9.02942,4.33615,5.18001
2018-01-04,9.21399,9.53588,8.83777,8.8076,9.32141,10.107,9.02942,4.33615
2018-01-05,14.9172,9.21399,9.53588,8.83777,8.8076,9.32141,10.107,9.02942
2018-01-08,18.2609,14.9172,9.21399,9.53588,8.83777,8.8076,9.32141,10.107
2018-01-09,17.4118,18.2609,14.9172,9.21399,9.53588,8.83777,8.8076,9.32141
2018-01-10,17.3908,17.4118,18.2609,14.9172,9.21399,9.53588,8.83777,8.8076
2018-01-11,21.0427,17.3908,17.4118,18.2609,14.9172,9.21399,9.53588,8.83777
2018-01-12,22.316299,21.0427,17.3908,17.4118,18.2609,14.9172,9.21399,9.53588
2018-01-16,13.8919,22.316299,21.0427,17.3908,17.4118,18.2609,14.9172,9.21399
2018-01-17,14.2032,13.8919,22.316299,21.0427,17.3908,17.4118,18.2609,14.9172
2018-01-18,14.2804,14.2032,13.8919,22.316299,21.0427,17.3908,17.4118,18.2609
2018-01-19,14.9406,14.2804,14.2032,13.8919,22.316299,21.0427,17.3908,17.4118
2018-01-22,13.0146,14.9406,14.2804,14.2032,13.8919,22.316299,21.0427,17.3908
2018-01-23,13.0935,13.0146,14.9406,14.2804,14.2032,13.8919,22.316299,21.0427
2018-01-24,13.6287,13.0935,13.0146,14.9406,14.2804,14.2032,13.8919,22.316299
2018-01-25,13.2284,13.6287,13.0935,13.0146,14.9406,14.2804,14.2032,13.8919
2018-01-26,13.2182,13.2284,13.6287,13.0935,13.0146,14.9406,14.2804,14.2032
2018-01-29,12.7645,13.2182,13.2284,13.6287,13.0935,13.0146,14.9406,14.2804
2018-01-30,11.2507,12.7645,13.2182,13.2284,13.6287,13.0935,13.0146,14.9406
2018-01-31,11.145,11.2507,12.7645,13.2182,13.2284,13.6287,13.0935,13.0146
2018-02-01,9.51584,11.145,11.2507,12.7645,13.2182,13.2284,13.6287,13.0935
2018-02-02,9.65229,9.51584,11.145,11.2507,12.7645,13.2182,13.2284,13.6287
2018-02-05,6.70503,9.65229,9.51584,11.145,11.2507,12.7645,13.2182,13.2284
2018-02-06,8.28885,6.70503,9.65229,9.51584,11.145,11.2507,12.7645,13.2182
2018-02-07,8.09501,8.28885,6.70503,9.65229,9.51584,11.145,11.2507,12.7645
2018-02-08,8.5955,8.09501,8.28885,6.70503,9.65229,9.51584,11.145,11.2507
2018-02-09,9.73046,8.5955,8.09501,8.28885,6.70503,9.65229,9.51584,11.145
2018-02-12,9.32247,9.73046,8.5955,8.09501,8.28885,6.70503,9.65229,9.51584
2018-02-13,8.98678,9.32247,9.73046,8.5955,8.09501,8.28885,6.70503,9.65229
2018-02-14,10.4006,8.98678,9.32247,9.73046,8.5955,8.09501,8.28885,6.70503
2018-02-15,10.9311,10.4006,8.98678,9.32247,9.73046,8.5955,8.09501,8.28885
2018-02-16,11.2016,10.9311,10.4006,8.98678,9.32247,9.73046,8.5955,8.09501
2018-02-20,9.90451,11.2016,10.9311,10.4006,8.98678,9.32247,9.73046,8.5955
2018-02-21,9.38079,9.90451,11.2016,10.9311,10.4006,8.98678,9.32247,9.73046
2018-02-22,8.90403,9.38079,9.90451,11.2016,10.9311,10.4006,8.98678,9.32247
2018-02-23,9.69211,8.90403,9.38079,9.90451,11.2016,10.9311,10.4006,8.98678
2018-02-26,9.90232,9.69211,8.90403,9.38079,9.90451,11.2016,10.9311,10.4006
2018-02-27,10.6599,9.90232,9.69211,8.90403,9.38079,9.90451,11.2016,10.9311
2018-02-28,10.4382,10.6599,9.90232,9.69211,8.90403,9.38079,9.90451,11.2016
2018-03-01,10.5097,10.4382,10.6599,9.90232,9.69211,8.90403,9.38079,9.90451
2018-03-02,10.2248,10.5097,10.4382,10.6599,9.90232,9.69211,8.90403,9.38079
2018-03-05,10.1105,10.2248,10.5097,10.4382,10.6599,9.90232,9.69211,8.90403
2018-03-06,9.38438,10.1105,10.2248,10.5097,10.4382,10.6599,9.90232,9.69211
2018-03-07,9.03488,9.38438,10.1105,10.2248,10.5097,10.4382,10.6599,9.90232
2018-03-08,8.31044,9.03488,9.38438,10.1105,10.2248,10.5097,10.4382,10.6599
2018-03-09,8.31307,8.31044,9.03488,9.38438,10.1105,10.2248,10.5097,10.4382
2018-03-12,8.03927,8.31307,8.31044,9.03488,9.38438,10.1105,10.2248,10.5097
2018-03-13,10.1152,8.03927,8.31307,8.31044,9.03488,9.38438,10.1105,10.2248
2018-03-14,8.95921,10.1152,8.03927,8.31307,8.31044,9.03488,9.38438,10.1105
2018-03-15,9.09908,8.95921,10.1152,8.03927,8.31307,8.31044,9.03488,9.38438
2018-03-16,9.11132,9.09908,8.95921,10.1152,8.03927,8.31307,8.31044,9.03488
2018-03-19,8.99274,9.11132,9.09908,8.95921,10.1152,8.03927,8.31307,8.31044
2018-03-20,9.16093,8.99274,9.11132,9.09908,8.95921,10.1152,8.03927,8.31307
2018-03-21,9.982,9.16093,8.99274,9.11132,9.09908,8.95921,10.1152,8.03927
2018-03-22,10.0663,9.982,9.16093,8.99274,9.11132,9.09908,8.95921,10.1152
2018-03-23,11.7376,10.0663,9.982,9.16093,8.99274,9.11132,9.09908,8.95921
2018-03-26,12.0614,11.7376,10.0663,9.982,9.16093,8.99274,9.11132,9.09908
2018-03-27,11.5083,12.0614,11.7376,10.0663,9.982,9.16093,8.99274,9.11132
2018-03-28,11.6404,11.5083,12.0614,11.7376,10.0663,9.982,9.16093,8.99274
2018-03-29,10.1961,11.6404,11.5083,12.0614,11.7376,10.0663,9.982,9.16093
2018-04-02,12.6207,10.1961,11.6404,11.5083,12.0614,11.7376,10.0663,9.982
2018-04-03,13.3607,12.6207,10.1961,11.6404,11.5083,12.0614,11.7376,10.0663
2018-04-04,12.1904,13.3607,12.6207,10.1961,11.6404,11.5083,12.0614,11.7376
2018-04-05,12.4536,12.1904,13.3607,12.6207,10.1961,11.6404,11.5083,12.0614
2018-04-06,12.2584,12.4536,12.1904,13.3607,12.6207,10.1961,11.6404,11.5083
2018-04-09,11.8683,12.2584,12.4536,12.1904,13.3607,12.6207,10.1961,11.6404
2018-04-10,12.0362,11.8683,12.2584,12.4536,12.1904,13.3607,12.6207,10.1961
2018-04-11,12.2309,12.0362,11.8683,12.2584,12.4536,12.1904,13.3607,12.6207
2018-04-12,12.9525,12.2309,12.0362,11.8683,12.2584,12.4536,12.1904,13.3607
2018-04-13,13.5368,12.9525,12.2309,12.0362,11.8683,12.2584,12.4536,12.1904
2018-04-16,12.21,13.5368,12.9525,12.2309,12.0362,11.8683,12.2584,12.4536
2018-04-17,11.7694,12.21,13.5368,12.9525,12.2309,12.0362,11.8683,12.2584
2018-04-18,12.2757,11.7694,12.21,13.5368,12.9525,12.2309,12.0362,11.8683
2018-04-19,12.3526,12.2757,11.7694,12.21,13.5368,12.9525,12.2309,12.0362
2018-04-20,12.5752,12.3526,12.2757,11.7694,12.21,13.5368,12.9525,12.2309
2018-04-23,13.6253,12.5752,12.3526,12.2757,11.7694,12.21,13.5368,12.9525
2018-04-24,15.266,13.6253,12.5752,12.3526,12.2757,11.7694,12.21,13.5368
2018-04-25,13.2909,15.266,13.6253,12.5752,12.3526,12.2757,11.7694,12.21
2018-04-26,14.6536,13.2909,15.266,13.6253,12.5752,12.3526,12.2757,11.7694
2018-04-27,14.3291,14.6536,13.2909,15.266,13.6253,12.5752,12.3526,12.2757
2018-04-30,14.3121,14.3291,14.6536,13.2909,15.266,13.6253,12.5752,12.3526
2018-05-01,14.1643,14.3121,14.3291,14.6536,13.2909,15.266,13.6253,12.5752
2018-05-02,14.4092,14.1643,14.3121,14.3291,14.6536,13.2909,15.266,13.6253
2018-05-03,14.6526,14.4092,14.1643,14.3121,14.3291,14.6536,13.2909,15.266
2018-05-04,14.3295,14.6526,14.4092,14.1643,14.3121,14.3291,14.6536,13.2909
2018-05-07,13.7025,14.3295,14.6526,14.4092,14.1643,14.3121,14.3291,14.6536
2018-05-08,13.529,13.7025,14.3295,14.6526,14.4092,14.1643,14.3121,14.3291
2018-05-09,14.6602,13.529,13.7025,14.3295,14.6526,14.4092,14.1643,14.3121
2018-05-10,13.8184,14.6602,13.529,13.7025,14.3295,14.6526,14.4092,14.1643
2018-05-11,12.9939,13.8184,14.6602,13.529,13.7025,14.3295,14.6526,14.4092
2018-05-14,12.8707,12.9939,13.8184,14.6602,13.529,13.7025,14.3295,14.6526
2018-05-15,12.5678,12.8707,12.9939,13.8184,14.6602,13.529,13.7025,14.3295
2018-05-16,12.2605,12.5678,12.8707,12.9939,13.8184,14.6602,13.529,13.7025
2018-05-17,12.465,12.2605,12.5678,12.8707,12.9939,13.8184,14.6602,13.529
2018-05-18,15.1354,12.465,12.2605,12.5678,12.8707,12.9939,13.8184,14.6602
2018-05-21,14.7223,15.1354,12.465,12.2605,12.5678,12.8707,12.9939,13.8184
2018-05-22,13.9255,14.7223,15.1354,12.465,12.2605,12.5678,12.8707,12.9939
2018-05-23,12.6262,13.9255,14.7223,15.1354,12.465,12.2605,12.5678,12.8707
2018-05-24,13.0003,12.6262,13.9255,14.7223,15.1354,12.465,12.2605,12.5678
2018-05-25,13.008,13.0003,12.6262,13.9255,14.7223,15.1354,12.465,12.2605
2018-05-29,12.5717,13.008,13.0003,12.6262,13.9255,14.7223,15.1354,12.465
2018-05-30,12.5709,12.5717,13.008,13.0003,12.6262,13.9255,14.7223,15.1354
2018-05-31,14.1902,12.5709,12.5717,13.008,13.0003,12.6262,13.9255,14.7223
2018-06-01,14.2408,14.1902,12.5709,12.5717,13.008,13.0003,12.6262,13.9255
2018-06-04,14.2611,14.2408,14.1902,12.5709,12.5717,13.008,13.0003,12.6262
2018-06-05,15.5993,14.2611,14.2408,14.1902,12.5709,12.5717,13.008,13.0003
2018-06-06,17.247499,15.5993,14.2611,14.2408,14.1902,12.5709,12.5717,13.008
2018-06-07,16.2631,17.247499,15.5993,14.2611,14.2408,14.1902,12.5709,12.5717
2018-06-08,16.2738,16.2631,17.247499,15.5993,14.2611,14.2408,14.1902,12.5709
2018-06-11,15.3835,16.2738,16.2631,17.247499,15.5993,14.2611,14.2408,14.1902
2018-06-12,15.2262,15.3835,16.2738,16.2631,17.247499,15.5993,14.2611,14.2408
2018-06-13,14.5891,15.2262,15.3835,16.2738,16.2631,17.247499,15.5993,14.2611
2018-06-14,14.8953,14.5891,15.2262,15.3835,16.2738,16.2631,17.247499,15.5993
2018-06-15,15.0481,14.8953,14.5891,15.2262,15.3835,16.2738,16.2631,17.247499
2018-06-18,16.8797,15.0481,14.8953,14.5891,15.2262,15.3835,16.2738,16.2631
2018-06-19,16.6996,16.8797,15.0481,14.8953,14.5891,15.2262,15.3835,16.2738
2018-06-20,16.061899,16.6996,16.8797,15.0481,14.8953,14.5891,15.2262,15.3835
2018-06-21,17.053301,16.061899,16.6996,16.8797,15.0481,14.8953,14.5891,15.2262
2018-06-22,15.5939,17.053301,16.061899,16.6996,16.8797,15.0481,14.8953,14.5891
2018-06-25,14.9209,15.5939,17.053301,16.061899,16.6996,16.8797,15.0481,14.8953
2018-06-26,14.12,14.9209,15.5939,17.053301,16.061899,16.6996,16.8797,15.0481
2018-06-27,14.0501,14.12,14.9209,15.5939,17.053301,16.061899,16.6996,16.8797
2018-06-28,14.1246,14.0501,14.12,14.9209,15.5939,17.053301,16.061899,16.6996
2018-06-29,14.5086,14.1246,14.0501,14.12,14.9209,15.5939,17.053301,16.061899
2018-07-02,14.5706,14.5086,14.1246,14.0501,14.12,14.9209,15.5939,17.053301
2018-07-03,14.1715,14.5706,14.5086,14.1246,14.0501,14.12,14.9209,15.5939
2018-07-05,13.8505,14.1715,14.5706,14.5086,14.1246,14.0501,14.12,14.9209
2018-07-06,13.5296,13.8505,14.1715,14.5706,14.5086,14.1246,14.0501,14.12
2018-07-09,13.6645,13.5296,13.8505,14.1715,14.5706,14.5086,14.1246,14.0501
2018-07-10,12.7613,13.6645,13.5296,13.8505,14.1715,14.5706,14.5086,14.1246
2018-07-11,12.7049,12.7613,13.6645,13.5296,13.8505,14.1715,14.5706,14.5086
2018-07-12,12.0706,12.7049,12.7613,13.6645,13.5296,13.8505,14.1715,14.5706
2018-07-13,12.1801,12.0706,12.7049,12.7613,13.6645,13.5296,13.8505,14.1715
2018-07-16,13.2373,12.1801,12.0706,12.7049,12.7613,13.6645,13.5296,13.8505
2018-07-17,13.7128,13.2373,12.1801,12.0706,12.7049,12.7613,13.6645,13.5296
2018-07-18,12.8648,13.7128,13.2373,12.1801,12.0706,12.7049,12.7613,13.6645
2018-07-19,12.918,12.8648,13.7128,13.2373,12.1801,12.0706,12.7049,12.7613
2018-07-20,12.0709,12.918,12.8648,13.7128,13.2373,12.1801,12.0706,12.7049
2018-07-23,12.0199,12.0709,12.918,12.8648,13.7128,13.2373,12.1801,12.0706
2018-07-24,12.1451,12.0199,12.0709,12.918,12.8648,13.7128,13.2373,12.1801
2018-07-25,12.9394,12.1451,12.0199,12.0709,12.918,12.8648,13.7128,13.2373
2018-07-26,13.3973,12.9394,12.1451,12.0199,12.0709,12.918,12.8648,13.7128
2018-07-27,13.9227,13.3973,12.9394,12.1451,12.0199,12.0709,12.918,12.8648
2018-07-30,13.2169,13.9227,13.3973,12.9394,12.1451,12.0199,12.0709,12.918
2018-07-31,13.7754,13.2169,13.9227,13.3973,12.9394,12.1451,12.0199,12.0709
2018-08-01,13.5739,13.7754,13.2169,13.9227,13.3973,12.9394,12.1451,12.0199
2018-08-02,14.1769,13.5739,13.7754,13.2169,13.9227,13.3973,12.9394,12.1451
2018-08-03,14.1346,14.1769,13.5739,13.7754,13.2169,13.9227,13.3973,12.9394
2018-08-06,13.6991,14.1346,14.1769,13.5739,13.7754,13.2169,13.9227,13.3973
2018-08-07,13.1461,13.6991,14.1346,14.1769,13.5739,13.7754,13.2169,13.9227
2018-08-08,12.1437,13.1461,13.6991,14.1346,14.1769,13.5739,13.7754,13.2169
2018-08-09,12.858,12.1437,13.1461,13.6991,14.1346,14.1769,13.5739,13.7754
2018-08-10,12.1308,12.858,12.1437,13.1461,13.6991,14.1346,14.1769,13.5739
2018-08-13,10.2282,12.1308,12.858,12.1437,13.1461,13.6991,14.1346,14.1769
2018-08-14,9.42011,10.2282,12.1308,12.858,12.1437,13.1461,13.6991,14.1346
2018-08-15,9.46301,9.42011,10.2282,12.1308,12.858,12.1437,13.1461,13.6991
2018-08-16,9.80233,9.46301,9.42011,10.2282,12.1308,12.858,12.1437,13.1461
2018-08-17,10.8678,9.80233,9.46301,9.42011,10.2282,12.1308,12.858,12.1437
2018-08-20,9.70093,10.8678,9.80233,9.46301,9.42011,10.2282,12.1308,12.858
2018-08-21,9.71463,9.70093,10.8678,9.80233,9.46301,9.42011,10.2282,12.1308
2018-08-22,9.53973,9.71463,9.70093,10.8678,9.80233,9.46301,9.42011,10.2282
2018-08-23,9.71504,9.53973,9.71463,9.70093,10.8678,9.80233,9.46301,9.42011
2018-08-24,10.2347,9.71504,9.53973,9.71463,9.70093,10.8678,9.80233,9.46301
2018-08-27,11.2128,10.2347,9.71504,9.53973,9.71463,9.70093,10.8678,9.80233
2018-08-28,11.4861,11.2128,10.2347,9.71504,9.53973,9.71463,9.70093,10.8678
2018-08-29,11.1735,11.4861,11.2128,10.2347,9.71504,9.53973,9.71463,9.70093
2018-08-30,10.7626,11.1735,11.4861,11.2128,10.2347,9.71504,9.53973,9.71463
2018-08-31,11.0138,10.7626,11.1735,11.4861,11.2128,10.2347,9.71504,9.53973
2018-09-04,11.3592,11.0138,10.7626,11.1735,11.4861,11.2128,10.2347,9.71504
2018-09-05,10.0866,11.3592,11.0138,10.7626,11.1735,11.4861,11.2128,10.2347
2018-09-06,10.2842,10.0866,11.3592,11.0138,10.7626,11.1735,11.4861,11.2128
2018-09-07,10.0373,10.2842,10.0866,11.3592,11.0138,10.7626,11.1735,11.4861
2018-09-10,9.52487,10.0373,10.2842,10.0866,11.3592,11.0138,10.7626,11.1735
2018-09-11,9.37396,9.52487,10.0373,10.2842,10.0866,11.3592,11.0138,10.7626
2018-09-12,9.21443,9.37396,9.52487,10.0373,10.2842,10.0866,11.3592,11.0138
2018-09-13,9.60406,9.21443,9.37396,9.52487,10.0373,10.2842,10.0866,11.3592
2018-09-14,9.93005,9.60406,9.21443,9.37396,9.52487,10.0373,10.2842,10.0866
2018-09-17,9.40526,9.93005,9.60406,9.21443,9.37396,9.52487,10.0373,10.2842
2018-09-18,9.54406,9.40526,9.93005,9.60406,9.21443,9.37396,9.52487,10.0373
2018-09-19,9.61909,9.54406,9.40526,9.93005,9.60406,9.21443,9.37396,9.52487
2018-09-20,10.0745,9.61909,9.54406,9.40526,9.93005,9.60406,9.21443,9.37396
2018-09-21,10.4108,10.0745,9.61909,9.54406,9.40526,9.93005,9.60406,9.21443
2018-09-24,10.0359,10.4108,10.0745,9.61909,9.54406,9.40526,9.93005,9.60406
2018-09-25,9.78316,10.0359,10.4108,10.0745,9.61909,9.54406,9.40526,9.93005
2018-09-26,9.73663,9.78316,10.0359,10.4108,10.0745,9.61909,9.54406,9.40526
2018-09-27,10.0312,9.73663,9.78316,10.0359,10.4108,10.0745,9.61909,9.54406
2018-09-28,9.96934,10.0312,9.73663,9.78316,10.0359,10.4108,10.0745,9.61909
2018-10-01,9.94366,9.96934,10.0312,9.73663,9.78316,10.0359,10.4108,10.0745
2018-10-02,10.3568,9.94366,9.96934,10.0312,9.73663,9.78316,10.0359,10.4108
2018-10-03,10.2712,10.3568,9.94366,9.96934,10.0312,9.73663,9.78316,10.0359
2018-10-04,10.2556,10.2712,10.3568,9.94366,9.96934,10.0312,9.73663,9.78316
2018-10-05,10.6362,10.2556,10.2712,10.3568,9.94366,9.96934,10.0312,9.73663
2018-10-08,10.5066,10.6362,10.2556,10.2712,10.3568,9.94366,9.96934,10.0312
2018-10-09,10.3849,10.5066,10.6362,10.2556,10.2712,10.3568,9.94366,9.96934
2018-10-10,10.328,10.3849,10.5066,10.6362,10.2556,10.2712,10.3568,9.94366
2018-10-11,9.30132,10.328,10.3849,10.5066,10.6362,10.2556,10.2712,10.3568
2018-10-12,9.52894,9.30132,10.328,10.3849,10.5066,10.6362,10.2556,10.2712
2018-10-15,10.3161,9.52894,9.30132,10.328,10.3849,10.5066,10.6362,10.2556
2018-10-16,10.0109,10.3161,9.52894,9.30132,10.328,10.3849,10.5066,10.6362
2018-10-17,9.90447,10.0109,10.3161,9.52894,9.30132,10.328,10.3849,10.5066
2018-10-18,9.71658,9.90447,10.0109,10.3161,9.52894,9.30132,10.328,10.3849
2018-10-19,9.76675,9.71658,9.90447,10.0109,10.3161,9.52894,9.30132,10.328
2018-10-22,9.72685,9.76675,9.71658,9.90447,10.0109,10.3161,9.52894,9.30132
2018-10-23,9.80308,9.72685,9.76675,9.71658,9.90447,10.0109,10.3161,9.52894
2018-10-24,9.74532,9.80308,9.72685,9.76675,9.71658,9.90447,10.0109,10.3161
2018-10-25,9.69228,9.74532,9.80308,9.72685,9.76675,9.71658,9.90447,10.0109
2018-10-26,9.70268,9.69228,9.74532,9.80308,9.72685,9.76675,9.71658,9.90447
2018-10-29,9.40262,9.70268,9.69228,9.74532,9.80308,9.72685,9.76675,9.71658
2018-10-30,9.38704,9.40262,9.70268,9.69228,9.74532,9.80308,9.72685,9.76675
2018-10-31,9.36496,9.38704,9.40262,9.70268,9.69228,9.74532,9.80308,9.72685
2018-11-01,9.54922,9.36496,9.38704,9.40262,9.70268,9.69228,9.74532,9.80308
2018-11-02,9.57308,9.54922,9.36496,9.38704,9.40262,9.70268,9.69228,9.74532
2018-11-05,9.67251,9.57308,9.54922,9.36496,9.38704,9.40262,9.70268,9.69228
2018-11-06,9.78081,9.67251,9.57308,9.54922,9.36496,9.38704,9.40262,9.70268
2018-11-07,9.81693,9.78081,9.67251,9.57308,9.54922,9.36496,9.38704,9.40262
2018-11-08,9.65095,9.81693,9.78081,9.67251,9.57308,9.54922,9.36496,9.38704
2018-11-09,9.5542,9.65095,9.81693,9.78081,9.67251,9.57308,9.54922,9.36496
2018-11-12,9.36122,9.5542,9.65095,9.81693,9.78081,9.67251,9.57308,9.54922
2018-11-13,9.24841,9.36122,9.5542,9.65095,9.81693,9.78081,9.67251,9.57308
2018-11-14,8.40701,9.24841,9.36122,9.5542,9.65095,9.81693,9.78081,9.67251
2018-11-15,8.18486,8.40701,9.24841,9.36122,9.5542,9.65095,9.81693,9.78081
2018-11-16,7.88448,8.18486,8.40701,9.24841,9.36122,9.5542,9.65095,9.81693
2018-11-19,6.63209,7.88448,8.18486,8.40701,9.24841,9.36122,9.5542,9.65095
2018-11-20,5.76021,6.63209,7.88448,8.18486,8.40701,9.24841,9.36122,9.5542
2018-11-21,6.19905,5.76021,6.63209,7.88448,8.18486,8.40701,9.24841,9.36122
2018-11-23,5.55743,6.19905,5.76021,6.63209,7.88448,8.18486,8.40701,9.24841
2018-11-26,4.92645,5.55743,6.19905,5.76021,6.63209,7.88448,8.18486,8.40701
2018-11-27,4.91305,4.92645,5.55743,6.19905,5.76021,6.63209,7.88448,8.18486
2018-11-28,5.33696,4.91305,4.92645,5.55743,6.19905,5.76021,6.63209,7.88448
2018-11-29,5.346633,5.33696,4.91305,4.92645,5.55743,6.19905,5.76021,6.63209
2018-11-30,5.078572,5.346633,5.33696,4.91305,4.92645,5.55743,6.19905,5.76021
2018-12-03,5.109251,5.078572,5.346633,5.33696,4.91305,4.92645,5.55743,6.19905
2018-12-04,5.880791,5.109251,5.078572,5.346633,5.33696,4.91305,4.92645,5.55743
2018-12-06,4.951687,5.880791,5.109251,5.078572,5.346633,5.33696,4.91305,4.92645
2018-12-07,4.52865,4.951687,5.880791,5.109251,5.078572,5.346633,5.33696,4.91305
2018-12-10,4.712263,4.52865,4.951687,5.880791,5.109251,5.078572,5.346633,5.33696
2018-12-11,4.940698,4.712263,4.52865,4.951687,5.880791,5.109251,5.078572,5.346633
2018-12-12,5.023137,4.940698,4.712263,4.52865,4.951687,5.880791,5.109251,5.078572
2018-12-13,4.650704,5.023137,4.940698,4.712263,4.52865,4.951687,5.880791,5.109251
2018-12-14,4.533357,4.650704,5.023137,4.940698,4.712263,4.52865,4.951687,5.880791
2018-12-17,5.110017,4.533357,4.650704,5.023137,4.940698,4.712263,4.52865,4.951687
2018-12-18,5.60027,5.110017,4.533357,4.650704,5.023137,4.940698,4.712263,4.52865
2018-12-19,5.491901,5.60027,5.110017,4.533357,4.650704,5.023137,4.940698,4.712263
2018-12-20,5.792257,5.491901,5.60027,5.110017,4.533357,4.650704,5.023137,4.940698
2018-12-21,5.567144,5.792257,5.491901,5.60027,5.110017,4.533357,4.650704,5.023137
2018-12-24,6.144924,5.567144,5.792257,5.491901,5.60027,5.110017,4.533357,4.650704
2018-12-26,5.713105,6.144924,5.567144,5.792257,5.491901,5.60027,5.110017,4.533357
2018-12-27,5.27545,5.713105,6.144924,5.567144,5.792257,5.491901,5.60027,5.110017
2018-12-28,6.011828,5.27545,5.713105,6.144924,5.567144,5.792257,5.491901,5.60027
2018-12-31,6.164732,6.011828,5.27545,5.713105,6.144924,5.567144,5.792257,5.491901
2019-01-02,6.188613,6.164732,6.011828,5.27545,5.713105,6.144924,5.567144,5.792257
2019-01-03,5.903535,6.188613,6.164732,6.011828,5.27545,5.713105,6.144924,5.567144
2019-01-04,6.065138,5.903535,6.188613,6.164732,6.011828,5.27545,5.713105,6.144924
2019-01-07,6.291411,6.065138,5.903535,6.188613,6.164732,6.011828,5.27545,5.713105
2019-01-08,6.640054,6.291411,6.065138,5.903535,6.188613,6.164732,6.011828,5.27545
2019-01-09,6.64155,6.640054,6.291411,6.065138,5.903535,6.188613,6.164732,6.011828
2019-01-10,5.915919,6.64155,6.640054,6.291411,6.065138,5.903535,6.188613,6.164732
2019-01-11,6.075342,5.915919,6.64155,6.640054,6.291411,6.065138,5.903535,6.188613
2019-01-14,6.159282,6.075342,5.915919,6.64155,6.640054,6.291411,6.065138,5.903535
2019-01-15,5.919048,6.159282,6.075342,5.915919,6.64155,6.640054,6.291411,6.065138
2019-01-16,6.186014,5.919048,6.159282,6.075342,5.915919,6.64155,6.640054,6.291411
2019-01-17,6.417832,6.186014,5.919048,6.159282,6.075342,5.915919,6.64155,6.640054
2019-01-18,6.56304,6.417832,6.186014,5.919048,6.159282,6.075342,5.915919,6.64155
2019-01-22,6.523199,6.56304,6.417832,6.186014,5.919048,6.159282,6.075342,5.915919
2019-01-23,6.541402,6.523199,6.56304,6.417832,6.186014,5.919048,6.159282,6.075342
2019-01-24,6.505792,6.541402,6.523199,6.56304,6.417832,6.186014,5.919048,6.159282
2019-01-25,6.737325,6.505792,6.541402,6.523199,6.56304,6.417832,6.186014,5.919048
2019-01-28,6.206182,6.737325,6.505792,6.541402,6.523199,6.56304,6.417832,6.186014
2019-01-29,6.18167,6.206182,6.737325,6.505792,6.541402,6.523199,6.56304,6.417832
2019-01-30,6.174529,6.18167,6.206182,6.737325,6.505792,6.541402,6.523199,6.56304
2019-01-31,6.268436,6.174529,6.18167,6.206182,6.737325,6.505792,6.541402,6.523199
2019-02-01,6.562617,6.268436,6.174529,6.18167,6.206182,6.737325,6.505792,6.541402
2019-02-04,7.1005,6.562617,6.268436,6.174529,6.18167,6.206182,6.737325,6.505792
2019-02-05,7.81981,7.1005,6.562617,6.268436,6.174529,6.18167,6.206182,6.737325
2019-02-06,8.086174,7.81981,7.1005,6.562617,6.268436,6.174529,6.18167,6.206182
2019-02-07,7.730325,8.086174,7.81981,7.1005,6.562617,6.268436,6.174529,6.18167
2019-02-08,8.575567,7.730325,8.086174,7.81981,7.1005,6.562617,6.268436,6.174529
2019-02-11,9.551809,8.575567,7.730325,8.086174,7.81981,7.1005,6.562617,6.268436
2019-02-12,9.341781,9.551809,8.575567,7.730325,8.086174,7.81981,7.1005,6.562617
2019-02-13,8.941073,9.341781,9.551809,8.575567,7.730325,8.086174,7.81981,7.1005
2019-02-14,8.782048,8.941073,9.341781,9.551809,8.575567,7.730325,8.086174,7.81981
2019-02-15,9.273832,8.782048,8.941073,9.341781,9.551809,8.575567,7.730325,8.086174
2019-02-19,10.563078,9.273832,8.782048,8.941073,9.341781,9.551809,8.575567,7.730325
2019-02-20,10.966056,10.563078,9.273832,8.782048,8.941073,9.341781,9.551809,8.575567
2019-02-21,10.492892,10.966056,10.563078,9.273832,8.782048,8.941073,9.341781,9.551809
2019-02-22,10.837115,10.492892,10.966056,10.563078,9.273832,8.782048,8.941073,9.341781
2019-02-25,9.842012,10.837115,10.492892,10.966056,10.563078,9.273832,8.782048,8.941073
2019-02-26,9.521595,9.842012,10.837115,10.492892,10.966056,10.563078,9.273832,8.782048
2019-02-27,9.899132,9.521595,9.842012,10.837115,10.492892,10.966056,10.563078,9.273832
2019-02-28,10.365178,9.899132,9.521595,9.842012,10.837115,10.492892,10.966056,10.563078
2019-03-01,11.393217,10.365178,9.899132,9.521595,9.842012,10.837115,10.492892,10.966056
2019-03-04,11.545945,11.393217,10.365178,9.899132,9.521595,9.842012,10.837115,10.492892
2019-03-05,13.811967,11.545945,11.393217,10.365178,9.899132,9.521595,9.842012,10.837115
2019-03-06,14.517946,13.811967,11.545945,11.393217,10.365178,9.899132,9.521595,9.842012
2019-03-07,15.145886,14.517946,13.811967,11.545945,11.393217,10.365178,9.899132,9.521595
2019-03-08,14.366936,15.145886,14.517946,13.811967,11.545945,11.393217,10.365178,9.899132
2019-03-11,14.514414,14.366936,15.145886,14.517946,13.811967,11.545945,11.393217,10.365178
2019-03-12,15.406131,14.514414,14.366936,15.145886,14.517946,13.811967,11.545945,11.393217
2019-03-13,15.115124,15.406131,14.514414,14.366936,15.145886,14.517946,13.811967,11.545945
2019-03-14,15.051104,15.115124,15.406131,14.514414,14.366936,15.145886,14.517946,13.811967
2019-03-15,15.077102,15.051104,15.115124,15.406131,14.514414,14.366936,15.145886,14.517946
2019-03-18,15.682012,15.077102,15.051104,15.115124,15.406131,14.514414,14.366936,15.145886
2019-03-19,15.693595,15.682012,15.077102,15.051104,15.115124,15.406131,14.514414,14.366936
2019-03-20,15.280023,15.693595,15.682012,15.077102,15.051104,15.115124,15.406131,14.514414
2019-03-21,14.517393,15.280023,15.693595,15.682012,15.077102,15.051104,15.115124,15.406131
2019-03-22,15.266424,14.517393,15.280023,15.693595,15.682012,15.077102,15.051104,15.115124
2019-03-25,16.841007,15.266424,14.517393,15.280023,15.693595,15.682012,15.077102,15.051104
2019-03-26,16.335665,16.841007,15.266424,14.517393,15.280023,15.693595,15.682012,15.077102
2019-03-27,16.781343,16.335665,16.841007,15.266424,14.517393,15.280023,15.693595,15.682012
2019-03-28,16.80533,16.781343,16.335665,16.841007,15.266424,14.517393,15.280023,15.693595
2019-03-29,16.510141,16.80533,16.781343,16.335665,16.841007,15.266424,14.517393,15.280023
2019-04-01,17.950502,16.510141,16.80533,16.781343,16.335665,16.841007,15.266424,14.517393
2019-04-02,19.789783,17.950502,16.510141,16.80533,16.781343,16.335665,16.841007,15.266424
2019-04-03,18.753063,19.789783,17.950502,16.510141,16.80533,16.781343,16.335665,16.841007
2019-04-04,19.142689,18.753063,19.789783,17.950502,16.510141,16.80533,16.781343,16.335665
2019-04-05,19.453466,19.142689,18.753063,19.789783,17.950502,16.510141,16.80533,16.781343
2019-04-08,18.113703,19.453466,19.142689,18.753063,19.789783,17.950502,16.510141,16.80533
2019-04-09,18.435053,18.113703,19.453466,19.142689,18.753063,19.789783,17.950502,16.510141
2019-04-10,18.248579,18.435053,18.113703,19.453466,19.142689,18.753063,19.789783,17.950502
2019-04-11,17.70048,18.248579,18.435053,18.113703,19.453466,19.142689,18.753063,19.789783
2019-04-12,18.434271,17.70048,18.248579,18.435053,18.113703,19.453466,19.142689,18.753063
2019-04-15,19.402426,18.434271,17.70048,18.248579,18.435053,18.113703,19.453466,19.142689
2019-04-16,19.827456,19.402426,18.434271,17.70048,18.248579,18.435053,18.113703,19.453466
2019-04-17,19.60335,19.827456,19.402426,18.434271,17.70048,18.248579,18.435053,18.113703
2019-04-18,22.038479,19.60335,19.827456,19.402426,18.434271,17.70048,18.248579,18.435053
2019-04-22,23.90811,22.038479,19.60335,19.827456,19.402426,18.434271,17.70048,18.248579
2019-04-23,22.876261,23.90811,22.038479,19.60335,19.827456,19.402426,18.434271,17.70048
2019-04-24,23.129068,22.876261,23.90811,22.038479,19.60335,19.827456,19.402426,18.434271
2019-04-25,22.243107,23.129068,22.876261,23.90811,22.038479,19.60335,19.827456,19.402426
2019-04-26,22.869429,22.243107,23.129068,22.876261,23.90811,22.038479,19.60335,19.827456
2019-04-29,21.705067,22.869429,22.243107,23.129068,22.876261,23.90811,22.038479,19.60335
2019-04-30,22.127836,21.705067,22.869429,22.243107,23.129068,22.876261,23.90811,22.038479
2019-05-01,21.953621,22.127836,21.705067,22.869429,22.243107,23.129068,22.876261,23.90811
2019-05-02,23.59193,21.953621,22.127836,21.705067,22.869429,22.243107,23.129068,22.876261
2019-05-03,23.749628,23.59193,21.953621,22.127836,21.705067,22.869429,22.243107,23.129068
2019-05-06,22.206635,23.749628,23.59193,21.953621,22.127836,21.705067,22.869429,22.243107
2019-05-07,20.86418,22.206635,23.749628,23.59193,21.953621,22.127836,21.705067,22.869429
2019-05-08,20.752676,20.86418,22.206635,23.749628,23.59193,21.953621,22.127836,21.705067
2019-05-09,18.828356,20.752676,20.86418,22.206635,23.749628,23.59193,21.953621,22.127836
2019-05-10,19.598108,18.828356,20.752676,20.86418,22.206635,23.749628,23.59193,21.953621
2019-05-13,23.811028,19.598108,18.828356,20.752676,20.86418,22.206635,23.749628,23.59193
2019-05-14,23.626419,23.811028,19.598108,18.828356,20.752676,20.86418,22.206635,23.749628
2019-05-15,26.894939,23.626419,23.811028,19.598108,18.828356,20.752676,20.86418,22.206635
2019-05-16,26.325806,26.894939,23.626419,23.811028,19.598108,18.828356,20.752676,20.86418
2019-05-17,25.682571,26.325806,26.894939,23.626419,23.811028,19.598108,18.828356,20.752676
2019-05-20,29.305387,25.682571,26.325806,26.894939,23.626419,23.811028,19.598108,18.828356
2019-05-21,32.007378,29.305387,25.682571,26.325806,26.894939,23.626419,23.811028,19.598108
2019-05-22,31.422043,32.007378,29.305387,25.682571,26.325806,26.894939,23.626419,23.811028
2019-05-23,31.515736,31.422043,32.007378,29.305387,25.682571,26.325806,26.894939,23.626419
2019-05-24,33.841393,31.515736,31.422043,32.007378,29.305387,25.682571,26.325806,26.894939
2019-05-28,33.360947,33.841393,31.515736,31.422043,32.007378,29.305387,25.682571,26.325806
2019-05-29,33.744354,33.360947,33.841393,31.515736,31.422043,32.007378,29.305387,25.682571
2019-05-30,32.291065,33.744354,33.360947,33.841393,31.515736,31.422043,32.007378,29.305387
2019-05-31,32.748165,32.291065,33.744354,33.360947,33.841393,31.515736,31.422043,32.007378
2019-06-03,31.391956,32.748165,32.291065,33.744354,33.360947,33.841393,31.515736,31.422043
2019-06-04,29.380625,31.391956,32.748165,32.291065,33.744354,33.360947,33.841393,31.515736
2019-06-05,31.006264,29.380625,31.391956,32.748165,32.291065,33.744354,33.360947,33.841393
2019-06-06,31.480104,31.006264,29.380625,31.391956,32.748165,32.291065,33.744354,33.360947
2019-06-07,31.587482,31.480104,31.006264,29.380625,31.391956,32.748165,32.291065,33.744354
2019-06-10,32.064728,31.587482,31.480104,31.006264,29.380625,31.391956,32.748165,32.291065
2019-06-11,32.262657,32.064728,31.587482,31.480104,31.006264,29.380625,31.391956,32.748165
2019-06-12,34.686386,32.262657,32.064728,31.587482,31.480104,31.006264,29.380625,31.391956
2019-06-13,35.143143,34.686386,32.262657,32.064728,31.587482,31.480104,31.006264,29.380625
2019-06-14,33.076382,35.143143,34.686386,32.262657,32.064728,31.587482,31.480104,31.006264
2019-06-17,33.917877,33.076382,35.143143,34.686386,32.262657,32.064728,31.587482,31.480104
2019-06-18,34.339508,33.917877,33.076382,35.143143,34.686386,32.262657,32.064728,31.587482
2019-06-19,35.287197,34.339508,33.917877,33.076382,35.143143,34.686386,32.262657,32.064728
2019-06-20,36.726063,35.287197,34.339508,33.917877,33.076382,35.143143,34.686386,32.262657
2019-06-21,38.815918,36.726063,35.287197,34.339508,33.917877,33.076382,35.143143,34.686386
2019-06-24,37.43364,38.815918,36.726063,35.287197,34.339508,33.917877,33.076382,35.143143
2019-06-25,36.008289,37.43364,38.815918,36.726063,35.287197,34.339508,33.917877,33.076382
2019-06-26,35.698311,36.008289,37.43364,38.815918,36.726063,35.287197,34.339508,33.917877
2019-06-27,33.823589,35.698311,36.008289,37.43364,38.815918,36.726063,35.287197,34.339508
2019-06-28,34.54974,33.823589,35.698311,36.008289,37.43364,38.815918,36.726063,35.287197
2019-07-01,32.922298,34.54974,33.823589,35.698311,36.008289,37.43364,38.815918,36.726063
2019-07-02,32.009235,32.922298,34.54974,33.823589,35.698311,36.008289,37.43364,38.815918
2019-07-03,32.6675,32.009235,32.922298,34.54974,33.823589,35.698311,36.008289,37.43364
2019-07-05,32.713165,32.6675,32.009235,32.922298,34.54974,33.823589,35.698311,36.008289
2019-07-08,33.469681,32.713165,32.6675,32.009235,32.922298,34.54974,33.823589,35.698311
2019-07-09,32.707649,33.469681,32.713165,32.6675,32.009235,32.922298,34.54974,33.823589
2019-07-10,31.477377,32.707649,33.469681,32.713165,32.6675,32.009235,32.922298,34.54974
2019-07-11,29.641972,31.477377,32.707649,33.469681,32.713165,32.6675,32.009235,32.922298
2019-07-12,31.69433,29.641972,31.477377,32.707649,33.469681,32.713165,32.6675,32.009235
2019-07-15,28.393448,31.69433,29.641972,31.477377,32.707649,33.469681,32.713165,32.6675
2019-07-16,25.525009,28.393448,31.69433,29.641972,31.477377,32.707649,33.469681,32.713165
2019-07-17,27.219601,25.525009,28.393448,31.69433,29.641972,31.477377,32.707649,33.469681
2019-07-18,28.922812,27.219601,25.525009,28.393448,31.69433,29.641972,31.477377,32.707649
2019-07-19,29.078394,28.922812,27.219601,25.525009,28.393448,31.69433,29.641972,31.477377
2019-07-22,30.634586,29.078394,28.922812,27.219601,25.525009,28.393448,31.69433,29.641972
2019-07-23,29.585196,30.634586,29.078394,28.922812,27.219601,25.525009,28.393448,31.69433
2019-07-24,29.163717,29.585196,30.634586,29.078394,28.922812,27.219601,25.525009,28.393448
2019-07-25,29.002432,29.163717,29.585196,30.634586,29.078394,28.922812,27.219601,25.525009
2019-07-26,28.979189,29.002432,29.163717,29.585196,30.634586,29.078394,28.922812,27.219601
2019-07-29,27.203272,28.979189,29.002432,29.163717,29.585196,30.634586,29.078394,28.922812
2019-07-30,26.942305,27.203272,28.979189,29.002432,29.163717,29.585196,30.634586,29.078394
2019-07-31,27.644558,26.942305,27.203272,28.979189,29.002432,29.163717,29.585196,30.634586
2019-08-01,28.773273,27.644558,26.942305,27.203272,28.979189,29.002432,29.163717,29.585196
2019-08-02,28.038483,28.773273,27.644558,26.942305,27.203272,28.979189,29.002432,29.163717
2019-08-05,28.011879,28.038483,28.773273,27.644558,26.942305,27.203272,28.979189,29.002432
2019-08-06,27.638088,28.011879,28.038483,28.773273,27.644558,26.942305,27.203272,28.979189
2019-08-07,29.354368,27.638088,28.011879,28.038483,28.773273,27.644558,26.942305,27.203272
2019-08-08,30.832846,29.354368,27.638088,28.011879,28.038483,28.773273,27.644558,26.942305
2019-08-09,29.961473,30.832846,29.354368,27.638088,28.011879,28.038483,28.773273,27.644558
2019-08-12,30.166882,29.961473,30.832846,29.354368,27.638088,28.011879,28.038483,28.773273
2019-08-13,29.466278,30.166882,29.961473,30.832846,29.354368,27.638088,28.011879,28.038483
2019-08-14,27.105581,29.466278,30.166882,29.961473,30.832846,29.354368,27.638088,28.011879
2019-08-15,28.043447,27.105581,29.466278,30.166882,29.961473,30.832846,29.354368,27.638088
2019-08-16,27.644571,28.043447,27.105581,29.466278,30.166882,29.961473,30.832846,29.354368
2019-08-19,28.809004,27.644571,28.043447,27.105581,29.466278,30.166882,29.961473,30.832846
2019-08-20,28.16749,28.809004,27.644571,28.043447,27.105581,29.466278,30.166882,29.961473
2019-08-21,26.993715,28.16749,28.809004,27.644571,28.043447,27.105581,29.466278,30.166882
2019-08-22,27.089191,26.993715,28.16749,28.809004,27.644571,28.043447,27.105581,29.466278
2019-08-23,27.17053,27.089191,26.993715,28.16749,28.809004,27.644571,28.043447,27.105581
2019-08-26,26.10833,27.17053,27.089191,26.993715,28.16749,28.809004,27.644571,28.043447
2019-08-27,25.688978,26.10833,27.17053,27.089191,26.993715,28.16749,28.809004,27.644571
2019-08-28,23.702868,25.688978,26.10833,27.17053,27.089191,26.993715,28.16749,28.809004
2019-08-29,21.889606,23.702868,25.688978,26.10833,27.17053,27.089191,26.993715,28.16749
2019-08-30,22.218857,21.889606,23.702868,25.688978,26.10833,27.17053,27.089191,26.993715
2019-09-03,22.51454,22.218857,21.889606,23.702868,25.688978,26.10833,27.17053,27.089191
2019-09-04,21.796309,22.51454,22.218857,21.889606,23.702868,25.688978,26.10833,27.17053
2019-09-05,22.761099,21.796309,22.51454,22.218857,21.889606,23.702868,25.688978,26.10833
2019-09-06,22.153149,22.761099,21.796309,22.51454,22.218857,21.889606,23.702868,25.688978
2019-09-09,22.28739,22.153149,22.761099,21.796309,22.51454,22.218857,21.889606,23.702868
2019-09-10,21.911144,22.28739,22.153149,22.761099,21.796309,22.51454,22.218857,21.889606
2019-09-11,20.899321,21.911144,22.28739,22.153149,22.761099,21.796309,22.51454,22.218857
2019-09-12,20.922277,20.899321,21.911144,22.28739,22.153149,22.761099,21.796309,22.51454
2019-09-13,20.887466,20.922277,20.899321,21.911144,22.28739,22.153149,22.761099,21.796309
2019-09-16,20.398512,20.887466,20.922277,20.899321,21.911144,22.28739,22.153149,22.761099
2019-09-17,21.005367,20.398512,20.887466,20.922277,20.899321,21.911144,22.28739,22.153149
2019-09-18,22.255444,21.005367,20.398512,20.887466,20.922277,20.899321,21.911144,22.28739
2019-09-19,21.614601,22.255444,21.005367,20.398512,20.887466,20.922277,20.899321,21.911144
2019-09-20,21.371471,21.614601,22.255444,21.005367,20.398512,20.887466,20.922277,20.899321
2019-09-23,19.485477,21.371471,21.614601,22.255444,21.005367,20.398512,20.887466,20.922277
2019-09-24,16.06769,19.485477,21.371471,21.614601,22.255444,21.005367,20.398512,20.887466
2019-09-25,16.258373,16.06769,19.485477,21.371471,21.614601,22.255444,21.005367,20.398512
2019-09-26,15.459808,16.258373,16.06769,19.485477,21.371471,21.614601,22.255444,21.005367
2019-09-27,15.790263,15.459808,16.258373,16.06769,19.485477,21.371471,21.614601,22.255444
2019-09-30,15.862675,15.790263,15.459808,16.258373,16.06769,19.485477,21.371471,21.614601
2019-10-01,15.903211,15.862675,15.790263,15.459808,16.258373,16.06769,19.485477,21.371471
2019-10-02,15.950048,15.903211,15.862675,15.790263,15.459808,16.258373,16.06769,19.485477
2019-10-03,15.72676,15.950048,15.903211,15.862675,15.790263,15.459808,16.258373,16.06769
2019-10-04,15.755114,15.72676,15.950048,15.903211,15.862675,15.790263,15.459808,16.258373
2019-10-07,16.134346,15.755114,15.72676,15.950048,15.903211,15.862675,15.790263,15.459808
2019-10-08,16.108192,16.134346,15.755114,15.72676,15.950048,15.903211,15.862675,15.790263
2019-10-09,17.80658,16.108192,16.134346,15.755114,15.72676,15.950048,15.903211,15.862675
2019-10-10,17.571154,17.80658,16.108192,16.134346,15.755114,15.72676,15.950048,15.903211
2019-10-11,16.709532,17.571154,17.80658,16.108192,16.134346,15.755114,15.72676,15.950048
2019-10-14,18.459478,16.709532,17.571154,17.80658,16.108192,16.134346,15.755114,15.72676
2019-10-15,18.544653,18.459478,16.709532,17.571154,17.80658,16.108192,16.134346,15.755114
2019-10-16,17.84005,18.544653,18.459478,16.709532,17.571154,17.80658,16.108192,16.134346
2019-10-17,18.570269,17.84005,18.544653,18.459478,16.709532,17.571154,17.80658,16.108192
2019-10-18,18.254192,18.570269,17.84005,18.544653,18.459478,16.709532,17.571154,17.80658
2019-10-21,18.30555,18.254192,18.570269,17.84005,18.544653,18.459478,16.709532,17.571154
2019-10-22,18.195602,18.30555,18.254192,18.570269,17.84005,18.544653,18.459478,16.709532
2019-10-23,16.711174,18.195602,18.30555,18.254192,18.570269,17.84005,18.544653,18.459478
2019-10-24,16.891573,16.711174,18.195602,18.30555,18.254192,18.570269,17.84005,18.544653
2019-10-25,18.616058,16.891573,16.711174,18.195602,18.30555,18.254192,18.570269,17.84005
2019-10-28,19.75832,18.616058,16.891573,16.711174,18.195602,18.30555,18.254192,18.570269
2019-10-29,20.477106,19.75832,18.616058,16.891573,16.711174,18.195602,18.30555,18.254192
2019-10-30,20.08695,20.477106,19.75832,18.616058,16.891573,16.711174,18.195602,18.30555
2019-10-31,20.000233,20.08695,20.477106,19.75832,18.616058,16.891573,16.711174,18.195602
2019-11-01,20.021502,20.000233,20.08695,20.477106,19.75832,18.616058,16.891573,16.711174
2019-11-04,20.737982,20.021502,20.000233,20.08695,20.477106,19.75832,18.616058,16.891573
2019-11-05,20.724674,20.737982,20.021502,20.000233,20.08695,20.477106,19.75832,18.616058
2019-11-06,20.817923,20.724674,20.737982,20.021502,20.000233,20.08695,20.477106,19.75832
2019-11-07,20.646936,20.817923,20.724674,20.737982,20.021502,20.000233,20.08695,20.477106
2019-11-08,19.690773,20.646936,20.817923,20.724674,20.737982,20.021502,20.000233,20.08695
2019-11-11,20.133141,19.690773,20.646936,20.817923,20.724674,20.737982,20.021502,20.000233
2019-11-12,20.857447,20.133141,19.690773,20.646936,20.817923,20.724674,20.737982,20.021502
2019-11-13,21.250431,20.857447,20.133141,19.690773,20.646936,20.817923,20.724674,20.737982
2019-11-14,21.2647,21.250431,20.857447,20.133141,19.690773,20.646936,20.817923,20.724674
2019-11-15,20.316225,21.2647,21.250431,20.857447,20.133141,19.690773,20.646936,20.817923
2019-11-18,19.31687,20.316225,21.2647,21.250431,20.857447,20.133141,19.690773,20.646936
2019-11-19,18.703299,19.31687,20.316225,21.2647,21.250431,20.857447,20.133141,19.690773
2019-11-20,18.172274,18.703299,19.31687,20.316225,21.2647,21.250431,20.857447,20.133141
2019-11-21,16.840218,18.172274,18.703299,19.31687,20.316225,21.2647,21.250431,20.857447
2019-11-22,15.581703,16.840218,18.172274,18.703299,19.31687,20.316225,21.2647,21.250431
2019-11-25,15.267364,15.581703,16.840218,18.172274,18.703299,19.31687,20.316225,21.2647
2019-11-26,15.527255,15.267364,15.581703,16.840218,18.172274,18.703299,19.31687,20.316225
2019-11-27,16.098288,15.527255,15.267364,15.581703,16.840218,18.172274,18.703299,19.31687
2019-11-29,16.273304,16.098288,15.527255,15.267364,15.581703,16.840218,18.172274,18.703299
2019-12-02,15.191858,16.273304,16.098288,15.527255,15.267364,15.581703,16.840218,18.172274
2019-12-03,15.309556,15.191858,16.273304,16.098288,15.527255,15.267364,15.581703,16.840218
2019-12-04,15.279978,15.309556,15.191858,16.273304,16.098288,15.527255,15.267364,15.581703
2019-12-05,15.762839,15.279978,15.309556,15.191858,16.273304,16.098288,15.527255,15.267364
2019-12-06,15.711299,15.762839,15.279978,15.309556,15.191858,16.273304,16.098288,15.527255
2019-12-09,15.448539,15.711299,15.762839,15.279978,15.309556,15.191858,16.273304,16.098288
2019-12-10,14.95887,15.448539,15.711299,15.762839,15.279978,15.309556,15.191858,16.273304
2019-12-11,14.824551,14.95887,15.448539,15.711299,15.762839,15.279978,15.309556,15.191858
2019-12-12,14.818167,14.824551,14.95887,15.448539,15.711299,15.762839,15.279978,15.309556
2019-12-13,14.878744,14.818167,14.824551,14.95887,15.448539,15.711299,15.762839,15.279978
2019-12-16,13.558786,14.878744,14.818167,14.824551,14.95887,15.448539,15.711299,15.762839
2019-12-17,12.386941,13.558786,14.878744,14.818167,14.824551,14.95887,15.448539,15.711299
2019-12-18,13.53526,12.386941,13.558786,14.878744,14.818167,14.824551,14.95887,15.448539
2019-12-19,13.445779,13.53526,12.386941,13.558786,14.878744,14.818167,14.824551,14.95887
2019-12-20,13.570779,13.445779,13.53526,12.386941,13.558786,14.878744,14.818167,14.824551
2019-12-23,13.369034,13.570779,13.445779,13.53526,12.386941,13.558786,14.878744,14.818167
2019-12-24,13.444571,13.369034,13.570779,13.445779,13.53526,12.386941,13.558786,14.878744
2019-12-26,13.208636,13.444571,13.369034,13.570779,13.445779,13.53526,12.386941,13.558786
2019-12-27,13.36272,13.208636,13.444571,13.369034,13.570779,13.445779,13.53526,12.386941
2019-12-30,13.947442,13.36272,13.208636,13.444571,13.369034,13.570779,13.445779,13.53526
2019-12-31,13.727642,13.947442,13.36272,13.208636,13.444571,13.369034,13.570779,13.445779
2020-01-02,13.027011,13.727642,13.947442,13.36272,13.208636,13.444571,13.369034,13.570779
2020-01-03,13.660452,13.027011,13.727642,13.947442,13.36272,13.208636,13.444571,13.369034
2020-01-06,14.957808,13.660452,13.027011,13.727642,13.947442,13.36272,13.208636,13.444571
2020-01-07,15.00925,14.957808,13.660452,13.027011,13.727642,13.947442,13.36272,13.208636
2020-01-08,14.602934,15.00925,14.957808,13.660452,13.027011,13.727642,13.947442,13.36272
2020-01-09,14.498314,14.602934,15.00925,14.957808,13.660452,13.027011,13.727642,13.947442
2020-01-10,15.025826,14.498314,14.602934,15.00925,14.957808,13.660452,13.027011,13.727642
2020-01-13,15.227272,15.025826,14.498314,14.602934,15.00925,14.957808,13.660452,13.027011
2020-01-14,16.626122,15.227272,15.025826,14.498314,14.602934,15.00925,14.957808,13.660452
2020-01-15,17.654812,16.626122,15.227272,15.025826,14.498314,14.602934,15.00925,14.957808
2020-01-16,17.076946,17.654812,16.626122,15.227272,15.025826,14.498314,14.602934,15.00925
2020-01-17,18.135199,17.076946,17.654812,16.626122,15.227272,15.025826,14.498314,14.602934
2020-01-21,18.127666,18.135199,17.076946,17.654812,16.626122,15.227272,15.025826,14.498314
2020-01-22,17.798361,18.127666,18.135199,17.076946,17.654812,16.626122,15.227272,15.025826
2020-01-23,17.021404,17.798361,18.127666,18.135199,17.076946,17.654812,16.626122,15.227272
2020-01-24,17.047409,17.021404,17.798361,18.127666,18.135199,17.076946,17.654812,16.626122
2020-01-27,17.691341,17.047409,17.021404,17.798361,18.127666,18.135199,17.076946,17.654812
2020-01-28,18.115135,17.691341,17.047409,17.021404,17.798361,18.127666,18.135199,17.076946
2020-01-29,17.912777,18.115135,17.691341,17.047409,17.021404,17.798361,18.127666,18.135199
2020-01-30,18.590408,17.912777,18.115135,17.691341,17.047409,17.021404,17.798361,18.127666
2020-01-31,18.210979,18.590408,17.912777,18.115135,17.691341,17.047409,17.021404,17.798361
2020-02-03,18.462755,18.210979,18.590408,17.912777,18.115135,17.691341,17.047409,17.021404
2020-02-04,18.177366,18.462755,18.210979,18.590408,17.912777,18.115135,17.691341,17.047409
2020-02-05,19.21505,18.177366,18.462755,18.210979,18.590408,17.912777,18.115135,17.691341
2020-02-06,20.595263,19.21505,18.177366,18.462755,18.210979,18.590408,17.912777,18.115135
2020-02-07,22.062258,20.595263,19.21505,18.177366,18.462755,18.210979,18.590408,17.912777
2020-02-10,25.218315,22.062258,20.595263,19.21505,18.177366,18.462755,18.210979,18.590408
2020-02-11,25.637403,25.218315,22.062258,20.595263,19.21505,18.177366,18.462755,18.210979
2020-02-12,26.466763,25.637403,25.218315,22.062258,20.595263,19.21505,18.177366,18.462755
2020-02-13,25.4401,26.466763,25.637403,25.218315,22.062258,20.595263,19.21505,18.177366
2020-02-14,26.296959,25.4401,26.466763,25.637403,25.218315,22.062258,20.595263,19.21505
2020-02-18,24.058178,26.296959,25.4401,26.466763,25.637403,25.218315,22.062258,20.595263
2020-02-19,22.333511,24.058178,26.296959,25.4401,26.466763,25.637403,25.218315,22.062258
2020-02-20,22.229147,22.333511,24.058178,26.296959,25.4401,26.466763,25.637403,25.218315
2020-02-21,22.184877,22.229147,22.333511,24.058178,26.296959,25.4401,26.466763,25.637403
2020-02-24,22.044127,22.184877,22.229147,22.333511,24.058178,26.296959,25.4401,26.466763
2020-02-25,20.34247,22.044127,22.184877,22.229147,22.333511,24.058178,26.296959,25.4401
2020-02-26,18.799131,20.34247,22.044127,22.184877,22.229147,22.333511,24.058178,26.296959
2020-02-27,19.122568,18.799131,20.34247,22.044127,22.184877,22.229147,22.333511,24.058178
2020-02-28,18.854837,19.122568,18.799131,20.34247,22.044127,22.184877,22.229147,22.333511
2020-03-02,19.814064,18.854837,19.122568,18.799131,20.34247,22.044127,22.184877,22.229147
2020-03-03,19.63719,19.814064,18.854837,19.122568,18.799131,20.34247,22.044127,22.184877
2020-03-04,19.959188,19.63719,19.814064,18.854837,19.122568,18.799131,20.34247,22.044127
2020-03-05,20.802031,19.959188,19.63719,19.814064,18.854837,19.122568,18.799131,20.34247
2020-03-06,21.288389,20.802031,19.959188,19.63719,19.814064,18.854837,19.122568,18.799131
2020-03-09,16.570744,21.288389,20.802031,19.959188,19.63719,19.814064,18.854837,19.122568
2020-03-10,16.875654,16.570744,21.288389,20.802031,19.959188,19.63719,19.814064,18.854837
2020-03-11,16.524834,16.875654,16.570744,21.288389,20.802031,19.959188,19.63719,19.814064
2020-03-12,9.600166,16.524834,16.875654,16.570744,21.288389,20.802031,19.959188,19.63719
2020-03-13,10.833057,9.600166,16.524834,16.875654,16.570744,21.288389,20.802031,19.959188
2020-03-16,9.38605,10.833057,9.600166,16.524834,16.875654,16.570744,21.288389,20.802031
2020-03-17,10.077175,9.38605,10.833057,9.600166,16.524834,16.875654,16.570744,21.288389
2020-03-18,10.119137,10.077175,9.38605,10.833057,9.600166,16.524834,16.875654,16.570744
2020-03-19,12.27964,10.119137,10.077175,9.38605,10.833057,9.600166,16.524834,16.875654
2020-03-20,11.875867,12.27964,10.119137,10.077175,9.38605,10.833057,9.600166,16.524834
2020-03-23,12.117715,11.875867,12.27964,10.119137,10.077175,9.38605,10.833057,9.600166
2020-03-24,12.40122,12.117715,11.875867,12.27964,10.119137,10.077175,9.38605,10.833057
2020-03-25,12.3243,12.40122,12.117715,11.875867,12.27964,10.119137,10.077175,9.38605
2020-03-26,13.217611,12.3243,12.40122,12.117715,11.875867,12.27964,10.119137,10.077175
2020-03-27,12.523257,13.217611,12.3243,12.40122,12.117715,11.875867,12.27964,10.119137
2020-03-30,12.286843,12.523257,13.217611,12.3243,12.40122,12.117715,11.875867,12.27964
2020-03-31,12.581606,12.286843,12.523257,13.217611,12.3243,12.40122,12.117715,11.875867
2020-04-01,12.741603,12.581606,12.286843,12.523257,13.217611,12.3243,12.40122,12.117715
2020-04-02,13.066639,12.741603,12.581606,12.286843,12.523257,13.217611,12.3243,12.40122
2020-04-03,13.373008,13.066639,12.741603,12.581606,12.286843,12.523257,13.217611,12.3243
2020-04-06,15.084521,13.373008,13.066639,12.741603,12.581606,12.286843,12.523257,13.217611
2020-04-07,14.681547,15.084521,13.373008,13.066639,12.741603,12.581606,12.286843,12.523257
2020-04-08,15.056076,14.681547,15.084521,13.373008,13.066639,12.741603,12.581606,12.286843
2020-04-09,15.062604,15.056076,14.681547,15.084521,13.373008,13.066639,12.741603,12.581606
2020-04-13,15.034427,15.062604,15.056076,14.681547,15.084521,13.373008,13.066639,12.741603
2020-04-14,15.525076,15.034427,15.062604,15.056076,14.681547,15.084521,13.373008,13.066639
2020-04-15,14.593927,15.525076,15.034427,15.062604,15.056076,14.681547,15.084521,13.373008
2020-04-16,15.70273,14.593927,15.525076,15.034427,15.062604,15.056076,14.681547,15.084521
2020-04-20,15.085403,15.70273,14.593927,15.525076,15.034427,15.062604,15.056076,14.681547
2020-04-21,15.205772,15.085403,15.70273,14.593927,15.525076,15.034427,15.062604,15.056076
2020-04-22,15.69316,15.205772,15.085403,15.70273,14.593927,15.525076,15.034427,15.062604
2020-04-23,16.006208,15.69316,15.205772,15.085403,15.70273,14.593927,15.525076,15.034427
2020-04-24,16.016418,16.006208,15.69316,15.205772,15.085403,15.70273,14.593927,15.525076
2020-04-27,16.463215,16.016418,16.006208,15.69316,15.205772,15.085403,15.70273,14.593927
2020-04-28,16.444286,16.463215,16.016418,16.006208,15.69316,15.205772,15.085403,15.70273
2020-04-29,17.493774,16.444286,16.463215,16.016418,16.006208,15.69316,15.205772,15.085403
2020-04-30,17.033976,17.493774,16.444286,16.463215,16.016418,16.006208,15.69316,15.205772
2020-05-01,17.564993,17.033976,17.493774,16.444286,16.463215,16.016418,16.006208,15.69316
2020-05-04,17.100756,17.564993,17.033976,17.493774,16.444286,16.463215,16.016418,16.006208
2020-05-05,16.919775,17.100756,17.564993,17.033976,17.493774,16.444286,16.463215,16.016418
2020-05-06,16.657045,16.919775,17.100756,17.564993,17.033976,17.493774,16.444286,16.463215
2020-05-07,17.013199,16.657045,16.919775,17.100756,17.564993,17.033976,17.493774,16.444286
2020-05-08,17.241476,17.013199,16.657045,16.919775,17.100756,17.564993,17.033976,17.493774
2020-05-11,15.097545,17.241476,17.013199,16.657045,16.919775,17.100756,17.564993,17.033976
2020-05-12,15.741054,15.097545,17.241476,17.013199,16.657045,16.919775,17.100756,17.564993
2020-05-13,16.138878,15.741054,15.097545,17.241476,17.013199,16.657045,16.919775,17.100756
2020-05-14,16.3578,16.138878,15.741054,15.097545,17.241476,17.013199,16.657045,16.919775
2020-05-15,15.754374,16.3578,16.138878,15.741054,15.097545,17.241476,17.013199,16.657045
2020-05-18,16.636265,15.754374,16.3578,16.138878,15.741054,15.097545,17.241476,17.013199
2020-05-19,17.154663,16.636265,15.754374,16.3578,16.138878,15.741054,15.097545,17.241476
2020-05-20,16.888025,17.154663,16.636265,15.754374,16.3578,16.138878,15.741054,15.097545
2020-05-21,16.122381,16.888025,17.154663,16.636265,15.754374,16.3578,16.138878,15.741054
2020-05-22,16.639593,16.122381,16.888025,17.154663,16.636265,15.754374,16.3578,16.138878
2020-05-26,16.212547,16.639593,16.122381,16.888025,17.154663,16.636265,15.754374,16.3578
2020-05-27,16.493284,16.212547,16.639593,16.122381,16.888025,17.154663,16.636265,15.754374
2020-05-28,17.05934,16.493284,16.212547,16.639593,16.122381,16.888025,17.154663,16.636265
2020-05-29,17.04163,17.05934,16.493284,16.212547,16.639593,16.122381,16.888025,17.154663
2020-06-01,17.914942,17.04163,17.05934,16.493284,16.212547,16.639593,16.122381,16.888025
2020-06-02,17.239304,17.914942,17.04163,17.05934,16.493284,16.212547,16.639593,16.122381
2020-06-03,17.545404,17.239304,17.914942,17.04163,17.05934,16.493284,16.212547,16.639593
2020-06-04,17.565874,17.545404,17.239304,17.914942,17.04163,17.05934,16.493284,16.212547
2020-06-05,17.688786,17.565874,17.545404,17.239304,17.914942,17.04163,17.05934,16.493284
2020-06-08,17.39303,17.688786,17.565874,17.545404,17.239304,17.914942,17.04163,17.05934
2020-06-09,17.435377,17.39303,17.688786,17.565874,17.545404,17.239304,17.914942,17.04163
2020-06-10,17.410467,17.435377,17.39303,17.688786,17.565874,17.545404,17.239304,17.914942
2020-06-11,16.308926,17.410467,17.435377,17.39303,17.688786,17.565874,17.545404,17.239304
2020-06-12,16.66914,16.308926,17.410467,17.435377,17.39303,17.688786,17.565874,17.545404
2020-06-15,16.384802,16.66914,16.308926,17.410467,17.435377,17.39303,17.688786,17.565874
2020-06-16,16.421957,16.384802,16.66914,16.308926,17.410467,17.435377,17.39303,17.688786
2020-06-17,16.402542,16.421957,16.384802,16.66914,16.308926,17.410467,17.435377,17.39303
2020-06-18,16.20859,16.402542,16.421957,16.384802,16.66914,16.308926,17.410467,17.435377
2020-06-19,15.907086,16.20859,16.402542,16.421957,16.384802,16.66914,16.308926,17.410467
2020-06-22,16.475288,15.907086,16.20859,16.402542,16.421957,16.384802,16.66914,16.308926
2020-06-23,16.422567,16.475288,15.907086,16.20859,16.402542,16.421957,16.384802,16.66914
2020-06-24,16.026758,16.422567,16.475288,15.907086,16.20859,16.402542,16.421957,16.384802
2020-06-25,15.922709,16.026758,16.422567,16.475288,15.907086,16.20859,16.402542,16.421957
2020-06-26,15.749224,15.922709,16.026758,16.422567,16.475288,15.907086,16.20859,16.402542
2020-06-29,15.505232,15.749224,15.922709,16.026758,16.422567,16.475288,15.907086,16.20859
2020-06-30,15.413582,15.505232,15.749224,15.922709,16.026758,16.422567,16.475288,15.907086
2020-07-01,15.82946,15.413582,15.505232,15.749224,15.922709,16.026758,16.422567,16.475288
2020-07-02,15.53849,15.82946,15.413582,15.505232,15.749224,15.922709,16.026758,16.422567
2020-07-07,16.770226,15.53849,15.82946,15.413582,15.505232,15.749224,15.922709,16.026758
2020-07-08,17.227657,16.770226,15.53849,15.82946,15.413582,15.505232,15.749224,15.922709
2020-07-09,16.884869,17.227657,16.770226,15.53849,15.82946,15.413582,15.505232,15.749224
2020-07-10,17.261251,16.884869,17.227657,16.770226,15.53849,15.82946,15.413582,15.505232
2020-07-13,18.409563,17.261251,16.884869,17.227657,16.770226,15.53849,15.82946,15.413582
2020-07-14,18.082909,18.409563,17.261251,16.884869,17.227657,16.770226,15.53849,15.82946
2020-07-15,17.591215,18.082909,18.409563,17.261251,16.884869,17.227657,16.770226,15.53849
2020-07-16,17.143843,17.591215,18.082909,18.409563,17.261251,16.884869,17.227657,16.770226
2020-07-17,17.084974,17.143843,17.591215,18.082909,18.409563,17.261251,16.884869,17.227657
2020-07-20,17.484709,17.084974,17.143843,17.591215,18.082909,18.409563,17.261251,16.884869
2020-07-21,17.715408,17.484709,17.084974,17.143843,17.591215,18.082909,18.409563,17.261251
2020-07-22,18.091908,17.715408,17.484709,17.084974,17.143843,17.591215,18.082909,18.409563
2020-07-23,18.673296,18.091908,17.715408,17.484709,17.084974,17.143843,17.591215,18.082909
2020-07-24,19.152901,18.673296,18.091908,17.715408,17.484709,17.084974,17.143843,17.591215
2020-07-27,19.620329,19.152901,18.673296,18.091908,17.715408,17.484709,17.084974,17.143843
2020-07-28,20.173548,19.620329,19.152901,18.673296,18.091908,17.715408,17.484709,17.084974
2020-07-29,19.89559,20.173548,19.620329,19.152901,18.673296,18.091908,17.715408,17.484709
2020-07-30,20.012735,19.89559,20.173548,19.620329,19.152901,18.673296,18.091908,17.715408
2020-07-31,20.668146,20.012735,19.89559,20.173548,19.620329,19.152901,18.673296,18.091908
2020-08-03,22.055012,20.668146,20.012735,19.89559,20.173548,19.620329,19.152901,18.673296
2020-08-04,22.282585,22.055012,20.668146,20.012735,19.89559,20.173548,19.620329,19.152901
2020-08-05,23.336218,22.282585,22.055012,20.668146,20.012735,19.89559,20.173548,19.620329
2020-08-06,22.707661,23.336218,22.282585,22.055012,20.668146,20.012735,19.89559,20.173548
2020-08-07,22.311546,22.707661,23.336218,22.282585,22.055012,20.668146,20.012735,19.89559
2020-08-10,22.613796,22.311546,22.707661,23.336218,22.282585,22.055012,20.668146,20.012735
2020-08-11,21.256945,22.613796,22.311546,22.707661,23.336218,22.282585,22.055012,20.668146
2020-08-12,21.75145,21.256945,22.613796,22.311546,22.707661,23.336218,22.282585,22.055012
2020-08-13,22.075544,21.75145,21.256945,22.613796,22.311546,22.707661,23.336218,22.282585
2020-08-14,23.069792,22.075544,21.75145,21.256945,22.613796,22.311546,22.707661,23.336218
2020-08-18,23.067181,23.069792,22.075544,21.75145,21.256945,22.613796,22.311546,22.707661
2020-08-19,22.310396,23.067181,23.069792,22.075544,21.75145,21.256945,22.613796,22.311546
2020-08-20,23.092575,22.310396,23.067181,23.069792,22.075544,21.75145,21.256945,22.613796
2020-08-21,22.128994,23.092575,22.310396,23.067181,23.069792,22.075544,21.75145,21.256945
2020-08-24,22.605852,22.128994,23.092575,22.310396,23.067181,23.069792,22.075544,21.75145
2020-08-25,21.475367,22.605852,22.128994,23.092575,22.310396,23.067181,23.069792,22.075544
2020-08-26,22.277306,21.475367,22.605852,22.128994,23.092575,22.310396,23.067181,23.069792
2020-08-27,23.080753,22.277306,21.475367,22.605852,22.128994,23.092575,22.310396,23.067181
2020-08-28,23.133812,23.080753,22.277306,21.475367,22.605852,22.128994,23.092575,22.310396
2020-08-31,23.19305,23.133812,23.080753,22.277306,21.475367,22.605852,22.128994,23.092575
2020-09-01,24.822096,23.19305,23.133812,23.080753,22.277306,21.475367,22.605852,22.128994
2020-09-02,24.690363,24.822096,23.19305,23.133812,23.080753,22.277306,21.475367,22.605852
2020-09-03,20.619886,24.690363,24.822096,23.19305,23.133812,23.080753,22.277306,21.475367
2020-09-04,21.056107,20.619886,24.690363,24.822096,23.19305,23.133812,23.080753,22.277306
2020-09-08,23.190248,21.056107,20.619886,24.690363,24.822096,23.19305,23.133812,23.080753
2020-09-09,24.530291,23.190248,21.056107,20.619886,24.690363,24.822096,23.19305,23.133812
2020-09-10,24.559889,24.530291,23.190248,21.056107,20.619886,24.690363,24.822096,23.19305
2020-09-11,25.451414,24.559889,24.530291,23.190248,21.056107,20.619886,24.690363,24.822096
2020-09-15,27.202391,25.451414,24.559889,24.530291,23.190248,21.056107,20.619886,24.690363
2020-09-16,27.964594,27.202391,25.451414,24.559889,24.530291,23.190248,21.056107,20.619886
2020-09-17,26.99313,27.964594,27.202391,25.451414,24.559889,24.530291,23.190248,21.056107
2020-09-18,27.399481,26.99313,27.964594,27.202391,25.451414,24.559889,24.530291,23.190248
2020-09-21,23.267879,27.399481,26.99313,27.964594,27.202391,25.451414,24.559889,24.530291
2020-09-22,24.10074,23.267879,27.399481,26.99313,27.964594,27.202391,25.451414,24.559889
2020-09-23,22.872679,24.10074,23.267879,27.399481,26.99313,27.964594,27.202391,25.451414
2020-09-24,24.622034,22.872679,24.10074,23.267879,27.399481,26.99313,27.964594,27.202391
2020-09-25,24.678379,24.622034,22.872679,24.10074,23.267879,27.399481,26.99313,27.964594
2020-09-28,26.984694,24.678379,24.622034,22.872679,24.10074,23.267879,27.399481,26.99313
2020-09-29,28.852825,26.984694,24.678379,24.622034,22.872679,24.10074,23.267879,27.399481
2020-09-30,29.330982,28.852825,26.984694,24.678379,24.622034,22.872679,24.10074,23.267879
2020-10-01,27.470755,29.330982,28.852825,26.984694,24.678379,24.622034,22.872679,24.10074
2020-10-02,27.32098,27.470755,29.330982,28.852825,26.984694,24.678379,24.622034,22.872679
2020-10-05,28.658798,27.32098,27.470755,29.330982,28.852825,26.984694,24.678379,24.622034
2020-10-06,27.767237,28.658798,27.32098,27.470755,29.330982,28.852825,26.984694,24.678379
2020-10-07,27.758896,27.767237,28.658798,27.32098,27.470755,29.330982,28.852825,26.984694
2020-10-08,27.749296,27.758896,27.767237,28.658798,27.32098,27.470755,29.330982,28.852825
2020-10-14,30.912119,27.749296,27.758896,27.767237,28.658798,27.32098,27.470755,29.330982
2020-10-15,31.295864,30.912119,27.749296,27.758896,27.767237,28.658798,27.32098,27.470755
2020-10-16,29.9949,31.295864,30.912119,27.749296,27.758896,27.767237,28.658798,27.32098
2020-10-20,28.803444,29.9949,31.295864,30.912119,27.749296,27.758896,27.767237,28.658798
2020-10-21,29.772354,28.803444,29.9949,31.295864,30.912119,27.749296,27.758896,27.767237
2020-10-22,30.658192,29.772354,28.803444,29.9949,31.295864,30.912119,27.749296,27.758896
2020-10-23,30.633961,30.658192,29.772354,28.803444,29.9949,31.295864,30.912119,27.749296
2020-10-26,31.15456,30.633961,30.658192,29.772354,28.803444,29.9949,31.295864,30.912119
2020-10-27,31.638721,31.15456,30.633961,30.658192,29.772354,28.803444,29.9949,31.295864
2020-10-28,30.363506,31.638721,31.15456,30.633961,30.658192,29.772354,28.803444,29.9949
2020-10-29,29.842478,30.363506,31.638721,31.15456,30.633961,30.658192,29.772354,28.803444
2020-10-30,28.508411,29.842478,30.363506,31.638721,31.15456,30.633961,30.658192,29.772354
2020-11-02,27.88393,28.508411,29.842478,30.363506,31.638721,31.15456,30.633961,30.658192
2020-11-03,26.85705,27.88393,28.508411,29.842478,30.363506,31.638721,31.15456,30.633961
2020-11-04,26.931515,26.85705,27.88393,28.508411,29.842478,30.363506,31.638721,31.15456
2020-11-05,27.675859,26.931515,26.85705,27.88393,28.508411,29.842478,30.363506,31.638721
2020-11-06,29.018,27.675859,26.931515,26.85705,27.88393,28.508411,29.842478,30.363506
2020-11-09,28.018021,29.018,27.675859,26.931515,26.85705,27.88393,28.508411,29.842478
2020-11-10,28.193342,28.018021,29.018,27.675859,26.931515,26.85705,27.88393,28.508411
2020-11-11,27.956179,28.193342,28.018021,29.018,27.675859,26.931515,26.85705,27.88393
2020-11-12,27.614807,27.956179,28.193342,28.018021,29.018,27.675859,26.931515,26.85705
2020-11-13,28.182173,27.614807,27.956179,28.193342,28.018021,29.018,27.675859,26.931515
2020-11-16,28.06411,28.182173,27.614807,27.956179,28.193342,28.018021,29.018,27.675859
2020-11-17,28.530581,28.06411,28.182173,27.614807,27.956179,28.193342,28.018021,29.018
2020-11-18,28.076162,28.530581,28.06411,28.182173,27.614807,27.956179,28.193342,28.018021
2020-11-19,28.094105,28.076162,28.530581,28.06411,28.182173,27.614807,27.956179,28.193342
2020-11-20,28.891996,28.094105,28.076162,28.530581,28.06411,28.182173,27.614807,27.956179
2020-11-23,30.965368,28.891996,28.094105,28.076162,28.530581,28.06411,28.182173,27.614807
2020-11-24,33.80315,30.965368,28.891996,28.094105,28.076162,28.530581,28.06411,28.182173
2020-11-25,31.34296,33.80315,30.965368,28.891996,28.094105,28.076162,28.530581,28.06411
2020-11-27,28.475187,31.34296,33.80315,30.965368,28.891996,28.094105,28.076162,28.530581
2020-11-30,31.392786,28.475187,31.34296,33.80315,30.965368,28.891996,28.094105,28.076162
2020-12-01,30.108303,31.392786,28.475187,31.34296,33.80315,30.965368,28.891996,28.094105
2020-12-02,30.297361,30.108303,31.392786,28.475187,31.34296,33.80315,30.965368,28.891996
2020-12-03,30.70443,30.297361,30.108303,31.392786,28.475187,31.34296,33.80315,30.965368
2020-12-04,29.072208,30.70443,30.297361,30.108303,31.392786,28.475187,31.34296,33.80315
2020-12-07,29.378136,29.072208,30.70443,30.297361,30.108303,31.392786,28.475187,31.34296
2020-12-08,27.636307,29.378136,29.072208,30.70443,30.297361,30.108303,31.392786,28.475187
2020-12-09,28.129305,27.636307,29.378136,29.072208,30.70443,30.297361,30.108303,31.392786
2020-12-10,27.69619,28.129305,27.636307,29.378136,29.072208,30.70443,30.297361,30.108303
2020-12-11,27.361004,27.69619,28.129305,27.636307,29.378136,29.072208,30.70443,30.297361
2020-12-14,30.029577,27.361004,27.69619,28.129305,27.636307,29.378136,29.072208,30.70443
2020-12-15,29.547283,30.029577,27.361004,27.69619,28.129305,27.636307,29.378136,29.072208
2020-12-16,30.490194,29.547283,30.029577,27.361004,27.69619,28.129305,27.636307,29.378136
2020-12-17,30.184134,30.490194,29.547283,30.029577,27.361004,27.69619,28.129305,27.636307
2020-12-18,30.93836,30.184134,30.490194,29.547283,30.029577,27.361004,27.69619,28.129305
2020-12-21,32.269527,30.93836,30.184134,30.490194,29.547283,30.029577,27.361004,27.69619
2020-12-22,33.482948,32.269527,30.93836,30.184134,30.490194,29.547283,30.029577,27.361004
2020-12-23,31.097898,33.482948,32.269527,30.93836,30.184134,30.490194,29.547283,30.029577
2020-12-24,32.500591,31.097898,33.482948,32.269527,30.93836,30.184134,30.490194,29.547283
2020-12-28,35.844559,32.500591,31.097898,33.482948,32.269527,30.93836,30.184134,30.490194
2020-12-29,38.952831,35.844559,32.500591,31.097898,33.482948,32.269527,30.93836,30.184134
2020-12-30,38.136299,38.952831,35.844559,32.500591,31.097898,33.482948,32.269527,30.93836
2020-12-31,37.376034,38.136299,38.952831,35.844559,32.500591,31.097898,33.482948,32.269527
2021-01-04,40.926353,37.376034,38.136299,38.952831,35.844559,32.500591,31.097898,33.482948
2021-01-05,41.7346,40.926353,37.376034,38.136299,38.952831,35.844559,32.500591,31.097898
2021-01-06,42.165955,41.7346,40.926353,37.376034,38.136299,38.952831,35.844559,32.500591
2021-01-07,43.44949,42.165955,41.7346,40.926353,37.376034,38.136299,38.952831,35.844559
2021-01-08,42.395317,43.44949,42.165955,41.7346,40.926353,37.376034,38.136299,38.952831
2021-01-12,38.11161,42.395317,43.44949,42.165955,41.7346,40.926353,37.376034,38.136299
2021-01-13,40.135933,38.11161,42.395317,43.44949,42.165955,41.7346,40.926353,37.376034
2021-01-14,41.793682,40.135933,38.11161,42.395317,43.44949,42.165955,41.7346,40.926353
2021-01-15,40.91898,41.793682,40.135933,38.11161,42.395317,43.44949,42.165955,41.7346
2021-01-19,42.785534,40.91898,41.793682,40.135933,38.11161,42.395317,43.44949,42.165955
2021-01-20,42.606899,42.785534,40.91898,41.793682,40.135933,38.11161,42.395317,43.44949
2021-01-21,38.64584,42.606899,42.785534,40.91898,41.793682,40.135933,38.11161,42.395317
2021-01-22,40.857571,38.64584,42.606899,42.785534,40.91898,41.793682,40.135933,38.11161
2021-01-25,41.623703,40.857571,38.64584,42.606899,42.785534,40.91898,41.793682,40.135933
2021-01-26,41.694736,41.623703,40.857571,38.64584,42.606899,42.785534,40.91898,41.793682
2021-01-27,40.994877,41.694736,41.623703,40.857571,38.64584,42.606899,42.785534,40.91898
2021-01-28,42.55307,40.994877,41.694736,41.623703,40.857571,38.64584,42.606899,42.785534
2021-01-29,42.852348,42.55307,40.994877,41.694736,41.623703,40.857571,38.64584,42.606899
2021-02-02,51.056404,42.852348,42.55307,40.994877,41.694736,41.623703,40.857571,38.64584
2021-02-03,52.242638,51.056404,42.852348,42.55307,40.994877,41.694736,41.623703,40.857571
2021-02-04,55.925125,52.242638,51.056404,42.852348,42.55307,40.994877,41.694736,41.623703
2021-02-05,67.845566,55.925125,52.242638,51.056404,42.852348,42.55307,40.994877,41.694736
2021-02-08,79.831543,67.845566,55.925125,52.242638,51.056404,42.852348,42.55307,40.994877
2021-02-09,107.899277,79.831543,67.845566,55.925125,52.242638,51.056404,42.852348,42.55307
2021-02-10,129.737152,107.899277,79.831543,67.845566,55.925125,52.242638,51.056404,42.852348
2021-02-11,124.434258,129.737152,107.899277,79.831543,67.845566,55.925125,52.242638,51.056404
2021-02-12,136.948395,124.434258,129.737152,107.899277,79.831543,67.845566,55.925125,52.242638
2021-02-16,130.056656,136.948395,124.434258,129.737152,107.899277,79.831543,67.845566,55.925125
2021-02-17,164.670105,130.056656,136.948395,124.434258,129.737152,107.899277,79.831543,67.845566
2021-02-18,195.932632,164.670105,130.056656,136.948395,124.434258,129.737152,107.899277,79.831543
2021-02-19,332.616028,195.932632,164.670105,130.056656,136.948395,124.434258,129.737152,107.899277
2021-02-23,230.994247,332.616028,195.932632,164.670105,130.056656,136.948395,124.434258,129.737152
2021-02-24,254.359131,230.994247,332.616028,195.932632,164.670105,130.056656,136.948395,124.434258
2021-02-25,233.885956,254.359131,230.994247,332.616028,195.932632,164.670105,130.056656,136.948395
2021-02-26,221.680435,233.885956,254.359131,230.994247,332.616028,195.932632,164.670105,130.056656
2021-03-01,254.629929,221.680435,233.885956,254.359131,230.994247,332.616028,195.932632,164.670105
2021-03-02,239.522537,254.629929,221.680435,233.885956,254.359131,230.994247,332.616028,195.932632
2021-03-03,241.09137,239.522537,254.629929,221.680435,233.885956,254.359131,230.994247,332.616028
2021-03-04,229.945068,241.09137,239.522537,254.629929,221.680435,233.885956,254.359131,230.994247
2021-03-05,226.372559,229.945068,241.09137,239.522537,254.629929,221.680435,233.885956,254.359131
2021-03-08,240.318665,226.372559,229.945068,241.09137,239.522537,254.629929,221.680435,233.885956
2021-03-09,293.463226,240.318665,226.372559,229.945068,241.09137,239.522537,254.629929,221.680435
2021-03-10,279.358032,293.463226,240.318665,226.372559,229.945068,241.09137,239.522537,254.629929
2021-03-11,289.790802,279.358032,293.463226,240.318665,226.372559,229.945068,241.09137,239.522537
2021-03-12,263.685822,289.790802,279.358032,293.463226,240.318665,226.372559,229.945068,241.09137
2021-03-15,254.660828,263.685822,289.790802,279.358032,293.463226,240.318665,226.372559,229.945068
2021-03-16,258.100677,254.660828,263.685822,289.790802,279.358032,293.463226,240.318665,226.372559
2021-03-17,269.854858,258.100677,254.660828,263.685822,289.790802,279.358032,293.463226,240.318665
2021-03-18,261.704803,269.854858,258.100677,254.660828,263.685822,289.790802,279.358032,293.463226
2021-03-19,264.057434,261.704803,269.854858,258.100677,254.660828,263.685822,289.790802,279.358032
2021-03-23,255.689667,264.057434,261.704803,269.854858,258.100677,254.660828,263.685822,289.790802
2021-03-24,249.851379,255.689667,264.057434,261.704803,269.854858,258.100677,254.660828,263.685822
2021-03-25,234.885437,249.851379,255.689667,264.057434,261.704803,269.854858,258.100677,254.660828
2021-03-26,255.104568,234.885437,249.851379,255.689667,264.057434,261.704803,269.854858,258.100677
2021-03-29,275.21463,255.104568,234.885437,249.851379,255.689667,264.057434,261.704803,269.854858
2021-03-30,311.426483,275.21463,255.104568,234.885437,249.851379,255.689667,264.057434,261.704803
2021-03-31,302.063446,311.426483,275.21463,255.104568,234.885437,249.851379,255.689667,264.057434
2021-04-01,335.212891,302.063446,311.426483,275.21463,255.104568,234.885437,249.851379,255.689667
2021-04-05,367.772491,335.212891,302.063446,311.426483,275.21463,255.104568,234.885437,249.851379
2021-04-06,403.590759,367.772491,335.212891,302.063446,311.426483,275.21463,255.104568,234.885437
2021-04-07,374.658813,403.590759,367.772491,335.212891,302.063446,311.426483,275.21463,255.104568
2021-04-08,418.038391,374.658813,403.590759,367.772491,335.212891,302.063446,311.426483,275.21463
2021-04-09,453.178467,418.038391,374.658813,403.590759,367.772491,335.212891,302.063446,311.426483
2021-04-12,598.722656,453.178467,418.038391,374.658813,403.590759,367.772491,335.212891,302.063446
2021-04-13,549.586548,598.722656,453.178467,418.038391,374.658813,403.590759,367.772491,335.212891
2021-04-14,549.591858,549.586548,598.722656,453.178467,418.038391,374.658813,403.590759,367.772491
2021-04-15,542.63208,549.591858,549.586548,598.722656,453.178467,418.038391,374.658813,403.590759
2021-04-16,510.220184,542.63208,549.591858,549.586548,598.722656,453.178467,418.038391,374.658813
2021-04-19,505.092926,510.220184,542.63208,549.591858,549.586548,598.722656,453.178467,418.038391
2021-04-20,587.029114,505.092926,510.220184,542.63208,549.591858,549.586548,598.722656,453.178467
2021-04-21,546.02356,587.029114,505.092926,510.220184,542.63208,549.591858,549.586548,598.722656
2021-04-22,506.013,546.02356,587.029114,505.092926,510.220184,542.63208,549.591858,549.586548
2021-04-23,526.565247,506.013,546.02356,587.029114,505.092926,510.220184,542.63208,549.591858
2021-04-27,568.47052,526.565247,506.013,546.02356,587.029114,505.092926,510.220184,542.63208
2021-04-28,562.632568,568.47052,526.565247,506.013,546.02356,587.029114,505.092926,510.220184
2021-04-29,599.706543,562.632568,568.47052,526.565247,506.013,546.02356,587.029114,505.092926
2021-04-30,624.080566,599.706543,562.632568,568.47052,526.565247,506.013,546.02356,587.029114
2021-05-03,675.684082,624.080566,599.706543,562.632568,568.47052,526.565247,506.013,546.02356
2021-05-04,611.200317,675.684082,624.080566,599.706543,562.632568,568.47052,526.565247,506.013
2021-05-05,651.66272,611.200317,675.684082,624.080566,599.706543,562.632568,568.47052,526.565247
2021-05-06,633.280396,651.66272,611.200317,675.684082,624.080566,599.706543,562.632568,568.47052
2021-05-07,624.563293,633.280396,651.66272,611.200317,675.684082,624.080566,599.706543,562.632568
2021-05-10,631.35199,624.563293,633.280396,651.66272,611.200317,675.684082,624.080566,599.706543
2021-05-11,672.333923,631.35199,624.563293,633.280396,651.66272,611.200317,675.684082,624.080566
2021-05-12,588.185181,672.333923,631.35199,624.563293,633.280396,651.66272,611.200317,675.684082
2021-05-13,571.434509,588.185181,672.333923,631.35199,624.563293,633.280396,651.66272,611.200317
2021-05-14,603.128296,571.434509,588.185181,672.333923,631.35199,624.563293,633.280396,651.66272
2021-05-18,508.022308,603.128296,571.434509,588.185181,672.333923,631.35199,624.563293,633.280396
2021-05-19,339.025482,508.022308,603.128296,571.434509,588.185181,672.333923,631.35199,624.563293
2021-05-20,393.612762,339.025482,508.022308,603.128296,571.434509,588.185181,672.333923,631.35199
2021-05-21,326.296326,393.612762,339.025482,508.022308,603.128296,571.434509,588.185181,672.333923
2021-05-25,344.113983,326.296326,393.612762,339.025482,508.022308,603.128296,571.434509,588.185181
2021-05-26,379.854309,344.113983,326.296326,393.612762,339.025482,508.022308,603.128296,571.434509
2021-05-27,367.655792,379.854309,344.113983,326.296326,393.612762,339.025482,508.022308,603.128296
2021-05-28,329.879913,367.655792,379.854309,344.113983,326.296326,393.612762,339.025482,508.022308
2021-06-01,362.794647,329.879913,367.655792,379.854309,344.113983,326.296326,393.612762,339.025482
2021-06-02,401.262329,362.794647,329.879913,367.655792,379.854309,344.113983,326.296326,393.612762
2021-06-03,427.807922,401.262329,362.794647,329.879913,367.655792,379.854309,344.113983,326.296326
2021-06-04,391.395325,427.807922,401.262329,362.794647,329.879913,367.655792,379.854309,344.113983
2021-06-07,357.310211,391.395325,427.807922,401.262329,362.794647,329.879913,367.655792,379.854309
2021-06-08,354.001373,357.310211,391.395325,427.807922,401.262329,362.794647,329.879913,367.655792
2021-06-09,375.73468,354.001373,357.310211,391.395325,427.807922,401.262329,362.794647,329.879913
2021-06-10,352.183197,375.73468,354.001373,357.310211,391.395325,427.807922,401.262329,362.794647
2021-06-11,345.933685,352.183197,375.73468,354.001373,357.310211,391.395325,427.807922,401.262329
2021-06-14,368.792755,345.933685,352.183197,375.73468,354.001373,357.310211,391.395325,427.807922
2021-06-15,373.566162,368.792755,345.933685,352.183197,375.73468,354.001373,357.310211,391.395325
2021-06-16,347.033447,373.566162,368.792755,345.933685,352.183197,375.73468,354.001373,357.310211
2021-06-17,352.738525,347.033447,373.566162,368.792755,345.933685,352.183197,375.73468,354.001373
2021-06-18,336.809692,352.738525,347.033447,373.566162,368.792755,345.933685,352.183197,375.73468
2021-06-22,261.818085,336.809692,352.738525,347.033447,373.566162,368.792755,345.933685,352.183197
2021-06-23,294.490295,261.818085,336.809692,352.738525,347.033447,373.566162,368.792755,345.933685
2021-06-24,308.397034,294.490295,261.818085,336.809692,352.738525,347.033447,373.566162,368.792755
2021-06-25,281.620911,308.397034,294.490295,261.818085,336.809692,352.738525,347.033447,373.566162
2021-06-28,289.534119,281.620911,308.397034,294.490295,261.818085,336.809692,352.738525,347.033447
2021-06-29,300.211548,289.534119,281.620911,308.397034,294.490295,261.818085,336.809692,352.738525
2021-06-30,303.295868,300.211548,289.534119,281.620911,308.397034,294.490295,261.818085,336.809692
2021-07-01,288.218414,303.295868,300.211548,289.534119,281.620911,308.397034,294.490295,261.818085
2021-07-02,287.423096,288.218414,303.295868,300.211548,289.534119,281.620911,308.397034,294.490295
2021-07-06,320.934814,287.423096,288.218414,303.295868,300.211548,289.534119,281.620911,308.397034
2021-07-07,327.522461,320.934814,287.423096,288.218414,303.295868,300.211548,289.534119,281.620911
2021-07-08,310.427124,327.522461,320.934814,287.423096,288.218414,303.295868,300.211548,289.534119
2021-07-09,316.484528,310.427124,327.522461,320.934814,287.423096,288.218414,303.295868,300.211548
2021-07-13,308.811157,316.484528,310.427124,327.522461,320.934814,287.423096,288.218414,303.295868
2021-07-14,309.406372,308.811157,316.484528,310.427124,327.522461,320.934814,287.423096,288.218414
2021-07-15,315.244019,309.406372,308.811157,316.484528,310.427124,327.522461,320.934814,287.423096
2021-07-16,302.985596,315.244019,309.406372,308.811157,316.484528,310.427124,327.522461,320.934814
2021-07-19,280.018616,302.985596,315.244019,309.406372,308.811157,316.484528,310.427124,327.522461
2021-07-20,264.782379,280.018616,302.985596,315.244019,309.406372,308.811157,316.484528,310.427124
2021-07-21,292.531372,264.782379,280.018616,302.985596,315.244019,309.406372,308.811157,316.484528
2021-07-22,293.641144,292.531372,264.782379,280.018616,302.985596,315.244019,309.406372,308.811157
2021-07-23,299.28299,293.641144,292.531372,264.782379,280.018616,302.985596,315.244019,309.406372
2021-07-26,304.478241,299.28299,293.641144,292.531372,264.782379,280.018616,302.985596,315.244019
2021-07-27,313.6026,304.478241,299.28299,293.641144,292.531372,264.782379,280.018616,302.985596
2021-07-28,313.42865,313.6026,304.478241,299.28299,293.641144,292.531372,264.782379,280.018616
2021-07-29,316.749451,313.42865,313.6026,304.478241,299.28299,293.641144,292.531372,264.782379
2021-07-30,322.909363,316.749451,313.42865,313.6026,304.478241,299.28299,293.641144,292.531372
2021-08-02,331.103119,322.909363,316.749451,313.42865,313.6026,304.478241,299.28299,293.641144
2021-08-03,322.747742,331.103119,322.909363,316.749451,313.42865,313.6026,304.478241,299.28299
2021-08-04,334.918793,322.747742,331.103119,322.909363,316.749451,313.42865,313.6026,304.478241
2021-08-05,337.873871,334.918793,322.747742,331.103119,322.909363,316.749451,313.42865,313.6026
2021-08-06,342.136993,337.873871,334.918793,322.747742,331.103119,322.909363,316.749451,313.42865
2021-08-09,354.966827,342.136993,337.873871,334.918793,322.747742,331.103119,322.909363,316.749451
2021-08-10,371.954376,354.966827,342.136993,337.873871,334.918793,322.747742,331.103119,322.909363
2021-08-11,391.75705,371.954376,354.966827,342.136993,337.873871,334.918793,322.747742,331.103119
2021-08-12,385.81897,391.75705,371.954376,354.966827,342.136993,337.873871,334.918793,322.747742
2021-08-13,410.944885,385.81897,391.75705,371.954376,354.966827,342.136993,337.873871,334.918793
2021-08-16,417.470856,410.944885,385.81897,391.75705,371.954376,354.966827,342.136993,337.873871
2021-08-17,401.908905,417.470856,410.944885,385.81897,391.75705,371.954376,354.966827,342.136993
2021-08-18,398.251465,401.908905,417.470856,410.944885,385.81897,391.75705,371.954376,354.966827
2021-08-19,430.988861,398.251465,401.908905,417.470856,410.944885,385.81897,391.75705,371.954376
2021-08-20,454.93631,430.988861,398.251465,401.908905,417.470856,410.944885,385.81897,391.75705
2021-08-23,499.890594,454.93631,430.988861,398.251465,401.908905,417.470856,410.944885,385.81897
2021-08-24,471.595459,499.890594,454.93631,430.988861,398.251465,401.908905,417.470856,410.944885
2021-08-25,502.786255,471.595459,499.890594,454.93631,430.988861,398.251465,401.908905,417.470856
2021-08-26,479.006104,502.786255,471.595459,499.890594,454.93631,430.988861,398.251465,401.908905
2021-08-27,494.498688,479.006104,502.786255,471.595459,499.890594,454.93631,430.988861,398.251465
2021-08-30,459.490753,494.498688,479.006104,502.786255,471.595459,499.890594,454.93631,430.988861
2021-08-31,464.418732,459.490753,494.498688,479.006104,502.786255,471.595459,499.890594,454.93631
2021-09-01,490.068726,464.418732,459.490753,494.498688,479.006104,502.786255,471.595459,499.890594
2021-09-02,483.921051,490.068726,464.418732,459.490753,494.498688,479.006104,502.786255,471.595459
2021-09-03,488.604706,483.921051,490.068726,464.418732,459.490753,494.498688,479.006104,502.786255
2021-09-07,417.508789,488.604706,483.921051,490.068726,464.418732,459.490753,494.498688,479.006104
2021-09-08,415.113159,417.508789,488.604706,483.921051,490.068726,464.418732,459.490753,494.498688
2021-09-09,421.27002,415.113159,417.508789,488.604706,483.921051,490.068726,464.418732,459.490753
2021-09-10,401.621796,421.27002,415.113159,417.508789,488.604706,483.921051,490.068726,464.418732
2021-09-13,399.063446,401.621796,421.27002,415.113159,417.508789,488.604706,483.921051,490.068726
2021-09-14,414.236237,399.063446,401.621796,421.27002,415.113159,417.508789,488.604706,483.921051
2021-09-15,431.423035,414.236237,399.063446,401.621796,421.27002,415.113159,417.508789,488.604706
